,Demand_Power,RE_Power
2013-01-01 02:00:00,39,0.0
2013-01-01 03:00:00,38,0.0
2013-01-01 04:00:00,38,0.0
2013-01-01 05:00:00,39,0.0
2013-01-01 06:00:00,39,0.0
2013-01-01 07:00:00,43,0.03
2013-01-01 08:00:00,100,0.16
2013-01-01 09:00:00,124,0.35
2013-01-01 10:00:00,106,0.5
2013-01-01 11:00:00,85,0.48
2013-01-01 12:00:00,80,0.53
2013-01-01 13:00:00,78,0.27
2013-01-01 14:00:00,75,0.13
2013-01-01 15:00:00,75,0.05
2013-01-01 16:00:00,74,0.01
2013-01-01 17:00:00,79,0.0
2013-01-01 18:00:00,85,0.0
2013-01-01 19:00:00,102,0.0
2013-01-01 20:00:00,117,0.0
2013-01-01 21:00:00,121,0.0
2013-01-01 22:00:00,85,0.0
2013-01-01 23:00:00,56,0.0
2013-01-02 00:00:00,38,0.0
2013-01-02 01:00:00,39,0.0
2013-01-02 02:00:00,38,0.0
2013-01-02 03:00:00,39,0.0
2013-01-02 04:00:00,39,0.0
2013-01-02 05:00:00,38,0.0
2013-01-02 06:00:00,39,0.0
2013-01-02 07:00:00,43,0.03
2013-01-02 08:00:00,113,0.2
2013-01-02 09:00:00,122,0.32
2013-01-02 10:00:00,112,0.52
2013-01-02 11:00:00,83,0.47
2013-01-02 12:00:00,78,0.51
2013-01-02 13:00:00,78,0.34
2013-01-02 14:00:00,74,0.17
2013-01-02 15:00:00,89,0.08
2013-01-02 16:00:00,107,0.01
2013-01-02 17:00:00,114,0.0
2013-01-02 18:00:00,112,0.0
2013-01-02 19:00:00,112,0.0
2013-01-02 20:00:00,110,0.0
2013-01-02 21:00:00,116,0.0
2013-01-02 22:00:00,112,0.0
2013-01-02 23:00:00,88,0.0
2013-01-03 00:00:00,62,0.0
2013-01-03 01:00:00,38,0.0
2013-01-03 02:00:00,39,0.0
2013-01-03 03:00:00,39,0.0
2013-01-03 04:00:00,39,0.0
2013-01-03 05:00:00,39,0.0
2013-01-03 06:00:00,39,0.0
2013-01-03 07:00:00,43,0.07
2013-01-03 08:00:00,108,0.26
2013-01-03 09:00:00,122,0.34
2013-01-03 10:00:00,121,0.52
2013-01-03 11:00:00,93,0.52
2013-01-03 12:00:00,87,0.34
2013-01-03 13:00:00,85,0.35
2013-01-03 14:00:00,87,0.17
2013-01-03 15:00:00,94,0.06
2013-01-03 16:00:00,120,0.01
2013-01-03 17:00:00,123,0.0
2013-01-03 18:00:00,122,0.0
2013-01-03 19:00:00,119,0.0
2013-01-03 20:00:00,121,0.0
2013-01-03 21:00:00,122,0.0
2013-01-03 22:00:00,118,0.0
2013-01-03 23:00:00,76,0.0
2013-01-04 00:00:00,65,0.0
2013-01-04 01:00:00,39,0.0
2013-01-04 02:00:00,39,0.0
2013-01-04 03:00:00,39,0.0
2013-01-04 04:00:00,39,0.0
2013-01-04 05:00:00,39,0.0
2013-01-04 06:00:00,39,0.0
2013-01-04 07:00:00,43,0.05
2013-01-04 08:00:00,124,0.19
2013-01-04 09:00:00,126,0.29
2013-01-04 10:00:00,125,0.38
2013-01-04 11:00:00,116,0.33
2013-01-04 12:00:00,93,0.38
2013-01-04 13:00:00,91,0.23
2013-01-04 14:00:00,88,0.11
2013-01-04 15:00:00,86,0.05
2013-01-04 16:00:00,109,0.01
2013-01-04 17:00:00,126,0.0
2013-01-04 18:00:00,123,0.0
2013-01-04 19:00:00,122,0.0
2013-01-04 20:00:00,125,0.0
2013-01-04 21:00:00,120,0.0
2013-01-04 22:00:00,121,0.0
2013-01-04 23:00:00,79,0.0
2013-01-05 00:00:00,58,0.0
2013-01-05 01:00:00,39,0.0
2013-01-05 02:00:00,39,0.0
2013-01-05 03:00:00,39,0.0
2013-01-05 04:00:00,39,0.0
2013-01-05 05:00:00,39,0.0
2013-01-05 06:00:00,39,0.0
2013-01-05 07:00:00,49,0.04
2013-01-05 08:00:00,127,0.14
2013-01-05 09:00:00,127,0.3
2013-01-05 10:00:00,125,0.27
2013-01-05 11:00:00,100,0.35
2013-01-05 12:00:00,87,0.39
2013-01-05 13:00:00,87,0.21
2013-01-05 14:00:00,79,0.1
2013-01-05 15:00:00,80,0.05
2013-01-05 16:00:00,82,0.01
2013-01-05 17:00:00,98,0.0
2013-01-05 18:00:00,124,0.0
2013-01-05 19:00:00,122,0.0
2013-01-05 20:00:00,122,0.0
2013-01-05 21:00:00,123,0.0
2013-01-05 22:00:00,124,0.0
2013-01-05 23:00:00,83,0.0
2013-01-06 00:00:00,56,0.0
2013-01-06 01:00:00,39,0.0
2013-01-06 02:00:00,39,0.0
2013-01-06 03:00:00,39,0.0
2013-01-06 04:00:00,39,0.0
2013-01-06 05:00:00,39,0.0
2013-01-06 06:00:00,39,0.0
2013-01-06 07:00:00,43,0.02
2013-01-06 08:00:00,122,0.03
2013-01-06 09:00:00,124,0.07
2013-01-06 10:00:00,120,0.24
2013-01-06 11:00:00,88,0.07
2013-01-06 12:00:00,83,0.24
2013-01-06 13:00:00,78,0.23
2013-01-06 14:00:00,79,0.14
2013-01-06 15:00:00,79,0.04
2013-01-06 16:00:00,81,0.01
2013-01-06 17:00:00,86,0.0
2013-01-06 18:00:00,93,0.0
2013-01-06 19:00:00,122,0.0
2013-01-06 20:00:00,119,0.0
2013-01-06 21:00:00,120,0.0
2013-01-06 22:00:00,123,0.0
2013-01-06 23:00:00,98,0.0
2013-01-07 00:00:00,69,0.0
2013-01-07 01:00:00,43,0.0
2013-01-07 02:00:00,40,0.0
2013-01-07 03:00:00,40,0.0
2013-01-07 04:00:00,40,0.0
2013-01-07 05:00:00,40,0.0
2013-01-07 06:00:00,40,0.0
2013-01-07 07:00:00,44,0.03
2013-01-07 08:00:00,110,0.1
2013-01-07 09:00:00,126,0.14
2013-01-07 10:00:00,110,0.22
2013-01-07 11:00:00,89,0.23
2013-01-07 12:00:00,85,0.18
2013-01-07 13:00:00,81,0.16
2013-01-07 14:00:00,79,0.1
2013-01-07 15:00:00,78,0.04
2013-01-07 16:00:00,81,0.01
2013-01-07 17:00:00,88,0.0
2013-01-07 18:00:00,90,0.0
2013-01-07 19:00:00,87,0.0
2013-01-07 20:00:00,113,0.0
2013-01-07 21:00:00,119,0.0
2013-01-07 22:00:00,121,0.0
2013-01-07 23:00:00,85,0.0
2013-01-08 00:00:00,56,0.0
2013-01-08 01:00:00,39,0.0
2013-01-08 02:00:00,38,0.0
2013-01-08 03:00:00,39,0.0
2013-01-08 04:00:00,39,0.0
2013-01-08 05:00:00,39,0.0
2013-01-08 06:00:00,38,0.0
2013-01-08 07:00:00,43,0.06
2013-01-08 08:00:00,104,0.25
2013-01-08 09:00:00,126,0.43
2013-01-08 10:00:00,118,0.54
2013-01-08 11:00:00,87,0.59
2013-01-08 12:00:00,84,0.56
2013-01-08 13:00:00,78,0.48
2013-01-08 14:00:00,76,0.28
2013-01-08 15:00:00,77,0.1
2013-01-08 16:00:00,78,0.01
2013-01-08 17:00:00,86,0.0
2013-01-08 18:00:00,89,0.0
2013-01-08 19:00:00,88,0.0
2013-01-08 20:00:00,118,0.0
2013-01-08 21:00:00,121,0.0
2013-01-08 22:00:00,122,0.0
2013-01-08 23:00:00,91,0.0
2013-01-09 00:00:00,62,0.0
2013-01-09 01:00:00,39,0.0
2013-01-09 02:00:00,39,0.0
2013-01-09 03:00:00,39,0.0
2013-01-09 04:00:00,39,0.0
2013-01-09 05:00:00,39,0.0
2013-01-09 06:00:00,39,0.0
2013-01-09 07:00:00,43,0.03
2013-01-09 08:00:00,111,0.09
2013-01-09 09:00:00,126,0.2
2013-01-09 10:00:00,127,0.29
2013-01-09 11:00:00,124,0.43
2013-01-09 12:00:00,123,0.3
2013-01-09 13:00:00,121,0.24
2013-01-09 14:00:00,121,0.12
2013-01-09 15:00:00,120,0.04
2013-01-09 16:00:00,118,0.01
2013-01-09 17:00:00,124,0.0
2013-01-09 18:00:00,123,0.0
2013-01-09 19:00:00,124,0.0
2013-01-09 20:00:00,126,0.0
2013-01-09 21:00:00,115,0.0
2013-01-09 22:00:00,118,0.0
2013-01-09 23:00:00,84,0.0
2013-01-10 00:00:00,63,0.0
2013-01-10 01:00:00,39,0.0
2013-01-10 02:00:00,39,0.0
2013-01-10 03:00:00,39,0.0
2013-01-10 04:00:00,39,0.0
2013-01-10 05:00:00,39,0.0
2013-01-10 06:00:00,39,0.0
2013-01-10 07:00:00,43,0.05
2013-01-10 08:00:00,114,0.16
2013-01-10 09:00:00,128,0.38
2013-01-10 10:00:00,125,0.41
2013-01-10 11:00:00,102,0.5
2013-01-10 12:00:00,89,0.39
2013-01-10 13:00:00,89,0.3
2013-01-10 14:00:00,86,0.16
2013-01-10 15:00:00,87,0.06
2013-01-10 16:00:00,88,0.01
2013-01-10 17:00:00,106,0.0
2013-01-10 18:00:00,126,0.0
2013-01-10 19:00:00,124,0.0
2013-01-10 20:00:00,124,0.0
2013-01-10 21:00:00,125,0.0
2013-01-10 22:00:00,122,0.0
2013-01-10 23:00:00,100,0.0
2013-01-11 00:00:00,63,0.0
2013-01-11 01:00:00,39,0.0
2013-01-11 02:00:00,39,0.0
2013-01-11 03:00:00,39,0.0
2013-01-11 04:00:00,40,0.0
2013-01-11 05:00:00,39,0.0
2013-01-11 06:00:00,39,0.0
2013-01-11 07:00:00,43,0.07
2013-01-11 08:00:00,110,0.25
2013-01-11 09:00:00,127,0.44
2013-01-11 10:00:00,127,0.54
2013-01-11 11:00:00,94,0.58
2013-01-11 12:00:00,88,0.57
2013-01-11 13:00:00,88,0.46
2013-01-11 14:00:00,89,0.24
2013-01-11 15:00:00,83,0.08
2013-01-11 16:00:00,88,0.01
2013-01-11 17:00:00,104,0.0
2013-01-11 18:00:00,126,0.0
2013-01-11 19:00:00,121,0.0
2013-01-11 20:00:00,123,0.0
2013-01-11 21:00:00,124,0.0
2013-01-11 22:00:00,122,0.0
2013-01-11 23:00:00,79,0.0
2013-01-12 00:00:00,59,0.0
2013-01-12 01:00:00,39,0.0
2013-01-12 02:00:00,39,0.0
2013-01-12 03:00:00,39,0.0
2013-01-12 04:00:00,38,0.0
2013-01-12 05:00:00,38,0.0
2013-01-12 06:00:00,39,0.0
2013-01-12 07:00:00,42,0.03
2013-01-12 08:00:00,115,0.08
2013-01-12 09:00:00,126,0.13
2013-01-12 10:00:00,122,0.12
2013-01-12 11:00:00,93,0.14
2013-01-12 12:00:00,87,0.12
2013-01-12 13:00:00,82,0.12
2013-01-12 14:00:00,78,0.09
2013-01-12 15:00:00,74,0.04
2013-01-12 16:00:00,73,0.01
2013-01-12 17:00:00,81,0.0
2013-01-12 18:00:00,86,0.0
2013-01-12 19:00:00,90,0.0
2013-01-12 20:00:00,119,0.0
2013-01-12 21:00:00,119,0.0
2013-01-12 22:00:00,119,0.0
2013-01-12 23:00:00,91,0.0
2013-01-13 00:00:00,57,0.0
2013-01-13 01:00:00,38,0.0
2013-01-13 02:00:00,39,0.0
2013-01-13 03:00:00,38,0.0
2013-01-13 04:00:00,39,0.0
2013-01-13 05:00:00,38,0.0
2013-01-13 06:00:00,38,0.0
2013-01-13 07:00:00,42,0.07
2013-01-13 08:00:00,120,0.17
2013-01-13 09:00:00,115,0.19
2013-01-13 10:00:00,90,0.23
2013-01-13 11:00:00,75,0.3
2013-01-13 12:00:00,70,0.39
2013-01-13 13:00:00,69,0.21
2013-01-13 14:00:00,70,0.2
2013-01-13 15:00:00,71,0.07
2013-01-13 16:00:00,68,0.01
2013-01-13 17:00:00,73,0.0
2013-01-13 18:00:00,75,0.0
2013-01-13 19:00:00,76,0.0
2013-01-13 20:00:00,78,0.0
2013-01-13 21:00:00,79,0.0
2013-01-13 22:00:00,96,0.0
2013-01-13 23:00:00,88,0.0
2013-01-14 00:00:00,57,0.0
2013-01-14 01:00:00,40,0.0
2013-01-14 02:00:00,41,0.0
2013-01-14 03:00:00,42,0.0
2013-01-14 04:00:00,41,0.0
2013-01-14 05:00:00,39,0.0
2013-01-14 06:00:00,39,0.0
2013-01-14 07:00:00,43,0.08
2013-01-14 08:00:00,118,0.26
2013-01-14 09:00:00,117,0.44
2013-01-14 10:00:00,115,0.56
2013-01-14 11:00:00,120,0.6
2013-01-14 12:00:00,114,0.58
2013-01-14 13:00:00,116,0.5
2013-01-14 14:00:00,114,0.33
2013-01-14 15:00:00,114,0.09
2013-01-14 16:00:00,112,0.01
2013-01-14 17:00:00,118,0.0
2013-01-14 18:00:00,119,0.0
2013-01-14 19:00:00,118,0.0
2013-01-14 20:00:00,118,0.0
2013-01-14 21:00:00,119,0.0
2013-01-14 22:00:00,116,0.0
2013-01-14 23:00:00,79,0.0
2013-01-15 00:00:00,62,0.0
2013-01-15 01:00:00,39,0.0
2013-01-15 02:00:00,39,0.0
2013-01-15 03:00:00,39,0.0
2013-01-15 04:00:00,39,0.0
2013-01-15 05:00:00,39,0.0
2013-01-15 06:00:00,39,0.0
2013-01-15 07:00:00,42,0.03
2013-01-15 08:00:00,109,0.14
2013-01-15 09:00:00,121,0.24
2013-01-15 10:00:00,126,0.17
2013-01-15 11:00:00,121,0.22
2013-01-15 12:00:00,117,0.26
2013-01-15 13:00:00,118,0.18
2013-01-15 14:00:00,114,0.1
2013-01-15 15:00:00,114,0.06
2013-01-15 16:00:00,81,0.01
2013-01-15 17:00:00,119,0.0
2013-01-15 18:00:00,123,0.0
2013-01-15 19:00:00,122,0.0
2013-01-15 20:00:00,121,0.0
2013-01-15 21:00:00,123,0.0
2013-01-15 22:00:00,123,0.0
2013-01-15 23:00:00,85,0.0
2013-01-16 00:00:00,58,0.0
2013-01-16 01:00:00,39,0.0
2013-01-16 02:00:00,39,0.0
2013-01-16 03:00:00,39,0.0
2013-01-16 04:00:00,38,0.0
2013-01-16 05:00:00,38,0.0
2013-01-16 06:00:00,39,0.0
2013-01-16 07:00:00,42,0.09
2013-01-16 08:00:00,109,0.18
2013-01-16 09:00:00,127,0.32
2013-01-16 10:00:00,127,0.28
2013-01-16 11:00:00,121,0.41
2013-01-16 12:00:00,115,0.42
2013-01-16 13:00:00,98,0.25
2013-01-16 14:00:00,83,0.18
2013-01-16 15:00:00,82,0.05
2013-01-16 16:00:00,82,0.02
2013-01-16 17:00:00,115,0.0
2013-01-16 18:00:00,123,0.0
2013-01-16 19:00:00,122,0.0
2013-01-16 20:00:00,121,0.0
2013-01-16 21:00:00,123,0.0
2013-01-16 22:00:00,123,0.0
2013-01-16 23:00:00,99,0.0
2013-01-17 00:00:00,60,0.0
2013-01-17 01:00:00,38,0.0
2013-01-17 02:00:00,39,0.0
2013-01-17 03:00:00,39,0.0
2013-01-17 04:00:00,39,0.0
2013-01-17 05:00:00,39,0.0
2013-01-17 06:00:00,38,0.0
2013-01-17 07:00:00,43,0.03
2013-01-17 08:00:00,119,0.11
2013-01-17 09:00:00,125,0.2
2013-01-17 10:00:00,119,0.32
2013-01-17 11:00:00,90,0.23
2013-01-17 12:00:00,87,0.21
2013-01-17 13:00:00,86,0.16
2013-01-17 14:00:00,82,0.11
2013-01-17 15:00:00,79,0.04
2013-01-17 16:00:00,79,0.02
2013-01-17 17:00:00,93,0.0
2013-01-17 18:00:00,118,0.0
2013-01-17 19:00:00,120,0.0
2013-01-17 20:00:00,123,0.0
2013-01-17 21:00:00,121,0.0
2013-01-17 22:00:00,120,0.0
2013-01-17 23:00:00,86,0.0
2013-01-18 00:00:00,59,0.0
2013-01-18 01:00:00,39,0.0
2013-01-18 02:00:00,39,0.0
2013-01-18 03:00:00,38,0.0
2013-01-18 04:00:00,39,0.0
2013-01-18 05:00:00,38,0.0
2013-01-18 06:00:00,39,0.0
2013-01-18 07:00:00,44,0.04
2013-01-18 08:00:00,127,0.14
2013-01-18 09:00:00,127,0.21
2013-01-18 10:00:00,127,0.17
2013-01-18 11:00:00,99,0.21
2013-01-18 12:00:00,91,0.25
2013-01-18 13:00:00,88,0.17
2013-01-18 14:00:00,88,0.13
2013-01-18 15:00:00,86,0.1
2013-01-18 16:00:00,88,0.02
2013-01-18 17:00:00,98,0.0
2013-01-18 18:00:00,123,0.0
2013-01-18 19:00:00,122,0.0
2013-01-18 20:00:00,124,0.0
2013-01-18 21:00:00,124,0.0
2013-01-18 22:00:00,126,0.0
2013-01-18 23:00:00,86,0.0
2013-01-19 00:00:00,60,0.0
2013-01-19 01:00:00,39,0.0
2013-01-19 02:00:00,38,0.0
2013-01-19 03:00:00,39,0.0
2013-01-19 04:00:00,39,0.0
2013-01-19 05:00:00,39,0.0
2013-01-19 06:00:00,39,0.0
2013-01-19 07:00:00,42,0.02
2013-01-19 08:00:00,122,0.08
2013-01-19 09:00:00,122,0.12
2013-01-19 10:00:00,112,0.2
2013-01-19 11:00:00,88,0.24
2013-01-19 12:00:00,84,0.14
2013-01-19 13:00:00,83,0.13
2013-01-19 14:00:00,77,0.11
2013-01-19 15:00:00,79,0.06
2013-01-19 16:00:00,80,0.02
2013-01-19 17:00:00,87,0.0
2013-01-19 18:00:00,89,0.0
2013-01-19 19:00:00,105,0.0
2013-01-19 20:00:00,119,0.0
2013-01-19 21:00:00,123,0.0
2013-01-19 22:00:00,119,0.0
2013-01-19 23:00:00,96,0.0
2013-01-20 00:00:00,56,0.0
2013-01-20 01:00:00,38,0.0
2013-01-20 02:00:00,38,0.0
2013-01-20 03:00:00,39,0.0
2013-01-20 04:00:00,39,0.0
2013-01-20 05:00:00,39,0.0
2013-01-20 06:00:00,39,0.0
2013-01-20 07:00:00,43,0.03
2013-01-20 08:00:00,122,0.09
2013-01-20 09:00:00,121,0.13
2013-01-20 10:00:00,92,0.24
2013-01-20 11:00:00,83,0.17
2013-01-20 12:00:00,77,0.21
2013-01-20 13:00:00,76,0.25
2013-01-20 14:00:00,74,0.17
2013-01-20 15:00:00,76,0.05
2013-01-20 16:00:00,76,0.03
2013-01-20 17:00:00,83,0.0
2013-01-20 18:00:00,85,0.0
2013-01-20 19:00:00,84,0.0
2013-01-20 20:00:00,84,0.0
2013-01-20 21:00:00,93,0.0
2013-01-20 22:00:00,120,0.0
2013-01-20 23:00:00,89,0.0
2013-01-21 00:00:00,59,0.0
2013-01-21 01:00:00,40,0.0
2013-01-21 02:00:00,39,0.0
2013-01-21 03:00:00,39,0.0
2013-01-21 04:00:00,39,0.0
2013-01-21 05:00:00,39,0.0
2013-01-21 06:00:00,38,0.0
2013-01-21 07:00:00,43,0.08
2013-01-21 08:00:00,91,0.23
2013-01-21 09:00:00,126,0.4
2013-01-21 10:00:00,100,0.55
2013-01-21 11:00:00,87,0.61
2013-01-21 12:00:00,79,0.6
2013-01-21 13:00:00,80,0.36
2013-01-21 14:00:00,78,0.2
2013-01-21 15:00:00,77,0.08
2013-01-21 16:00:00,77,0.04
2013-01-21 17:00:00,86,0.0
2013-01-21 18:00:00,83,0.0
2013-01-21 19:00:00,84,0.0
2013-01-21 20:00:00,86,0.0
2013-01-21 21:00:00,87,0.0
2013-01-21 22:00:00,88,0.0
2013-01-21 23:00:00,89,0.0
2013-01-22 00:00:00,55,0.0
2013-01-22 01:00:00,39,0.0
2013-01-22 02:00:00,39,0.0
2013-01-22 03:00:00,39,0.0
2013-01-22 04:00:00,39,0.0
2013-01-22 05:00:00,38,0.0
2013-01-22 06:00:00,39,0.0
2013-01-22 07:00:00,43,0.03
2013-01-22 08:00:00,111,0.1
2013-01-22 09:00:00,121,0.17
2013-01-22 10:00:00,123,0.28
2013-01-22 11:00:00,119,0.25
2013-01-22 12:00:00,117,0.29
2013-01-22 13:00:00,115,0.31
2013-01-22 14:00:00,115,0.19
2013-01-22 15:00:00,117,0.08
2013-01-22 16:00:00,114,0.04
2013-01-22 17:00:00,118,0.0
2013-01-22 18:00:00,120,0.0
2013-01-22 19:00:00,119,0.0
2013-01-22 20:00:00,116,0.0
2013-01-22 21:00:00,117,0.0
2013-01-22 22:00:00,116,0.0
2013-01-22 23:00:00,98,0.0
2013-01-23 00:00:00,78,0.0
2013-01-23 01:00:00,59,0.0
2013-01-23 02:00:00,40,0.0
2013-01-23 03:00:00,41,0.0
2013-01-23 04:00:00,40,0.0
2013-01-23 05:00:00,40,0.0
2013-01-23 06:00:00,41,0.0
2013-01-23 07:00:00,45,0.03
2013-01-23 08:00:00,120,0.14
2013-01-23 09:00:00,124,0.31
2013-01-23 10:00:00,97,0.28
2013-01-23 11:00:00,86,0.32
2013-01-23 12:00:00,83,0.3
2013-01-23 13:00:00,78,0.27
2013-01-23 14:00:00,76,0.15
2013-01-23 15:00:00,78,0.06
2013-01-23 16:00:00,79,0.04
2013-01-23 17:00:00,84,0.0
2013-01-23 18:00:00,86,0.0
2013-01-23 19:00:00,87,0.0
2013-01-23 20:00:00,84,0.0
2013-01-23 21:00:00,86,0.0
2013-01-23 22:00:00,86,0.0
2013-01-23 23:00:00,46,0.0
2013-01-24 00:00:00,24,0.0
2013-01-24 01:00:00,24,0.0
2013-01-24 02:00:00,39,0.0
2013-01-24 03:00:00,39,0.0
2013-01-24 04:00:00,39,0.0
2013-01-24 05:00:00,39,0.0
2013-01-24 06:00:00,38,0.0
2013-01-24 07:00:00,43,0.03
2013-01-24 08:00:00,120,0.13
2013-01-24 09:00:00,122,0.21
2013-01-24 10:00:00,121,0.18
2013-01-24 11:00:00,106,0.17
2013-01-24 12:00:00,82,0.19
2013-01-24 13:00:00,77,0.16
2013-01-24 14:00:00,74,0.13
2013-01-24 15:00:00,72,0.07
2013-01-24 16:00:00,70,0.01
2013-01-24 17:00:00,84,0.0
2013-01-24 18:00:00,80,0.0
2013-01-24 19:00:00,83,0.0
2013-01-24 20:00:00,85,0.0
2013-01-24 21:00:00,83,0.0
2013-01-24 22:00:00,115,0.0
2013-01-24 23:00:00,68,0.0
2013-01-25 00:00:00,42,0.0
2013-01-25 01:00:00,6,0.0
2013-01-25 02:00:00,37,0.0
2013-01-25 03:00:00,39,0.0
2013-01-25 04:00:00,39,0.0
2013-01-25 05:00:00,38,0.0
2013-01-25 06:00:00,39,0.0
2013-01-25 07:00:00,43,0.09
2013-01-25 08:00:00,116,0.24
2013-01-25 09:00:00,121,0.32
2013-01-25 10:00:00,118,0.4
2013-01-25 11:00:00,104,0.63
2013-01-25 12:00:00,107,0.61
2013-01-25 13:00:00,114,0.53
2013-01-25 14:00:00,95,0.39
2013-01-25 15:00:00,80,0.17
2013-01-25 16:00:00,80,0.04
2013-01-25 17:00:00,98,0.0
2013-01-25 18:00:00,122,0.0
2013-01-25 19:00:00,123,0.0
2013-01-25 20:00:00,122,0.0
2013-01-25 21:00:00,122,0.0
2013-01-25 22:00:00,121,0.0
2013-01-25 23:00:00,75,0.0
2013-01-26 00:00:00,55,0.0
2013-01-26 01:00:00,39,0.0
2013-01-26 02:00:00,38,0.0
2013-01-26 03:00:00,38,0.0
2013-01-26 04:00:00,38,0.0
2013-01-26 05:00:00,38,0.0
2013-01-26 06:00:00,38,0.0
2013-01-26 07:00:00,43,0.07
2013-01-26 08:00:00,118,0.27
2013-01-26 09:00:00,123,0.45
2013-01-26 10:00:00,123,0.4
2013-01-26 11:00:00,98,0.38
2013-01-26 12:00:00,90,0.29
2013-01-26 13:00:00,87,0.16
2013-01-26 14:00:00,85,0.08
2013-01-26 15:00:00,84,0.07
2013-01-26 16:00:00,89,0.02
2013-01-26 17:00:00,94,0.0
2013-01-26 18:00:00,109,0.0
2013-01-26 19:00:00,123,0.0
2013-01-26 20:00:00,123,0.0
2013-01-26 21:00:00,124,0.0
2013-01-26 22:00:00,122,0.0
2013-01-26 23:00:00,76,0.0
2013-01-27 00:00:00,54,0.0
2013-01-27 01:00:00,39,0.0
2013-01-27 02:00:00,38,0.0
2013-01-27 03:00:00,39,0.0
2013-01-27 04:00:00,39,0.0
2013-01-27 05:00:00,39,0.0
2013-01-27 06:00:00,39,0.0
2013-01-27 07:00:00,43,0.07
2013-01-27 08:00:00,125,0.21
2013-01-27 09:00:00,120,0.47
2013-01-27 10:00:00,122,0.52
2013-01-27 11:00:00,100,0.58
2013-01-27 12:00:00,82,0.44
2013-01-27 13:00:00,76,0.18
2013-01-27 14:00:00,76,0.17
2013-01-27 15:00:00,70,0.08
2013-01-27 16:00:00,76,0.02
2013-01-27 17:00:00,82,0.0
2013-01-27 18:00:00,82,0.0
2013-01-27 19:00:00,83,0.0
2013-01-27 20:00:00,84,0.0
2013-01-27 21:00:00,117,0.0
2013-01-27 22:00:00,119,0.0
2013-01-27 23:00:00,98,0.0
2013-01-28 00:00:00,70,0.0
2013-01-28 01:00:00,58,0.0
2013-01-28 02:00:00,38,0.0
2013-01-28 03:00:00,38,0.0
2013-01-28 04:00:00,39,0.0
2013-01-28 05:00:00,39,0.0
2013-01-28 06:00:00,39,0.0
2013-01-28 07:00:00,43,0.06
2013-01-28 08:00:00,104,0.2
2013-01-28 09:00:00,121,0.22
2013-01-28 10:00:00,97,0.15
2013-01-28 11:00:00,85,0.15
2013-01-28 12:00:00,81,0.16
2013-01-28 13:00:00,80,0.12
2013-01-28 14:00:00,78,0.22
2013-01-28 15:00:00,77,0.07
2013-01-28 16:00:00,78,0.05
2013-01-28 17:00:00,86,0.0
2013-01-28 18:00:00,86,0.0
2013-01-28 19:00:00,84,0.0
2013-01-28 20:00:00,87,0.0
2013-01-28 21:00:00,93,0.0
2013-01-28 22:00:00,120,0.0
2013-01-28 23:00:00,79,0.0
2013-01-29 00:00:00,60,0.0
2013-01-29 01:00:00,41,0.0
2013-01-29 02:00:00,41,0.0
2013-01-29 03:00:00,41,0.0
2013-01-29 04:00:00,42,0.0
2013-01-29 05:00:00,42,0.0
2013-01-29 06:00:00,42,0.0
2013-01-29 07:00:00,47,0.06
2013-01-29 08:00:00,118,0.28
2013-01-29 09:00:00,120,0.46
2013-01-29 10:00:00,91,0.59
2013-01-29 11:00:00,83,0.63
2013-01-29 12:00:00,79,0.55
2013-01-29 13:00:00,76,0.27
2013-01-29 14:00:00,75,0.31
2013-01-29 15:00:00,75,0.12
2013-01-29 16:00:00,73,0.04
2013-01-29 17:00:00,83,0.0
2013-01-29 18:00:00,84,0.0
2013-01-29 19:00:00,85,0.0
2013-01-29 20:00:00,86,0.0
2013-01-29 21:00:00,95,0.0
2013-01-29 22:00:00,116,0.0
2013-01-29 23:00:00,76,0.0
2013-01-30 00:00:00,64,0.0
2013-01-30 01:00:00,39,0.0
2013-01-30 02:00:00,39,0.0
2013-01-30 03:00:00,39,0.0
2013-01-30 04:00:00,38,0.0
2013-01-30 05:00:00,38,0.0
2013-01-30 06:00:00,39,0.0
2013-01-30 07:00:00,43,0.05
2013-01-30 08:00:00,120,0.17
2013-01-30 09:00:00,118,0.39
2013-01-30 10:00:00,86,0.44
2013-01-30 11:00:00,81,0.38
2013-01-30 12:00:00,77,0.57
2013-01-30 13:00:00,73,0.49
2013-01-30 14:00:00,76,0.19
2013-01-30 15:00:00,73,0.09
2013-01-30 16:00:00,73,0.04
2013-01-30 17:00:00,82,0.0
2013-01-30 18:00:00,82,0.0
2013-01-30 19:00:00,86,0.0
2013-01-30 20:00:00,86,0.0
2013-01-30 21:00:00,85,0.0
2013-01-30 22:00:00,113,0.0
2013-01-30 23:00:00,78,0.0
2013-01-31 00:00:00,59,0.0
2013-01-31 01:00:00,41,0.0
2013-01-31 02:00:00,42,0.0
2013-01-31 03:00:00,41,0.0
2013-01-31 04:00:00,39,0.0
2013-01-31 05:00:00,39,0.0
2013-01-31 06:00:00,39,0.0
2013-01-31 07:00:00,43,0.06
2013-01-31 08:00:00,120,0.25
2013-01-31 09:00:00,123,0.39
2013-01-31 10:00:00,90,0.33
2013-01-31 11:00:00,82,0.32
2013-01-31 12:00:00,76,0.25
2013-01-31 13:00:00,76,0.18
2013-01-31 14:00:00,73,0.15
2013-01-31 15:00:00,72,0.09
2013-01-31 16:00:00,70,0.02
2013-01-31 17:00:00,84,0.0
2013-01-31 18:00:00,82,0.0
2013-01-31 19:00:00,81,0.0
2013-01-31 20:00:00,83,0.0
2013-01-31 21:00:00,83,0.0
2013-01-31 22:00:00,86,0.0
2013-01-31 23:00:00,67,0.0
2013-02-01 00:00:00,57,0.0
2013-02-01 01:00:00,40,0.0
2013-02-01 02:00:00,40,0.0
2013-02-01 03:00:00,41,0.0
2013-02-01 04:00:00,41,0.0
2013-02-01 05:00:00,41,0.0
2013-02-01 06:00:00,41,0.0
2013-02-01 07:00:00,45,0.12
2013-02-01 08:00:00,118,0.31
2013-02-01 09:00:00,124,0.48
2013-02-01 10:00:00,86,0.61
2013-02-01 11:00:00,80,0.66
2013-02-01 12:00:00,71,0.66
2013-02-01 13:00:00,71,0.45
2013-02-01 14:00:00,69,0.15
2013-02-01 15:00:00,69,0.09
2013-02-01 16:00:00,70,0.03
2013-02-01 17:00:00,77,0.0
2013-02-01 18:00:00,80,0.0
2013-02-01 19:00:00,80,0.0
2013-02-01 20:00:00,83,0.0
2013-02-01 21:00:00,82,0.0
2013-02-01 22:00:00,83,0.0
2013-02-01 23:00:00,53,0.0
2013-02-02 00:00:00,23,0.0
2013-02-02 01:00:00,8,0.0
2013-02-02 02:00:00,8,0.0
2013-02-02 03:00:00,8,0.0
2013-02-02 04:00:00,19,0.0
2013-02-02 05:00:00,41,0.0
2013-02-02 06:00:00,41,0.01
2013-02-02 07:00:00,44,0.03
2013-02-02 08:00:00,77,0.1
2013-02-02 09:00:00,81,0.16
2013-02-02 10:00:00,79,0.25
2013-02-02 11:00:00,71,0.23
2013-02-02 12:00:00,67,0.22
2013-02-02 13:00:00,63,0.14
2013-02-02 14:00:00,60,0.07
2013-02-02 15:00:00,61,0.09
2013-02-02 16:00:00,60,0.01
2013-02-02 17:00:00,69,0.0
2013-02-02 18:00:00,72,0.0
2013-02-02 19:00:00,71,0.0
2013-02-02 20:00:00,72,0.0
2013-02-02 21:00:00,72,0.0
2013-02-02 22:00:00,76,0.0
2013-02-02 23:00:00,50,0.0
2013-02-03 00:00:00,36,0.0
2013-02-03 01:00:00,38,0.0
2013-02-03 02:00:00,38,0.0
2013-02-03 03:00:00,38,0.0
2013-02-03 04:00:00,38,0.0
2013-02-03 05:00:00,39,0.0
2013-02-03 06:00:00,39,0.01
2013-02-03 07:00:00,43,0.08
2013-02-03 08:00:00,119,0.29
2013-02-03 09:00:00,117,0.25
2013-02-03 10:00:00,93,0.28
2013-02-03 11:00:00,83,0.24
2013-02-03 12:00:00,80,0.24
2013-02-03 13:00:00,76,0.26
2013-02-03 14:00:00,79,0.23
2013-02-03 15:00:00,79,0.08
2013-02-03 16:00:00,78,0.02
2013-02-03 17:00:00,88,0.0
2013-02-03 18:00:00,96,0.0
2013-02-03 19:00:00,116,0.0
2013-02-03 20:00:00,117,0.0
2013-02-03 21:00:00,112,0.0
2013-02-03 22:00:00,117,0.0
2013-02-03 23:00:00,83,0.0
2013-02-04 00:00:00,58,0.0
2013-02-04 01:00:00,39,0.0
2013-02-04 02:00:00,39,0.0
2013-02-04 03:00:00,39,0.0
2013-02-04 04:00:00,39,0.0
2013-02-04 05:00:00,39,0.0
2013-02-04 06:00:00,39,0.01
2013-02-04 07:00:00,43,0.08
2013-02-04 08:00:00,111,0.23
2013-02-04 09:00:00,122,0.2
2013-02-04 10:00:00,117,0.27
2013-02-04 11:00:00,82,0.25
2013-02-04 12:00:00,80,0.49
2013-02-04 13:00:00,77,0.21
2013-02-04 14:00:00,73,0.16
2013-02-04 15:00:00,75,0.1
2013-02-04 16:00:00,74,0.03
2013-02-04 17:00:00,86,0.0
2013-02-04 18:00:00,114,0.0
2013-02-04 19:00:00,91,0.0
2013-02-04 20:00:00,115,0.0
2013-02-04 21:00:00,115,0.0
2013-02-04 22:00:00,113,0.0
2013-02-04 23:00:00,78,0.0
2013-02-05 00:00:00,65,0.0
2013-02-05 01:00:00,39,0.0
2013-02-05 02:00:00,38,0.0
2013-02-05 03:00:00,38,0.0
2013-02-05 04:00:00,39,0.0
2013-02-05 05:00:00,39,0.0
2013-02-05 06:00:00,38,0.01
2013-02-05 07:00:00,43,0.04
2013-02-05 08:00:00,121,0.11
2013-02-05 09:00:00,122,0.16
2013-02-05 10:00:00,98,0.21
2013-02-05 11:00:00,85,0.28
2013-02-05 12:00:00,81,0.29
2013-02-05 13:00:00,77,0.32
2013-02-05 14:00:00,76,0.24
2013-02-05 15:00:00,73,0.1
2013-02-05 16:00:00,73,0.03
2013-02-05 17:00:00,82,0.0
2013-02-05 18:00:00,84,0.0
2013-02-05 19:00:00,87,0.0
2013-02-05 20:00:00,86,0.0
2013-02-05 21:00:00,83,0.0
2013-02-05 22:00:00,85,0.0
2013-02-05 23:00:00,55,0.0
2013-02-06 00:00:00,51,0.0
2013-02-06 01:00:00,39,0.0
2013-02-06 02:00:00,39,0.0
2013-02-06 03:00:00,39,0.0
2013-02-06 04:00:00,38,0.0
2013-02-06 05:00:00,39,0.0
2013-02-06 06:00:00,38,0.01
2013-02-06 07:00:00,43,0.12
2013-02-06 08:00:00,121,0.28
2013-02-06 09:00:00,119,0.44
2013-02-06 10:00:00,119,0.52
2013-02-06 11:00:00,109,0.38
2013-02-06 12:00:00,107,0.31
2013-02-06 13:00:00,116,0.33
2013-02-06 14:00:00,114,0.19
2013-02-06 15:00:00,115,0.11
2013-02-06 16:00:00,113,0.03
2013-02-06 17:00:00,120,0.0
2013-02-06 18:00:00,112,0.0
2013-02-06 19:00:00,109,0.0
2013-02-06 20:00:00,86,0.0
2013-02-06 21:00:00,85,0.0
2013-02-06 22:00:00,84,0.0
2013-02-06 23:00:00,61,0.0
2013-02-07 00:00:00,56,0.0
2013-02-07 01:00:00,39,0.0
2013-02-07 02:00:00,39,0.0
2013-02-07 03:00:00,38,0.0
2013-02-07 04:00:00,39,0.0
2013-02-07 05:00:00,39,0.0
2013-02-07 06:00:00,38,0.01
2013-02-07 07:00:00,43,0.06
2013-02-07 08:00:00,117,0.15
2013-02-07 09:00:00,123,0.24
2013-02-07 10:00:00,122,0.43
2013-02-07 11:00:00,118,0.66
2013-02-07 12:00:00,117,0.58
2013-02-07 13:00:00,116,0.53
2013-02-07 14:00:00,116,0.31
2013-02-07 15:00:00,104,0.14
2013-02-07 16:00:00,75,0.03
2013-02-07 17:00:00,95,0.0
2013-02-07 18:00:00,114,0.0
2013-02-07 19:00:00,117,0.0
2013-02-07 20:00:00,107,0.0
2013-02-07 21:00:00,115,0.0
2013-02-07 22:00:00,118,0.0
2013-02-07 23:00:00,87,0.0
2013-02-08 00:00:00,59,0.0
2013-02-08 01:00:00,39,0.0
2013-02-08 02:00:00,39,0.0
2013-02-08 03:00:00,38,0.0
2013-02-08 04:00:00,39,0.0
2013-02-08 05:00:00,39,0.0
2013-02-08 06:00:00,38,0.01
2013-02-08 07:00:00,43,0.05
2013-02-08 08:00:00,111,0.15
2013-02-08 09:00:00,123,0.26
2013-02-08 10:00:00,122,0.26
2013-02-08 11:00:00,117,0.24
2013-02-08 12:00:00,117,0.22
2013-02-08 13:00:00,118,0.18
2013-02-08 14:00:00,106,0.1
2013-02-08 15:00:00,82,0.1
2013-02-08 16:00:00,102,0.02
2013-02-08 17:00:00,120,0.0
2013-02-08 18:00:00,123,0.0
2013-02-08 19:00:00,123,0.0
2013-02-08 20:00:00,123,0.0
2013-02-08 21:00:00,123,0.0
2013-02-08 22:00:00,123,0.0
2013-02-08 23:00:00,79,0.0
2013-02-09 00:00:00,57,0.0
2013-02-09 01:00:00,39,0.0
2013-02-09 02:00:00,38,0.0
2013-02-09 03:00:00,38,0.0
2013-02-09 04:00:00,39,0.0
2013-02-09 05:00:00,39,0.0
2013-02-09 06:00:00,38,0.01
2013-02-09 07:00:00,44,0.04
2013-02-09 08:00:00,117,0.12
2013-02-09 09:00:00,115,0.21
2013-02-09 10:00:00,118,0.28
2013-02-09 11:00:00,115,0.23
2013-02-09 12:00:00,86,0.32
2013-02-09 13:00:00,85,0.23
2013-02-09 14:00:00,81,0.16
2013-02-09 15:00:00,81,0.09
2013-02-09 16:00:00,82,0.02
2013-02-09 17:00:00,90,0.0
2013-02-09 18:00:00,110,0.0
2013-02-09 19:00:00,118,0.0
2013-02-09 20:00:00,121,0.0
2013-02-09 21:00:00,116,0.0
2013-02-09 22:00:00,119,0.0
2013-02-09 23:00:00,80,0.0
2013-02-10 00:00:00,56,0.0
2013-02-10 01:00:00,39,0.0
2013-02-10 02:00:00,39,0.0
2013-02-10 03:00:00,39,0.0
2013-02-10 04:00:00,39,0.0
2013-02-10 05:00:00,39,0.0
2013-02-10 06:00:00,39,0.01
2013-02-10 07:00:00,43,0.08
2013-02-10 08:00:00,126,0.22
2013-02-10 09:00:00,123,0.32
2013-02-10 10:00:00,100,0.4
2013-02-10 11:00:00,87,0.52
2013-02-10 12:00:00,84,0.32
2013-02-10 13:00:00,79,0.31
2013-02-10 14:00:00,74,0.22
2013-02-10 15:00:00,74,0.11
2013-02-10 16:00:00,73,0.03
2013-02-10 17:00:00,81,0.0
2013-02-10 18:00:00,82,0.0
2013-02-10 19:00:00,93,0.0
2013-02-10 20:00:00,119,0.0
2013-02-10 21:00:00,119,0.0
2013-02-10 22:00:00,120,0.0
2013-02-10 23:00:00,76,0.0
2013-02-11 00:00:00,60,0.0
2013-02-11 01:00:00,41,0.0
2013-02-11 02:00:00,39,0.0
2013-02-11 03:00:00,38,0.0
2013-02-11 04:00:00,39,0.0
2013-02-11 05:00:00,39,0.0
2013-02-11 06:00:00,38,0.01
2013-02-11 07:00:00,43,0.1
2013-02-11 08:00:00,117,0.37
2013-02-11 09:00:00,122,0.51
2013-02-11 10:00:00,121,0.59
2013-02-11 11:00:00,87,0.72
2013-02-11 12:00:00,86,0.71
2013-02-11 13:00:00,80,0.64
2013-02-11 14:00:00,81,0.46
2013-02-11 15:00:00,79,0.28
2013-02-11 16:00:00,82,0.07
2013-02-11 17:00:00,85,0.0
2013-02-11 18:00:00,98,0.0
2013-02-11 19:00:00,120,0.0
2013-02-11 20:00:00,123,0.0
2013-02-11 21:00:00,119,0.0
2013-02-11 22:00:00,121,0.0
2013-02-11 23:00:00,81,0.0
2013-02-12 00:00:00,58,0.0
2013-02-12 01:00:00,39,0.0
2013-02-12 02:00:00,39,0.0
2013-02-12 03:00:00,39,0.0
2013-02-12 04:00:00,39,0.0
2013-02-12 05:00:00,39,0.0
2013-02-12 06:00:00,38,0.01
2013-02-12 07:00:00,44,0.09
2013-02-12 08:00:00,126,0.13
2013-02-12 09:00:00,124,0.32
2013-02-12 10:00:00,124,0.38
2013-02-12 11:00:00,92,0.7
2013-02-12 12:00:00,83,0.69
2013-02-12 13:00:00,81,0.61
2013-02-12 14:00:00,81,0.49
2013-02-12 15:00:00,78,0.29
2013-02-12 16:00:00,78,0.07
2013-02-12 17:00:00,84,0.0
2013-02-12 18:00:00,87,0.0
2013-02-12 19:00:00,87,0.0
2013-02-12 20:00:00,84,0.0
2013-02-12 21:00:00,86,0.0
2013-02-12 22:00:00,86,0.0
2013-02-12 23:00:00,46,0.0
2013-02-13 00:00:00,37,0.0
2013-02-13 01:00:00,39,0.0
2013-02-13 02:00:00,39,0.0
2013-02-13 03:00:00,39,0.0
2013-02-13 04:00:00,39,0.0
2013-02-13 05:00:00,40,0.0
2013-02-13 06:00:00,39,0.01
2013-02-13 07:00:00,54,0.06
2013-02-13 08:00:00,120,0.17
2013-02-13 09:00:00,121,0.27
2013-02-13 10:00:00,118,0.38
2013-02-13 11:00:00,114,0.57
2013-02-13 12:00:00,113,0.61
2013-02-13 13:00:00,108,0.41
2013-02-13 14:00:00,78,0.34
2013-02-13 15:00:00,102,0.11
2013-02-13 16:00:00,109,0.04
2013-02-13 17:00:00,89,0.0
2013-02-13 18:00:00,103,0.0
2013-02-13 19:00:00,117,0.0
2013-02-13 20:00:00,116,0.0
2013-02-13 21:00:00,118,0.0
2013-02-13 22:00:00,120,0.0
2013-02-13 23:00:00,76,0.0
2013-02-14 00:00:00,58,0.0
2013-02-14 01:00:00,40,0.0
2013-02-14 02:00:00,41,0.0
2013-02-14 03:00:00,38,0.0
2013-02-14 04:00:00,39,0.0
2013-02-14 05:00:00,39,0.0
2013-02-14 06:00:00,39,0.01
2013-02-14 07:00:00,43,0.1
2013-02-14 08:00:00,120,0.33
2013-02-14 09:00:00,124,0.29
2013-02-14 10:00:00,103,0.31
2013-02-14 11:00:00,84,0.37
2013-02-14 12:00:00,79,0.32
2013-02-14 13:00:00,75,0.26
2013-02-14 14:00:00,73,0.19
2013-02-14 15:00:00,74,0.12
2013-02-14 16:00:00,72,0.03
2013-02-14 17:00:00,77,0.0
2013-02-14 18:00:00,81,0.0
2013-02-14 19:00:00,82,0.0
2013-02-14 20:00:00,77,0.0
2013-02-14 21:00:00,80,0.0
2013-02-14 22:00:00,80,0.0
2013-02-14 23:00:00,46,0.0
2013-02-15 00:00:00,54,0.0
2013-02-15 01:00:00,39,0.0
2013-02-15 02:00:00,39,0.0
2013-02-15 03:00:00,39,0.0
2013-02-15 04:00:00,38,0.0
2013-02-15 05:00:00,39,0.0
2013-02-15 06:00:00,39,0.01
2013-02-15 07:00:00,43,0.07
2013-02-15 08:00:00,101,0.14
2013-02-15 09:00:00,120,0.17
2013-02-15 10:00:00,119,0.18
2013-02-15 11:00:00,116,0.16
2013-02-15 12:00:00,93,0.2
2013-02-15 13:00:00,80,0.23
2013-02-15 14:00:00,79,0.14
2013-02-15 15:00:00,76,0.09
2013-02-15 16:00:00,75,0.03
2013-02-15 17:00:00,79,0.0
2013-02-15 18:00:00,85,0.0
2013-02-15 19:00:00,83,0.0
2013-02-15 20:00:00,103,0.0
2013-02-15 21:00:00,116,0.0
2013-02-15 22:00:00,115,0.0
2013-02-15 23:00:00,89,0.0
2013-02-16 00:00:00,56,0.0
2013-02-16 01:00:00,39,0.0
2013-02-16 02:00:00,39,0.0
2013-02-16 03:00:00,38,0.0
2013-02-16 04:00:00,39,0.0
2013-02-16 05:00:00,39,0.0
2013-02-16 06:00:00,39,0.01
2013-02-16 07:00:00,43,0.1
2013-02-16 08:00:00,113,0.18
2013-02-16 09:00:00,119,0.24
2013-02-16 10:00:00,105,0.24
2013-02-16 11:00:00,93,0.25
2013-02-16 12:00:00,112,0.27
2013-02-16 13:00:00,82,0.23
2013-02-16 14:00:00,83,0.29
2013-02-16 15:00:00,80,0.2
2013-02-16 16:00:00,81,0.06
2013-02-16 17:00:00,87,0.0
2013-02-16 18:00:00,103,0.0
2013-02-16 19:00:00,121,0.0
2013-02-16 20:00:00,120,0.0
2013-02-16 21:00:00,123,0.0
2013-02-16 22:00:00,121,0.0
2013-02-16 23:00:00,79,0.0
2013-02-17 00:00:00,59,0.0
2013-02-17 01:00:00,39,0.0
2013-02-17 02:00:00,39,0.0
2013-02-17 03:00:00,39,0.0
2013-02-17 04:00:00,39,0.0
2013-02-17 05:00:00,39,0.0
2013-02-17 06:00:00,39,0.01
2013-02-17 07:00:00,44,0.07
2013-02-17 08:00:00,122,0.08
2013-02-17 09:00:00,123,0.35
2013-02-17 10:00:00,108,0.24
2013-02-17 11:00:00,86,0.41
2013-02-17 12:00:00,84,0.37
2013-02-17 13:00:00,81,0.34
2013-02-17 14:00:00,78,0.2
2013-02-17 15:00:00,77,0.12
2013-02-17 16:00:00,74,0.04
2013-02-17 17:00:00,80,0.0
2013-02-17 18:00:00,85,0.0
2013-02-17 19:00:00,83,0.0
2013-02-17 20:00:00,91,0.0
2013-02-17 21:00:00,118,0.0
2013-02-17 22:00:00,118,0.0
2013-02-17 23:00:00,77,0.0
2013-02-18 00:00:00,65,0.0
2013-02-18 01:00:00,41,0.0
2013-02-18 02:00:00,41,0.0
2013-02-18 03:00:00,40,0.0
2013-02-18 04:00:00,40,0.0
2013-02-18 05:00:00,39,0.0
2013-02-18 06:00:00,39,0.01
2013-02-18 07:00:00,44,0.11
2013-02-18 08:00:00,122,0.25
2013-02-18 09:00:00,125,0.32
2013-02-18 10:00:00,106,0.6
2013-02-18 11:00:00,86,0.4
2013-02-18 12:00:00,83,0.42
2013-02-18 13:00:00,78,0.32
2013-02-18 14:00:00,76,0.19
2013-02-18 15:00:00,74,0.17
2013-02-18 16:00:00,72,0.07
2013-02-18 17:00:00,77,0.0
2013-02-18 18:00:00,79,0.0
2013-02-18 19:00:00,80,0.0
2013-02-18 20:00:00,102,0.0
2013-02-18 21:00:00,89,0.0
2013-02-18 22:00:00,65,0.0
2013-02-18 23:00:00,78,0.0
2013-02-19 00:00:00,72,0.0
2013-02-19 01:00:00,72,0.0
2013-02-19 02:00:00,70,0.0
2013-02-19 03:00:00,70,0.0
2013-02-19 04:00:00,69,0.0
2013-02-19 05:00:00,68,0.0
2013-02-19 06:00:00,47,0.02
2013-02-19 07:00:00,43,0.09
2013-02-19 08:00:00,112,0.31
2013-02-19 09:00:00,113,0.55
2013-02-19 10:00:00,112,0.51
2013-02-19 11:00:00,109,0.72
2013-02-19 12:00:00,81,0.68
2013-02-19 13:00:00,75,0.62
2013-02-19 14:00:00,73,0.38
2013-02-19 15:00:00,75,0.23
2013-02-19 16:00:00,72,0.06
2013-02-19 17:00:00,83,0.01
2013-02-19 18:00:00,82,0.0
2013-02-19 19:00:00,83,0.0
2013-02-19 20:00:00,111,0.0
2013-02-19 21:00:00,116,0.0
2013-02-19 22:00:00,116,0.0
2013-02-19 23:00:00,77,0.0
2013-02-20 00:00:00,48,0.0
2013-02-20 01:00:00,41,0.0
2013-02-20 02:00:00,41,0.0
2013-02-20 03:00:00,40,0.0
2013-02-20 04:00:00,39,0.0
2013-02-20 05:00:00,39,0.0
2013-02-20 06:00:00,39,0.02
2013-02-20 07:00:00,44,0.08
2013-02-20 08:00:00,111,0.25
2013-02-20 09:00:00,125,0.49
2013-02-20 10:00:00,91,0.56
2013-02-20 11:00:00,89,0.45
2013-02-20 12:00:00,85,0.38
2013-02-20 13:00:00,83,0.35
2013-02-20 14:00:00,83,0.39
2013-02-20 15:00:00,84,0.12
2013-02-20 16:00:00,114,0.05
2013-02-20 17:00:00,110,0.01
2013-02-20 18:00:00,115,0.0
2013-02-20 19:00:00,110,0.0
2013-02-20 20:00:00,124,0.0
2013-02-20 21:00:00,123,0.0
2013-02-20 22:00:00,125,0.0
2013-02-20 23:00:00,103,0.0
2013-02-21 00:00:00,68,0.0
2013-02-21 01:00:00,40,0.0
2013-02-21 02:00:00,39,0.0
2013-02-21 03:00:00,39,0.0
2013-02-21 04:00:00,39,0.0
2013-02-21 05:00:00,39,0.0
2013-02-21 06:00:00,39,0.03
2013-02-21 07:00:00,44,0.07
2013-02-21 08:00:00,125,0.17
2013-02-21 09:00:00,125,0.33
2013-02-21 10:00:00,116,0.23
2013-02-21 11:00:00,91,0.23
2013-02-21 12:00:00,89,0.45
2013-02-21 13:00:00,87,0.45
2013-02-21 14:00:00,85,0.2
2013-02-21 15:00:00,86,0.11
2013-02-21 16:00:00,84,0.05
2013-02-21 17:00:00,91,0.01
2013-02-21 18:00:00,94,0.0
2013-02-21 19:00:00,120,0.0
2013-02-21 20:00:00,122,0.0
2013-02-21 21:00:00,118,0.0
2013-02-21 22:00:00,119,0.0
2013-02-21 23:00:00,80,0.0
2013-02-22 00:00:00,72,0.0
2013-02-22 01:00:00,39,0.0
2013-02-22 02:00:00,39,0.0
2013-02-22 03:00:00,39,0.0
2013-02-22 04:00:00,39,0.0
2013-02-22 05:00:00,39,0.0
2013-02-22 06:00:00,39,0.03
2013-02-22 07:00:00,43,0.07
2013-02-22 08:00:00,114,0.22
2013-02-22 09:00:00,124,0.35
2013-02-22 10:00:00,124,0.68
2013-02-22 11:00:00,93,0.68
2013-02-22 12:00:00,84,0.66
2013-02-22 13:00:00,83,0.62
2013-02-22 14:00:00,80,0.29
2013-02-22 15:00:00,76,0.25
2013-02-22 16:00:00,76,0.06
2013-02-22 17:00:00,85,0.01
2013-02-22 18:00:00,85,0.0
2013-02-22 19:00:00,85,0.0
2013-02-22 20:00:00,87,0.0
2013-02-22 21:00:00,100,0.0
2013-02-22 22:00:00,112,0.0
2013-02-22 23:00:00,72,0.0
2013-02-23 00:00:00,62,0.0
2013-02-23 01:00:00,41,0.0
2013-02-23 02:00:00,39,0.0
2013-02-23 03:00:00,39,0.0
2013-02-23 04:00:00,39,0.0
2013-02-23 05:00:00,39,0.0
2013-02-23 06:00:00,39,0.04
2013-02-23 07:00:00,43,0.22
2013-02-23 08:00:00,115,0.42
2013-02-23 09:00:00,117,0.59
2013-02-23 10:00:00,96,0.64
2013-02-23 11:00:00,88,0.45
2013-02-23 12:00:00,84,0.59
2013-02-23 13:00:00,79,0.43
2013-02-23 14:00:00,76,0.3
2013-02-23 15:00:00,77,0.18
2013-02-23 16:00:00,76,0.08
2013-02-23 17:00:00,79,0.01
2013-02-23 18:00:00,81,0.0
2013-02-23 19:00:00,85,0.0
2013-02-23 20:00:00,88,0.0
2013-02-23 21:00:00,86,0.0
2013-02-23 22:00:00,94,0.0
2013-02-23 23:00:00,91,0.0
2013-02-24 00:00:00,62,0.0
2013-02-24 01:00:00,41,0.0
2013-02-24 02:00:00,41,0.0
2013-02-24 03:00:00,41,0.0
2013-02-24 04:00:00,41,0.0
2013-02-24 05:00:00,41,0.0
2013-02-24 06:00:00,41,0.04
2013-02-24 07:00:00,45,0.22
2013-02-24 08:00:00,120,0.41
2013-02-24 09:00:00,119,0.59
2013-02-24 10:00:00,119,0.71
2013-02-24 11:00:00,122,0.75
2013-02-24 12:00:00,120,0.74
2013-02-24 13:00:00,118,0.67
2013-02-24 14:00:00,107,0.31
2013-02-24 15:00:00,109,0.25
2013-02-24 16:00:00,119,0.08
2013-02-24 17:00:00,123,0.01
2013-02-24 18:00:00,122,0.0
2013-02-24 19:00:00,120,0.0
2013-02-24 20:00:00,122,0.0
2013-02-24 21:00:00,122,0.0
2013-02-24 22:00:00,120,0.0
2013-02-24 23:00:00,77,0.0
2013-02-25 00:00:00,58,0.0
2013-02-25 01:00:00,42,0.0
2013-02-25 02:00:00,41,0.0
2013-02-25 03:00:00,40,0.0
2013-02-25 04:00:00,39,0.0
2013-02-25 05:00:00,41,0.0
2013-02-25 06:00:00,41,0.05
2013-02-25 07:00:00,46,0.19
2013-02-25 08:00:00,121,0.34
2013-02-25 09:00:00,127,0.6
2013-02-25 10:00:00,117,0.56
2013-02-25 11:00:00,92,0.47
2013-02-25 12:00:00,91,0.46
2013-02-25 13:00:00,85,0.41
2013-02-25 14:00:00,86,0.14
2013-02-25 15:00:00,89,0.1
2013-02-25 16:00:00,118,0.04
2013-02-25 17:00:00,99,0.01
2013-02-25 18:00:00,93,0.0
2013-02-25 19:00:00,121,0.0
2013-02-25 20:00:00,122,0.0
2013-02-25 21:00:00,121,0.0
2013-02-25 22:00:00,122,0.0
2013-02-25 23:00:00,89,0.0
2013-02-26 00:00:00,59,0.0
2013-02-26 01:00:00,42,0.0
2013-02-26 02:00:00,43,0.0
2013-02-26 03:00:00,42,0.0
2013-02-26 04:00:00,41,0.0
2013-02-26 05:00:00,41,0.0
2013-02-26 06:00:00,40,0.04
2013-02-26 07:00:00,46,0.21
2013-02-26 08:00:00,126,0.38
2013-02-26 09:00:00,122,0.62
2013-02-26 10:00:00,117,0.76
2013-02-26 11:00:00,88,0.81
2013-02-26 12:00:00,84,0.8
2013-02-26 13:00:00,85,0.72
2013-02-26 14:00:00,82,0.56
2013-02-26 15:00:00,79,0.37
2013-02-26 16:00:00,79,0.12
2013-02-26 17:00:00,77,0.01
2013-02-26 18:00:00,86,0.0
2013-02-26 19:00:00,87,0.0
2013-02-26 20:00:00,85,0.0
2013-02-26 21:00:00,85,0.0
2013-02-26 22:00:00,112,0.0
2013-02-26 23:00:00,82,0.0
2013-02-27 00:00:00,61,0.0
2013-02-27 01:00:00,44,0.0
2013-02-27 02:00:00,40,0.0
2013-02-27 03:00:00,40,0.0
2013-02-27 04:00:00,40,0.0
2013-02-27 05:00:00,40,0.0
2013-02-27 06:00:00,39,0.04
2013-02-27 07:00:00,45,0.1
2013-02-27 08:00:00,109,0.36
2013-02-27 09:00:00,116,0.61
2013-02-27 10:00:00,87,0.73
2013-02-27 11:00:00,82,0.76
2013-02-27 12:00:00,78,0.36
2013-02-27 13:00:00,74,0.27
2013-02-27 14:00:00,71,0.17
2013-02-27 15:00:00,69,0.22
2013-02-27 16:00:00,68,0.06
2013-02-27 17:00:00,73,0.01
2013-02-27 18:00:00,88,0.0
2013-02-27 19:00:00,103,0.0
2013-02-27 20:00:00,81,0.0
2013-02-27 21:00:00,85,0.0
2013-02-27 22:00:00,83,0.0
2013-02-27 23:00:00,58,0.0
2013-02-28 00:00:00,33,0.0
2013-02-28 01:00:00,40,0.0
2013-02-28 02:00:00,39,0.0
2013-02-28 03:00:00,39,0.0
2013-02-28 04:00:00,39,0.0
2013-02-28 05:00:00,39,0.0
2013-02-28 06:00:00,38,0.05
2013-02-28 07:00:00,46,0.24
2013-02-28 08:00:00,111,0.43
2013-02-28 09:00:00,83,0.6
2013-02-28 10:00:00,80,0.75
2013-02-28 11:00:00,74,0.81
2013-02-28 12:00:00,72,0.81
2013-02-28 13:00:00,69,0.71
2013-02-28 14:00:00,65,0.58
2013-02-28 15:00:00,62,0.38
2013-02-28 16:00:00,61,0.14
2013-02-28 17:00:00,69,0.01
2013-02-28 18:00:00,72,0.0
2013-02-28 19:00:00,75,0.0
2013-02-28 20:00:00,76,0.0
2013-02-28 21:00:00,74,0.0
2013-02-28 22:00:00,76,0.0
2013-02-28 23:00:00,47,0.0
2013-03-01 00:00:00,30,0.0
2013-03-01 01:00:00,8,0.0
2013-03-01 02:00:00,7,0.0
2013-03-01 03:00:00,7,0.0
2013-03-01 04:00:00,7,0.0
2013-03-01 05:00:00,7,0.0
2013-03-01 06:00:00,7,0.02
2013-03-01 07:00:00,14,0.1
2013-03-01 08:00:00,87,0.2
2013-03-01 09:00:00,81,0.17
2013-03-01 10:00:00,82,0.24
2013-03-01 11:00:00,80,0.23
2013-03-01 12:00:00,77,0.18
2013-03-01 13:00:00,73,0.16
2013-03-01 14:00:00,71,0.19
2013-03-01 15:00:00,68,0.09
2013-03-01 16:00:00,70,0.04
2013-03-01 17:00:00,74,0.01
2013-03-01 18:00:00,76,0.0
2013-03-01 19:00:00,75,0.0
2013-03-01 20:00:00,74,0.0
2013-03-01 21:00:00,73,0.0
2013-03-01 22:00:00,67,0.0
2013-03-01 23:00:00,41,0.0
2013-03-02 00:00:00,26,0.0
2013-03-02 01:00:00,10,0.0
2013-03-02 02:00:00,40,0.0
2013-03-02 03:00:00,39,0.0
2013-03-02 04:00:00,39,0.0
2013-03-02 05:00:00,39,0.0
2013-03-02 06:00:00,38,0.02
2013-03-02 07:00:00,47,0.06
2013-03-02 08:00:00,116,0.27
2013-03-02 09:00:00,111,0.18
2013-03-02 10:00:00,113,0.16
2013-03-02 11:00:00,115,0.27
2013-03-02 12:00:00,93,0.2
2013-03-02 13:00:00,75,0.19
2013-03-02 14:00:00,76,0.19
2013-03-02 15:00:00,72,0.13
2013-03-02 16:00:00,72,0.06
2013-03-02 17:00:00,69,0.01
2013-03-02 18:00:00,75,0.0
2013-03-02 19:00:00,75,0.0
2013-03-02 20:00:00,81,0.0
2013-03-02 21:00:00,92,0.0
2013-03-02 22:00:00,110,0.0
2013-03-02 23:00:00,80,0.0
2013-03-03 00:00:00,62,0.0
2013-03-03 01:00:00,39,0.0
2013-03-03 02:00:00,39,0.0
2013-03-03 03:00:00,38,0.0
2013-03-03 04:00:00,38,0.0
2013-03-03 05:00:00,39,0.0
2013-03-03 06:00:00,39,0.03
2013-03-03 07:00:00,43,0.1
2013-03-03 08:00:00,118,0.26
2013-03-03 09:00:00,82,0.36
2013-03-03 10:00:00,82,0.48
2013-03-03 11:00:00,77,0.32
2013-03-03 12:00:00,75,0.29
2013-03-03 13:00:00,73,0.26
2013-03-03 14:00:00,70,0.21
2013-03-03 15:00:00,69,0.21
2013-03-03 16:00:00,72,0.06
2013-03-03 17:00:00,79,0.01
2013-03-03 18:00:00,77,0.0
2013-03-03 19:00:00,81,0.0
2013-03-03 20:00:00,78,0.0
2013-03-03 21:00:00,81,0.0
2013-03-03 22:00:00,78,0.0
2013-03-03 23:00:00,48,0.0
2013-03-04 00:00:00,21,0.0
2013-03-04 01:00:00,8,0.0
2013-03-04 02:00:00,39,0.0
2013-03-04 03:00:00,39,0.0
2013-03-04 04:00:00,38,0.0
2013-03-04 05:00:00,39,0.0
2013-03-04 06:00:00,39,0.07
2013-03-04 07:00:00,44,0.27
2013-03-04 08:00:00,96,0.47
2013-03-04 09:00:00,82,0.66
2013-03-04 10:00:00,85,0.8
2013-03-04 11:00:00,78,0.86
2013-03-04 12:00:00,76,0.84
2013-03-04 13:00:00,72,0.7
2013-03-04 14:00:00,74,0.59
2013-03-04 15:00:00,73,0.38
2013-03-04 16:00:00,73,0.13
2013-03-04 17:00:00,72,0.01
2013-03-04 18:00:00,80,0.0
2013-03-04 19:00:00,82,0.0
2013-03-04 20:00:00,82,0.0
2013-03-04 21:00:00,83,0.0
2013-03-04 22:00:00,88,0.0
2013-03-04 23:00:00,87,0.0
2013-03-05 00:00:00,71,0.0
2013-03-05 01:00:00,43,0.0
2013-03-05 02:00:00,41,0.0
2013-03-05 03:00:00,41,0.0
2013-03-05 04:00:00,41,0.0
2013-03-05 05:00:00,41,0.0
2013-03-05 06:00:00,41,0.06
2013-03-05 07:00:00,55,0.27
2013-03-05 08:00:00,121,0.33
2013-03-05 09:00:00,86,0.49
2013-03-05 10:00:00,85,0.45
2013-03-05 11:00:00,74,0.35
2013-03-05 12:00:00,69,0.5
2013-03-05 13:00:00,68,0.44
2013-03-05 14:00:00,67,0.38
2013-03-05 15:00:00,66,0.19
2013-03-05 16:00:00,68,0.08
2013-03-05 17:00:00,76,0.01
2013-03-05 18:00:00,78,0.0
2013-03-05 19:00:00,78,0.0
2013-03-05 20:00:00,79,0.0
2013-03-05 21:00:00,75,0.0
2013-03-05 22:00:00,78,0.0
2013-03-05 23:00:00,54,0.0
2013-03-06 00:00:00,33,0.0
2013-03-06 01:00:00,8,0.0
2013-03-06 02:00:00,8,0.0
2013-03-06 03:00:00,7,0.0
2013-03-06 04:00:00,6,0.0
2013-03-06 05:00:00,6,0.0
2013-03-06 06:00:00,13,0.07
2013-03-06 07:00:00,44,0.23
2013-03-06 08:00:00,101,0.22
2013-03-06 09:00:00,80,0.57
2013-03-06 10:00:00,74,0.71
2013-03-06 11:00:00,70,0.55
2013-03-06 12:00:00,72,0.32
2013-03-06 13:00:00,62,0.14
2013-03-06 14:00:00,59,0.39
2013-03-06 15:00:00,62,0.28
2013-03-06 16:00:00,63,0.16
2013-03-06 17:00:00,71,0.01
2013-03-06 18:00:00,69,0.0
2013-03-06 19:00:00,69,0.0
2013-03-06 20:00:00,72,0.0
2013-03-06 21:00:00,68,0.0
2013-03-06 22:00:00,73,0.0
2013-03-06 23:00:00,41,0.0
2013-03-07 00:00:00,43,0.0
2013-03-07 01:00:00,40,0.0
2013-03-07 02:00:00,40,0.0
2013-03-07 03:00:00,41,0.0
2013-03-07 04:00:00,41,0.0
2013-03-07 05:00:00,41,0.0
2013-03-07 06:00:00,39,0.06
2013-03-07 07:00:00,44,0.27
2013-03-07 08:00:00,112,0.29
2013-03-07 09:00:00,84,0.3
2013-03-07 10:00:00,79,0.68
2013-03-07 11:00:00,73,0.84
2013-03-07 12:00:00,66,0.83
2013-03-07 13:00:00,64,0.76
2013-03-07 14:00:00,58,0.6
2013-03-07 15:00:00,55,0.32
2013-03-07 16:00:00,55,0.12
2013-03-07 17:00:00,62,0.02
2013-03-07 18:00:00,64,0.0
2013-03-07 19:00:00,60,0.0
2013-03-07 20:00:00,60,0.0
2013-03-07 21:00:00,59,0.0
2013-03-07 22:00:00,60,0.0
2013-03-07 23:00:00,40,0.0
2013-03-08 00:00:00,34,0.0
2013-03-08 01:00:00,9,0.0
2013-03-08 02:00:00,6,0.0
2013-03-08 03:00:00,6,0.0
2013-03-08 04:00:00,6,0.0
2013-03-08 05:00:00,6,0.0
2013-03-08 06:00:00,6,0.03
2013-03-08 07:00:00,10,0.09
2013-03-08 08:00:00,53,0.25
2013-03-08 09:00:00,62,0.3
2013-03-08 10:00:00,63,0.4
2013-03-08 11:00:00,57,0.37
2013-03-08 12:00:00,55,0.41
2013-03-08 13:00:00,51,0.35
2013-03-08 14:00:00,49,0.39
2013-03-08 15:00:00,51,0.33
2013-03-08 16:00:00,51,0.11
2013-03-08 17:00:00,51,0.02
2013-03-08 18:00:00,58,0.0
2013-03-08 19:00:00,57,0.0
2013-03-08 20:00:00,58,0.0
2013-03-08 21:00:00,57,0.0
2013-03-08 22:00:00,56,0.0
2013-03-08 23:00:00,50,0.0
2013-03-09 00:00:00,22,0.0
2013-03-09 01:00:00,6,0.0
2013-03-09 02:00:00,6,0.0
2013-03-09 03:00:00,6,0.0
2013-03-09 04:00:00,6,0.0
2013-03-09 05:00:00,6,0.0
2013-03-09 06:00:00,7,0.05
2013-03-09 07:00:00,15,0.24
2013-03-09 08:00:00,78,0.52
2013-03-09 09:00:00,76,0.7
2013-03-09 10:00:00,76,0.83
2013-03-09 11:00:00,72,0.89
2013-03-09 12:00:00,70,0.86
2013-03-09 13:00:00,63,0.78
2013-03-09 14:00:00,60,0.63
2013-03-09 15:00:00,59,0.42
2013-03-09 16:00:00,60,0.16
2013-03-09 17:00:00,70,0.02
2013-03-09 18:00:00,72,0.0
2013-03-09 19:00:00,72,0.0
2013-03-09 20:00:00,71,0.0
2013-03-09 21:00:00,70,0.0
2013-03-09 22:00:00,74,0.0
2013-03-09 23:00:00,58,0.0
2013-03-10 00:00:00,27,0.0
2013-03-10 01:00:00,6,0.0
2013-03-10 02:00:00,6,0.0
2013-03-10 03:00:00,6,0.0
2013-03-10 04:00:00,6,0.0
2013-03-10 05:00:00,6,0.0
2013-03-10 06:00:00,6,0.04
2013-03-10 07:00:00,10,0.19
2013-03-10 08:00:00,80,0.39
2013-03-10 09:00:00,73,0.22
2013-03-10 10:00:00,65,0.2
2013-03-10 11:00:00,60,0.21
2013-03-10 12:00:00,63,0.67
2013-03-10 13:00:00,61,0.59
2013-03-10 14:00:00,63,0.2
2013-03-10 15:00:00,62,0.13
2013-03-10 16:00:00,65,0.07
2013-03-10 17:00:00,89,0.03
2013-03-10 18:00:00,94,0.0
2013-03-10 19:00:00,79,0.0
2013-03-10 20:00:00,103,0.0
2013-03-10 21:00:00,111,0.0
2013-03-10 22:00:00,112,0.0
2013-03-10 23:00:00,98,0.0
2013-03-11 00:00:00,60,0.0
2013-03-11 01:00:00,39,0.0
2013-03-11 02:00:00,39,0.0
2013-03-11 03:00:00,39,0.0
2013-03-11 04:00:00,39,0.0
2013-03-11 05:00:00,39,0.0
2013-03-11 06:00:00,39,0.04
2013-03-11 07:00:00,43,0.17
2013-03-11 08:00:00,119,0.52
2013-03-11 09:00:00,102,0.71
2013-03-11 10:00:00,89,0.78
2013-03-11 11:00:00,90,0.8
2013-03-11 12:00:00,86,0.65
2013-03-11 13:00:00,81,0.45
2013-03-11 14:00:00,80,0.53
2013-03-11 15:00:00,76,0.22
2013-03-11 16:00:00,80,0.09
2013-03-11 17:00:00,86,0.03
2013-03-11 18:00:00,87,0.0
2013-03-11 19:00:00,83,0.0
2013-03-11 20:00:00,87,0.0
2013-03-11 21:00:00,79,0.0
2013-03-11 22:00:00,96,0.0
2013-03-11 23:00:00,89,0.0
2013-03-12 00:00:00,57,0.0
2013-03-12 01:00:00,42,0.0
2013-03-12 02:00:00,41,0.0
2013-03-12 03:00:00,41,0.0
2013-03-12 04:00:00,42,0.0
2013-03-12 05:00:00,42,0.0
2013-03-12 06:00:00,39,0.08
2013-03-12 07:00:00,58,0.3
2013-03-12 08:00:00,106,0.52
2013-03-12 09:00:00,84,0.71
2013-03-12 10:00:00,78,0.84
2013-03-12 11:00:00,77,0.9
2013-03-12 12:00:00,69,0.89
2013-03-12 13:00:00,65,0.8
2013-03-12 14:00:00,64,0.65
2013-03-12 15:00:00,59,0.43
2013-03-12 16:00:00,59,0.19
2013-03-12 17:00:00,63,0.03
2013-03-12 18:00:00,63,0.0
2013-03-12 19:00:00,67,0.0
2013-03-12 20:00:00,66,0.0
2013-03-12 21:00:00,70,0.0
2013-03-12 22:00:00,65,0.0
2013-03-12 23:00:00,37,0.0
2013-03-13 00:00:00,27,0.0
2013-03-13 01:00:00,7,0.0
2013-03-13 02:00:00,6,0.0
2013-03-13 03:00:00,6,0.0
2013-03-13 04:00:00,6,0.0
2013-03-13 05:00:00,6,0.0
2013-03-13 06:00:00,6,0.03
2013-03-13 07:00:00,10,0.15
2013-03-13 08:00:00,80,0.2
2013-03-13 09:00:00,81,0.3
2013-03-13 10:00:00,75,0.18
2013-03-13 11:00:00,70,0.2
2013-03-13 12:00:00,68,0.38
2013-03-13 13:00:00,68,0.36
2013-03-13 14:00:00,63,0.22
2013-03-13 15:00:00,62,0.15
2013-03-13 16:00:00,62,0.06
2013-03-13 17:00:00,62,0.02
2013-03-13 18:00:00,60,0.0
2013-03-13 19:00:00,61,0.0
2013-03-13 20:00:00,58,0.0
2013-03-13 21:00:00,61,0.0
2013-03-13 22:00:00,59,0.0
2013-03-13 23:00:00,41,0.0
2013-03-14 00:00:00,27,0.0
2013-03-14 01:00:00,7,0.0
2013-03-14 02:00:00,7,0.0
2013-03-14 03:00:00,7,0.0
2013-03-14 04:00:00,7,0.0
2013-03-14 05:00:00,6,0.0
2013-03-14 06:00:00,5,0.04
2013-03-14 07:00:00,10,0.14
2013-03-14 08:00:00,58,0.23
2013-03-14 09:00:00,82,0.4
2013-03-14 10:00:00,81,0.45
2013-03-14 11:00:00,79,0.54
2013-03-14 12:00:00,74,0.62
2013-03-14 13:00:00,66,0.64
2013-03-14 14:00:00,64,0.6
2013-03-14 15:00:00,67,0.31
2013-03-14 16:00:00,68,0.12
2013-03-14 17:00:00,69,0.03
2013-03-14 18:00:00,70,0.0
2013-03-14 19:00:00,68,0.0
2013-03-14 20:00:00,72,0.0
2013-03-14 21:00:00,75,0.0
2013-03-14 22:00:00,108,0.0
2013-03-14 23:00:00,95,0.0
2013-03-15 00:00:00,72,0.0
2013-03-15 01:00:00,55,0.0
2013-03-15 02:00:00,41,0.0
2013-03-15 03:00:00,39,0.0
2013-03-15 04:00:00,39,0.0
2013-03-15 05:00:00,39,0.0
2013-03-15 06:00:00,41,0.11
2013-03-15 07:00:00,57,0.34
2013-03-15 08:00:00,101,0.55
2013-03-15 09:00:00,81,0.74
2013-03-15 10:00:00,78,0.87
2013-03-15 11:00:00,73,0.93
2013-03-15 12:00:00,70,0.92
2013-03-15 13:00:00,65,0.84
2013-03-15 14:00:00,62,0.67
2013-03-15 15:00:00,59,0.45
2013-03-15 16:00:00,59,0.22
2013-03-15 17:00:00,60,0.03
2013-03-15 18:00:00,64,0.0
2013-03-15 19:00:00,64,0.0
2013-03-15 20:00:00,68,0.0
2013-03-15 21:00:00,67,0.0
2013-03-15 22:00:00,68,0.0
2013-03-15 23:00:00,40,0.0
2013-03-16 00:00:00,26,0.0
2013-03-16 01:00:00,6,0.0
2013-03-16 02:00:00,11,0.0
2013-03-16 03:00:00,38,0.0
2013-03-16 04:00:00,39,0.0
2013-03-16 05:00:00,39,0.0
2013-03-16 06:00:00,39,0.08
2013-03-16 07:00:00,44,0.23
2013-03-16 08:00:00,110,0.49
2013-03-16 09:00:00,80,0.69
2013-03-16 10:00:00,75,0.85
2013-03-16 11:00:00,66,0.86
2013-03-16 12:00:00,61,0.79
2013-03-16 13:00:00,59,0.75
2013-03-16 14:00:00,55,0.29
2013-03-16 15:00:00,52,0.05
2013-03-16 16:00:00,56,0.07
2013-03-16 17:00:00,58,0.02
2013-03-16 18:00:00,62,0.0
2013-03-16 19:00:00,64,0.0
2013-03-16 20:00:00,63,0.0
2013-03-16 21:00:00,66,0.0
2013-03-16 22:00:00,61,0.0
2013-03-16 23:00:00,59,0.0
2013-03-17 00:00:00,70,0.0
2013-03-17 01:00:00,39,0.0
2013-03-17 02:00:00,39,0.0
2013-03-17 03:00:00,39,0.0
2013-03-17 04:00:00,39,0.0
2013-03-17 05:00:00,39,0.0
2013-03-17 06:00:00,39,0.12
2013-03-17 07:00:00,49,0.34
2013-03-17 08:00:00,91,0.56
2013-03-17 09:00:00,78,0.75
2013-03-17 10:00:00,74,0.88
2013-03-17 11:00:00,67,0.93
2013-03-17 12:00:00,63,0.92
2013-03-17 13:00:00,59,0.82
2013-03-17 14:00:00,56,0.67
2013-03-17 15:00:00,57,0.45
2013-03-17 16:00:00,55,0.22
2013-03-17 17:00:00,56,0.03
2013-03-17 18:00:00,59,0.0
2013-03-17 19:00:00,63,0.0
2013-03-17 20:00:00,64,0.0
2013-03-17 21:00:00,64,0.0
2013-03-17 22:00:00,64,0.0
2013-03-17 23:00:00,42,0.0
2013-03-18 00:00:00,27,0.0
2013-03-18 01:00:00,8,0.0
2013-03-18 02:00:00,8,0.0
2013-03-18 03:00:00,8,0.0
2013-03-18 04:00:00,8,0.0
2013-03-18 05:00:00,9,0.0
2013-03-18 06:00:00,9,0.03
2013-03-18 07:00:00,23,0.09
2013-03-18 08:00:00,78,0.17
2013-03-18 09:00:00,71,0.22
2013-03-18 10:00:00,70,0.24
2013-03-18 11:00:00,64,0.23
2013-03-18 12:00:00,62,0.23
2013-03-18 13:00:00,60,0.23
2013-03-18 14:00:00,61,0.12
2013-03-18 15:00:00,59,0.09
2013-03-18 16:00:00,56,0.03
2013-03-18 17:00:00,58,0.02
2013-03-18 18:00:00,58,0.0
2013-03-18 19:00:00,58,0.0
2013-03-18 20:00:00,55,0.0
2013-03-18 21:00:00,53,0.0
2013-03-18 22:00:00,50,0.0
2013-03-18 23:00:00,36,0.0
2013-03-19 00:00:00,29,0.0
2013-03-19 01:00:00,5,0.0
2013-03-19 02:00:00,5,0.0
2013-03-19 03:00:00,5,0.0
2013-03-19 04:00:00,5,0.0
2013-03-19 05:00:00,5,0.01
2013-03-19 06:00:00,5,0.08
2013-03-19 07:00:00,10,0.16
2013-03-19 08:00:00,47,0.23
2013-03-19 09:00:00,60,0.32
2013-03-19 10:00:00,56,0.52
2013-03-19 11:00:00,52,0.74
2013-03-19 12:00:00,50,0.74
2013-03-19 13:00:00,50,0.65
2013-03-19 14:00:00,50,0.47
2013-03-19 15:00:00,50,0.18
2013-03-19 16:00:00,50,0.19
2013-03-19 17:00:00,52,0.03
2013-03-19 18:00:00,53,0.0
2013-03-19 19:00:00,53,0.0
2013-03-19 20:00:00,52,0.0
2013-03-19 21:00:00,54,0.0
2013-03-19 22:00:00,55,0.0
2013-03-19 23:00:00,42,0.0
2013-03-20 00:00:00,22,0.0
2013-03-20 01:00:00,7,0.0
2013-03-20 02:00:00,6,0.0
2013-03-20 03:00:00,6,0.0
2013-03-20 04:00:00,5,0.0
2013-03-20 05:00:00,6,0.01
2013-03-20 06:00:00,6,0.05
2013-03-20 07:00:00,27,0.13
2013-03-20 08:00:00,72,0.16
2013-03-20 09:00:00,69,0.31
2013-03-20 10:00:00,68,0.37
2013-03-20 11:00:00,63,0.34
2013-03-20 12:00:00,63,0.23
2013-03-20 13:00:00,60,0.4
2013-03-20 14:00:00,57,0.5
2013-03-20 15:00:00,54,0.3
2013-03-20 16:00:00,54,0.18
2013-03-20 17:00:00,53,0.02
2013-03-20 18:00:00,55,0.0
2013-03-20 19:00:00,57,0.0
2013-03-20 20:00:00,57,0.0
2013-03-20 21:00:00,59,0.0
2013-03-20 22:00:00,59,0.0
2013-03-20 23:00:00,47,0.0
2013-03-21 00:00:00,26,0.0
2013-03-21 01:00:00,7,0.0
2013-03-21 02:00:00,7,0.0
2013-03-21 03:00:00,7,0.0
2013-03-21 04:00:00,5,0.0
2013-03-21 05:00:00,22,0.01
2013-03-21 06:00:00,39,0.08
2013-03-21 07:00:00,52,0.22
2013-03-21 08:00:00,99,0.41
2013-03-21 09:00:00,76,0.42
2013-03-21 10:00:00,80,0.38
2013-03-21 11:00:00,76,0.52
2013-03-21 12:00:00,72,0.5
2013-03-21 13:00:00,70,0.42
2013-03-21 14:00:00,69,0.34
2013-03-21 15:00:00,67,0.19
2013-03-21 16:00:00,68,0.15
2013-03-21 17:00:00,66,0.02
2013-03-21 18:00:00,71,0.0
2013-03-21 19:00:00,72,0.0
2013-03-21 20:00:00,72,0.0
2013-03-21 21:00:00,72,0.0
2013-03-21 22:00:00,73,0.0
2013-03-21 23:00:00,76,0.0
2013-03-22 00:00:00,61,0.0
2013-03-22 01:00:00,40,0.0
2013-03-22 02:00:00,41,0.0
2013-03-22 03:00:00,40,0.0
2013-03-22 04:00:00,39,0.0
2013-03-22 05:00:00,38,0.01
2013-03-22 06:00:00,39,0.14
2013-03-22 07:00:00,52,0.36
2013-03-22 08:00:00,93,0.59
2013-03-22 09:00:00,77,0.75
2013-03-22 10:00:00,77,0.9
2013-03-22 11:00:00,69,0.96
2013-03-22 12:00:00,64,0.91
2013-03-22 13:00:00,60,0.82
2013-03-22 14:00:00,57,0.66
2013-03-22 15:00:00,54,0.42
2013-03-22 16:00:00,52,0.16
2013-03-22 17:00:00,53,0.03
2013-03-22 18:00:00,57,0.0
2013-03-22 19:00:00,58,0.0
2013-03-22 20:00:00,58,0.0
2013-03-22 21:00:00,56,0.0
2013-03-22 22:00:00,55,0.0
2013-03-22 23:00:00,49,0.0
2013-03-23 00:00:00,29,0.0
2013-03-23 01:00:00,7,0.0
2013-03-23 02:00:00,8,0.0
2013-03-23 03:00:00,5,0.0
2013-03-23 04:00:00,5,0.0
2013-03-23 05:00:00,6,0.01
2013-03-23 06:00:00,6,0.14
2013-03-23 07:00:00,11,0.31
2013-03-23 08:00:00,74,0.5
2013-03-23 09:00:00,69,0.69
2013-03-23 10:00:00,67,0.81
2013-03-23 11:00:00,63,0.59
2013-03-23 12:00:00,60,0.82
2013-03-23 13:00:00,63,0.84
2013-03-23 14:00:00,61,0.66
2013-03-23 15:00:00,61,0.46
2013-03-23 16:00:00,60,0.21
2013-03-23 17:00:00,61,0.03
2013-03-23 18:00:00,63,0.0
2013-03-23 19:00:00,66,0.0
2013-03-23 20:00:00,67,0.0
2013-03-23 21:00:00,65,0.0
2013-03-23 22:00:00,72,0.0
2013-03-23 23:00:00,51,0.0
2013-03-24 00:00:00,35,0.0
2013-03-24 01:00:00,17,0.0
2013-03-24 02:00:00,7,0.0
2013-03-24 03:00:00,6,0.0
2013-03-24 04:00:00,7,0.0
2013-03-24 05:00:00,39,0.01
2013-03-24 06:00:00,39,0.13
2013-03-24 07:00:00,50,0.38
2013-03-24 08:00:00,92,0.61
2013-03-24 09:00:00,77,0.79
2013-03-24 10:00:00,77,0.93
2013-03-24 11:00:00,75,0.97
2013-03-24 12:00:00,71,0.96
2013-03-24 13:00:00,68,0.87
2013-03-24 14:00:00,68,0.71
2013-03-24 15:00:00,68,0.45
2013-03-24 16:00:00,69,0.18
2013-03-24 17:00:00,69,0.03
2013-03-24 18:00:00,68,0.0
2013-03-24 19:00:00,70,0.0
2013-03-24 20:00:00,67,0.0
2013-03-24 21:00:00,70,0.0
2013-03-24 22:00:00,66,0.0
2013-03-24 23:00:00,50,0.0
2013-03-25 00:00:00,23,0.0
2013-03-25 01:00:00,7,0.0
2013-03-25 02:00:00,7,0.0
2013-03-25 03:00:00,7,0.0
2013-03-25 04:00:00,7,0.0
2013-03-25 05:00:00,35,0.01
2013-03-25 06:00:00,38,0.06
2013-03-25 07:00:00,44,0.17
2013-03-25 08:00:00,112,0.34
2013-03-25 09:00:00,86,0.56
2013-03-25 10:00:00,81,0.35
2013-03-25 11:00:00,74,0.38
2013-03-25 12:00:00,68,0.37
2013-03-25 13:00:00,68,0.33
2013-03-25 14:00:00,70,0.22
2013-03-25 15:00:00,71,0.23
2013-03-25 16:00:00,68,0.12
2013-03-25 17:00:00,70,0.03
2013-03-25 18:00:00,70,0.0
2013-03-25 19:00:00,67,0.0
2013-03-25 20:00:00,68,0.0
2013-03-25 21:00:00,102,0.0
2013-03-25 22:00:00,87,0.0
2013-03-25 23:00:00,43,0.0
2013-03-26 00:00:00,22,0.0
2013-03-26 01:00:00,26,0.0
2013-03-26 02:00:00,41,0.0
2013-03-26 03:00:00,41,0.0
2013-03-26 04:00:00,42,0.0
2013-03-26 05:00:00,41,0.01
2013-03-26 06:00:00,38,0.08
2013-03-26 07:00:00,44,0.19
2013-03-26 08:00:00,58,0.32
2013-03-26 09:00:00,80,0.46
2013-03-26 10:00:00,77,0.52
2013-03-26 11:00:00,73,0.5
2013-03-26 12:00:00,73,0.38
2013-03-26 13:00:00,68,0.41
2013-03-26 14:00:00,64,0.35
2013-03-26 15:00:00,64,0.28
2013-03-26 16:00:00,64,0.1
2013-03-26 17:00:00,64,0.03
2013-03-26 18:00:00,67,0.0
2013-03-26 19:00:00,68,0.0
2013-03-26 20:00:00,69,0.0
2013-03-26 21:00:00,70,0.0
2013-03-26 22:00:00,73,0.0
2013-03-26 23:00:00,40,0.0
2013-03-27 00:00:00,25,0.0
2013-03-27 01:00:00,41,0.0
2013-03-27 02:00:00,39,0.0
2013-03-27 03:00:00,39,0.0
2013-03-27 04:00:00,39,0.0
2013-03-27 05:00:00,39,0.01
2013-03-27 06:00:00,38,0.17
2013-03-27 07:00:00,44,0.25
2013-03-27 08:00:00,88,0.4
2013-03-27 09:00:00,80,0.39
2013-03-27 10:00:00,77,0.39
2013-03-27 11:00:00,71,0.54
2013-03-27 12:00:00,68,0.89
2013-03-27 13:00:00,67,0.79
2013-03-27 14:00:00,62,0.63
2013-03-27 15:00:00,61,0.38
2013-03-27 16:00:00,60,0.19
2013-03-27 17:00:00,61,0.03
2013-03-27 18:00:00,63,0.0
2013-03-27 19:00:00,60,0.0
2013-03-27 20:00:00,61,0.0
2013-03-27 21:00:00,59,0.0
2013-03-27 22:00:00,57,0.0
2013-03-27 23:00:00,37,0.0
2013-03-28 00:00:00,19,0.0
2013-03-28 01:00:00,6,0.0
2013-03-28 02:00:00,6,0.0
2013-03-28 03:00:00,5,0.0
2013-03-28 04:00:00,5,0.0
2013-03-28 05:00:00,6,0.01
2013-03-28 06:00:00,5,0.07
2013-03-28 07:00:00,19,0.24
2013-03-28 08:00:00,63,0.42
2013-03-28 09:00:00,60,0.43
2013-03-28 10:00:00,62,0.49
2013-03-28 11:00:00,58,0.87
2013-03-28 12:00:00,60,0.75
2013-03-28 13:00:00,51,0.79
2013-03-28 14:00:00,49,0.66
2013-03-28 15:00:00,50,0.25
2013-03-28 16:00:00,50,0.17
2013-03-28 17:00:00,51,0.03
2013-03-28 18:00:00,51,0.0
2013-03-28 19:00:00,52,0.0
2013-03-28 20:00:00,52,0.0
2013-03-28 21:00:00,53,0.0
2013-03-28 22:00:00,50,0.0
2013-03-28 23:00:00,37,0.0
2013-03-29 00:00:00,25,0.0
2013-03-29 01:00:00,6,0.0
2013-03-29 02:00:00,5,0.0
2013-03-29 03:00:00,5,0.0
2013-03-29 04:00:00,5,0.0
2013-03-29 05:00:00,5,0.01
2013-03-29 06:00:00,5,0.07
2013-03-29 07:00:00,10,0.16
2013-03-29 08:00:00,68,0.24
2013-03-29 09:00:00,66,0.47
2013-03-29 10:00:00,68,0.6
2013-03-29 11:00:00,63,0.98
2013-03-29 12:00:00,62,0.94
2013-03-29 13:00:00,60,0.84
2013-03-29 14:00:00,62,0.66
2013-03-29 15:00:00,60,0.31
2013-03-29 16:00:00,60,0.15
2013-03-29 17:00:00,59,0.03
2013-03-29 18:00:00,62,0.0
2013-03-29 19:00:00,62,0.0
2013-03-29 20:00:00,62,0.0
2013-03-29 21:00:00,61,0.0
2013-03-29 22:00:00,54,0.0
2013-03-29 23:00:00,38,0.0
2013-03-30 00:00:00,22,0.0
2013-03-30 01:00:00,5,0.0
2013-03-30 02:00:00,5,0.0
2013-03-30 03:00:00,5,0.0
2013-03-30 04:00:00,5,0.0
2013-03-30 05:00:00,6,0.01
2013-03-30 06:00:00,6,0.17
2013-03-30 07:00:00,15,0.41
2013-03-30 08:00:00,78,0.61
2013-03-30 09:00:00,67,0.81
2013-03-30 10:00:00,66,0.95
2013-03-30 11:00:00,61,1.0
2013-03-30 12:00:00,63,0.98
2013-03-30 13:00:00,59,0.86
2013-03-30 14:00:00,60,0.73
2013-03-30 15:00:00,55,0.5
2013-03-30 16:00:00,55,0.14
2013-03-30 17:00:00,54,0.03
2013-03-30 18:00:00,56,0.0
2013-03-30 19:00:00,58,0.0
2013-03-30 20:00:00,57,0.0
2013-03-30 21:00:00,61,0.0
2013-03-30 22:00:00,62,0.0
2013-03-30 23:00:00,36,0.0
2013-03-31 00:00:00,24,0.0
2013-03-31 01:00:00,6,0.0
2013-03-31 02:00:00,6,0.0
2013-03-31 03:00:00,6,0.0
2013-03-31 04:00:00,5,0.0
2013-03-31 05:00:00,5,0.02
2013-03-31 06:00:00,6,0.06
2013-03-31 07:00:00,20,0.15
2013-03-31 08:00:00,80,0.15
2013-03-31 09:00:00,71,0.2
2013-03-31 10:00:00,70,0.25
2013-03-31 11:00:00,66,0.21
2013-03-31 12:00:00,67,0.17
2013-03-31 13:00:00,70,0.2
2013-03-31 14:00:00,94,0.17
2013-03-31 15:00:00,65,0.14
2013-03-31 16:00:00,63,0.08
2013-03-31 17:00:00,64,0.02
2013-03-31 18:00:00,63,0.0
2013-03-31 19:00:00,63,0.0
2013-03-31 20:00:00,63,0.0
2013-03-31 21:00:00,64,0.0
2013-03-31 22:00:00,65,0.0
2013-03-31 23:00:00,35,0.0
2013-04-01 00:00:00,53,0.0
2013-04-01 01:00:00,39,0.0
2013-04-01 02:00:00,38,0.0
2013-04-01 03:00:00,39,0.0
2013-04-01 04:00:00,38,0.0
2013-04-01 05:00:00,39,0.03
2013-04-01 06:00:00,39,0.19
2013-04-01 07:00:00,43,0.43
2013-04-01 08:00:00,75,0.64
2013-04-01 09:00:00,77,0.84
2013-04-01 10:00:00,73,0.98
2013-04-01 11:00:00,66,1.0
2013-04-01 12:00:00,65,0.98
2013-04-01 13:00:00,61,0.87
2013-04-01 14:00:00,58,0.72
2013-04-01 15:00:00,55,0.5
2013-04-01 16:00:00,55,0.24
2013-04-01 17:00:00,56,0.03
2013-04-01 18:00:00,57,0.0
2013-04-01 19:00:00,58,0.0
2013-04-01 20:00:00,60,0.0
2013-04-01 21:00:00,61,0.0
2013-04-01 22:00:00,63,0.0
2013-04-01 23:00:00,46,0.0
2013-04-02 00:00:00,20,0.0
2013-04-02 01:00:00,6,0.0
2013-04-02 02:00:00,6,0.0
2013-04-02 03:00:00,6,0.0
2013-04-02 04:00:00,6,0.0
2013-04-02 05:00:00,5,0.03
2013-04-02 06:00:00,6,0.12
2013-04-02 07:00:00,11,0.44
2013-04-02 08:00:00,81,0.63
2013-04-02 09:00:00,73,0.77
2013-04-02 10:00:00,66,0.75
2013-04-02 11:00:00,60,0.95
2013-04-02 12:00:00,60,0.92
2013-04-02 13:00:00,59,0.83
2013-04-02 14:00:00,58,0.69
2013-04-02 15:00:00,56,0.43
2013-04-02 16:00:00,56,0.23
2013-04-02 17:00:00,58,0.03
2013-04-02 18:00:00,57,0.0
2013-04-02 19:00:00,57,0.0
2013-04-02 20:00:00,56,0.0
2013-04-02 21:00:00,54,0.0
2013-04-02 22:00:00,56,0.0
2013-04-02 23:00:00,36,0.0
2013-04-03 00:00:00,19,0.0
2013-04-03 01:00:00,5,0.0
2013-04-03 02:00:00,5,0.0
2013-04-03 03:00:00,5,0.0
2013-04-03 04:00:00,5,0.0
2013-04-03 05:00:00,5,0.04
2013-04-03 06:00:00,6,0.12
2013-04-03 07:00:00,13,0.21
2013-04-03 08:00:00,64,0.36
2013-04-03 09:00:00,60,0.36
2013-04-03 10:00:00,57,0.48
2013-04-03 11:00:00,54,0.41
2013-04-03 12:00:00,53,0.79
2013-04-03 13:00:00,52,0.88
2013-04-03 14:00:00,55,0.69
2013-04-03 15:00:00,55,0.44
2013-04-03 16:00:00,55,0.16
2013-04-03 17:00:00,56,0.03
2013-04-03 18:00:00,56,0.0
2013-04-03 19:00:00,55,0.0
2013-04-03 20:00:00,55,0.0
2013-04-03 21:00:00,53,0.0
2013-04-03 22:00:00,54,0.0
2013-04-03 23:00:00,38,0.0
2013-04-04 00:00:00,27,0.0
2013-04-04 01:00:00,6,0.0
2013-04-04 02:00:00,6,0.0
2013-04-04 03:00:00,6,0.0
2013-04-04 04:00:00,5,0.0
2013-04-04 05:00:00,6,0.03
2013-04-04 06:00:00,6,0.18
2013-04-04 07:00:00,10,0.4
2013-04-04 08:00:00,67,0.36
2013-04-04 09:00:00,63,0.73
2013-04-04 10:00:00,59,0.76
2013-04-04 11:00:00,56,0.72
2013-04-04 12:00:00,56,0.93
2013-04-04 13:00:00,54,0.72
2013-04-04 14:00:00,51,0.69
2013-04-04 15:00:00,51,0.52
2013-04-04 16:00:00,50,0.29
2013-04-04 17:00:00,52,0.06
2013-04-04 18:00:00,52,0.0
2013-04-04 19:00:00,53,0.0
2013-04-04 20:00:00,53,0.0
2013-04-04 21:00:00,55,0.0
2013-04-04 22:00:00,55,0.0
2013-04-04 23:00:00,37,0.0
2013-04-05 00:00:00,21,0.0
2013-04-05 01:00:00,7,0.0
2013-04-05 02:00:00,6,0.0
2013-04-05 03:00:00,6,0.0
2013-04-05 04:00:00,6,0.0
2013-04-05 05:00:00,6,0.05
2013-04-05 06:00:00,6,0.22
2013-04-05 07:00:00,11,0.46
2013-04-05 08:00:00,58,0.68
2013-04-05 09:00:00,65,0.86
2013-04-05 10:00:00,63,0.98
2013-04-05 11:00:00,57,1.0
2013-04-05 12:00:00,58,1.0
2013-04-05 13:00:00,53,0.88
2013-04-05 14:00:00,52,0.73
2013-04-05 15:00:00,51,0.53
2013-04-05 16:00:00,52,0.29
2013-04-05 17:00:00,54,0.06
2013-04-05 18:00:00,54,0.0
2013-04-05 19:00:00,54,0.0
2013-04-05 20:00:00,53,0.0
2013-04-05 21:00:00,54,0.0
2013-04-05 22:00:00,53,0.0
2013-04-05 23:00:00,37,0.0
2013-04-06 00:00:00,20,0.0
2013-04-06 01:00:00,6,0.0
2013-04-06 02:00:00,6,0.0
2013-04-06 03:00:00,6,0.0
2013-04-06 04:00:00,6,0.0
2013-04-06 05:00:00,6,0.05
2013-04-06 06:00:00,6,0.22
2013-04-06 07:00:00,10,0.43
2013-04-06 08:00:00,63,0.67
2013-04-06 09:00:00,57,0.88
2013-04-06 10:00:00,52,1.0
2013-04-06 11:00:00,51,1.0
2013-04-06 12:00:00,51,1.0
2013-04-06 13:00:00,51,0.88
2013-04-06 14:00:00,51,0.73
2013-04-06 15:00:00,51,0.53
2013-04-06 16:00:00,50,0.27
2013-04-06 17:00:00,48,0.06
2013-04-06 18:00:00,49,0.0
2013-04-06 19:00:00,48,0.0
2013-04-06 20:00:00,49,0.0
2013-04-06 21:00:00,47,0.0
2013-04-06 22:00:00,46,0.0
2013-04-06 23:00:00,36,0.0
2013-04-07 00:00:00,23,0.0
2013-04-07 01:00:00,5,0.0
2013-04-07 02:00:00,5,0.0
2013-04-07 03:00:00,5,0.0
2013-04-07 04:00:00,5,0.0
2013-04-07 05:00:00,5,0.02
2013-04-07 06:00:00,5,0.13
2013-04-07 07:00:00,16,0.34
2013-04-07 08:00:00,50,0.25
2013-04-07 09:00:00,44,0.33
2013-04-07 10:00:00,47,0.38
2013-04-07 11:00:00,49,0.38
2013-04-07 12:00:00,50,0.47
2013-04-07 13:00:00,55,0.7
2013-04-07 14:00:00,59,0.61
2013-04-07 15:00:00,56,0.5
2013-04-07 16:00:00,56,0.29
2013-04-07 17:00:00,56,0.05
2013-04-07 18:00:00,54,0.0
2013-04-07 19:00:00,54,0.0
2013-04-07 20:00:00,49,0.0
2013-04-07 21:00:00,50,0.0
2013-04-07 22:00:00,51,0.0
2013-04-07 23:00:00,38,0.0
2013-04-08 00:00:00,27,0.0
2013-04-08 01:00:00,7,0.0
2013-04-08 02:00:00,7,0.0
2013-04-08 03:00:00,6,0.0
2013-04-08 04:00:00,5,0.0
2013-04-08 05:00:00,5,0.03
2013-04-08 06:00:00,6,0.15
2013-04-08 07:00:00,12,0.18
2013-04-08 08:00:00,68,0.22
2013-04-08 09:00:00,64,0.27
2013-04-08 10:00:00,64,0.29
2013-04-08 11:00:00,62,0.42
2013-04-08 12:00:00,59,0.43
2013-04-08 13:00:00,56,0.21
2013-04-08 14:00:00,54,0.2
2013-04-08 15:00:00,54,0.17
2013-04-08 16:00:00,56,0.08
2013-04-08 17:00:00,56,0.03
2013-04-08 18:00:00,59,0.0
2013-04-08 19:00:00,58,0.0
2013-04-08 20:00:00,61,0.0
2013-04-08 21:00:00,61,0.0
2013-04-08 22:00:00,58,0.0
2013-04-08 23:00:00,39,0.0
2013-04-09 00:00:00,30,0.0
2013-04-09 01:00:00,8,0.0
2013-04-09 02:00:00,8,0.0
2013-04-09 03:00:00,8,0.0
2013-04-09 04:00:00,8,0.0
2013-04-09 05:00:00,6,0.01
2013-04-09 06:00:00,6,0.04
2013-04-09 07:00:00,18,0.05
2013-04-09 08:00:00,68,0.11
2013-04-09 09:00:00,63,0.15
2013-04-09 10:00:00,62,0.24
2013-04-09 11:00:00,57,0.35
2013-04-09 12:00:00,53,0.29
2013-04-09 13:00:00,49,0.26
2013-04-09 14:00:00,48,0.18
2013-04-09 15:00:00,47,0.13
2013-04-09 16:00:00,47,0.1
2013-04-09 17:00:00,49,0.02
2013-04-09 18:00:00,49,0.0
2013-04-09 19:00:00,50,0.0
2013-04-09 20:00:00,49,0.0
2013-04-09 21:00:00,48,0.0
2013-04-09 22:00:00,49,0.0
2013-04-09 23:00:00,37,0.0
2013-04-10 00:00:00,26,0.0
2013-04-10 01:00:00,5,0.0
2013-04-10 02:00:00,6,0.0
2013-04-10 03:00:00,5,0.0
2013-04-10 04:00:00,5,0.0
2013-04-10 05:00:00,5,0.05
2013-04-10 06:00:00,5,0.24
2013-04-10 07:00:00,10,0.46
2013-04-10 08:00:00,67,0.68
2013-04-10 09:00:00,60,0.86
2013-04-10 10:00:00,60,0.98
2013-04-10 11:00:00,55,1.0
2013-04-10 12:00:00,53,1.0
2013-04-10 13:00:00,52,0.89
2013-04-10 14:00:00,51,0.74
2013-04-10 15:00:00,48,0.52
2013-04-10 16:00:00,50,0.3
2013-04-10 17:00:00,52,0.06
2013-04-10 18:00:00,53,0.0
2013-04-10 19:00:00,54,0.0
2013-04-10 20:00:00,55,0.0
2013-04-10 21:00:00,54,0.0
2013-04-10 22:00:00,58,0.0
2013-04-10 23:00:00,43,0.0
2013-04-11 00:00:00,26,0.0
2013-04-11 01:00:00,8,0.0
2013-04-11 02:00:00,8,0.0
2013-04-11 03:00:00,6,0.0
2013-04-11 04:00:00,5,0.0
2013-04-11 05:00:00,5,0.02
2013-04-11 06:00:00,6,0.1
2013-04-11 07:00:00,10,0.3
2013-04-11 08:00:00,73,0.46
2013-04-11 09:00:00,66,0.24
2013-04-11 10:00:00,64,0.28
2013-04-11 11:00:00,61,0.28
2013-04-11 12:00:00,57,0.28
2013-04-11 13:00:00,52,0.24
2013-04-11 14:00:00,49,0.2
2013-04-11 15:00:00,49,0.14
2013-04-11 16:00:00,49,0.09
2013-04-11 17:00:00,51,0.02
2013-04-11 18:00:00,53,0.0
2013-04-11 19:00:00,54,0.0
2013-04-11 20:00:00,56,0.0
2013-04-11 21:00:00,54,0.0
2013-04-11 22:00:00,50,0.0
2013-04-11 23:00:00,36,0.0
2013-04-12 00:00:00,22,0.0
2013-04-12 01:00:00,5,0.0
2013-04-12 02:00:00,6,0.0
2013-04-12 03:00:00,6,0.0
2013-04-12 04:00:00,5,0.0
2013-04-12 05:00:00,6,0.03
2013-04-12 06:00:00,6,0.21
2013-04-12 07:00:00,10,0.31
2013-04-12 08:00:00,62,0.54
2013-04-12 09:00:00,66,0.88
2013-04-12 10:00:00,65,1.0
2013-04-12 11:00:00,60,1.0
2013-04-12 12:00:00,56,1.0
2013-04-12 13:00:00,56,0.79
2013-04-12 14:00:00,53,0.71
2013-04-12 15:00:00,54,0.55
2013-04-12 16:00:00,54,0.2
2013-04-12 17:00:00,54,0.05
2013-04-12 18:00:00,55,0.0
2013-04-12 19:00:00,56,0.0
2013-04-12 20:00:00,55,0.0
2013-04-12 21:00:00,56,0.0
2013-04-12 22:00:00,58,0.0
2013-04-12 23:00:00,36,0.0
2013-04-13 00:00:00,22,0.0
2013-04-13 01:00:00,6,0.0
2013-04-13 02:00:00,5,0.0
2013-04-13 03:00:00,6,0.0
2013-04-13 04:00:00,5,0.0
2013-04-13 05:00:00,6,0.04
2013-04-13 06:00:00,6,0.25
2013-04-13 07:00:00,13,0.48
2013-04-13 08:00:00,74,0.7
2013-04-13 09:00:00,65,0.88
2013-04-13 10:00:00,62,0.98
2013-04-13 11:00:00,59,0.79
2013-04-13 12:00:00,56,0.97
2013-04-13 13:00:00,53,0.9
2013-04-13 14:00:00,52,0.72
2013-04-13 15:00:00,51,0.52
2013-04-13 16:00:00,51,0.29
2013-04-13 17:00:00,50,0.06
2013-04-13 18:00:00,50,0.0
2013-04-13 19:00:00,53,0.0
2013-04-13 20:00:00,54,0.0
2013-04-13 21:00:00,56,0.0
2013-04-13 22:00:00,58,0.0
2013-04-13 23:00:00,40,0.0
2013-04-14 00:00:00,29,0.0
2013-04-14 01:00:00,6,0.0
2013-04-14 02:00:00,6,0.0
2013-04-14 03:00:00,5,0.0
2013-04-14 04:00:00,5,0.0
2013-04-14 05:00:00,6,0.04
2013-04-14 06:00:00,6,0.25
2013-04-14 07:00:00,18,0.47
2013-04-14 08:00:00,65,0.7
2013-04-14 09:00:00,58,0.86
2013-04-14 10:00:00,54,0.96
2013-04-14 11:00:00,49,1.0
2013-04-14 12:00:00,50,0.97
2013-04-14 13:00:00,49,0.9
2013-04-14 14:00:00,48,0.74
2013-04-14 15:00:00,48,0.52
2013-04-14 16:00:00,48,0.29
2013-04-14 17:00:00,47,0.06
2013-04-14 18:00:00,49,0.0
2013-04-14 19:00:00,48,0.0
2013-04-14 20:00:00,46,0.0
2013-04-14 21:00:00,44,0.0
2013-04-14 22:00:00,36,0.0
2013-04-14 23:00:00,33,0.0
2013-04-15 00:00:00,35,0.0
2013-04-15 01:00:00,32,0.0
2013-04-15 02:00:00,32,0.0
2013-04-15 03:00:00,33,0.0
2013-04-15 04:00:00,34,0.0
2013-04-15 05:00:00,34,0.04
2013-04-15 06:00:00,34,0.16
2013-04-15 07:00:00,35,0.3
2013-04-15 08:00:00,51,0.61
2013-04-15 09:00:00,53,0.85
2013-04-15 10:00:00,44,0.92
2013-04-15 11:00:00,42,0.96
2013-04-15 12:00:00,42,0.94
2013-04-15 13:00:00,44,0.85
2013-04-15 14:00:00,45,0.67
2013-04-15 15:00:00,46,0.48
2013-04-15 16:00:00,52,0.27
2013-04-15 17:00:00,49,0.03
2013-04-15 18:00:00,50,0.0
2013-04-15 19:00:00,51,0.0
2013-04-15 20:00:00,49,0.0
2013-04-15 21:00:00,48,0.0
2013-04-15 22:00:00,47,0.0
2013-04-15 23:00:00,37,0.0
2013-04-16 00:00:00,30,0.0
2013-04-16 01:00:00,8,0.0
2013-04-16 02:00:00,8,0.0
2013-04-16 03:00:00,8,0.0
2013-04-16 04:00:00,7,0.0
2013-04-16 05:00:00,6,0.06
2013-04-16 06:00:00,6,0.23
2013-04-16 07:00:00,10,0.47
2013-04-16 08:00:00,60,0.67
2013-04-16 09:00:00,56,0.68
2013-04-16 10:00:00,52,0.17
2013-04-16 11:00:00,51,0.09
2013-04-16 12:00:00,55,0.12
2013-04-16 13:00:00,52,0.47
2013-04-16 14:00:00,50,0.49
2013-04-16 15:00:00,50,0.29
2013-04-16 16:00:00,50,0.14
2013-04-16 17:00:00,52,0.05
2013-04-16 18:00:00,52,0.0
2013-04-16 19:00:00,51,0.0
2013-04-16 20:00:00,51,0.0
2013-04-16 21:00:00,51,0.0
2013-04-16 22:00:00,50,0.0
2013-04-16 23:00:00,38,0.0
2013-04-17 00:00:00,34,0.0
2013-04-17 01:00:00,7,0.0
2013-04-17 02:00:00,6,0.0
2013-04-17 03:00:00,6,0.0
2013-04-17 04:00:00,6,0.0
2013-04-17 05:00:00,6,0.03
2013-04-17 06:00:00,6,0.11
2013-04-17 07:00:00,11,0.21
2013-04-17 08:00:00,59,0.44
2013-04-17 09:00:00,52,0.83
2013-04-17 10:00:00,50,1.0
2013-04-17 11:00:00,48,1.0
2013-04-17 12:00:00,48,1.0
2013-04-17 13:00:00,48,0.92
2013-04-17 14:00:00,47,0.77
2013-04-17 15:00:00,47,0.55
2013-04-17 16:00:00,49,0.32
2013-04-17 17:00:00,49,0.08
2013-04-17 18:00:00,49,0.0
2013-04-17 19:00:00,49,0.0
2013-04-17 20:00:00,49,0.0
2013-04-17 21:00:00,47,0.0
2013-04-17 22:00:00,45,0.0
2013-04-17 23:00:00,36,0.0
2013-04-18 00:00:00,24,0.0
2013-04-18 01:00:00,6,0.0
2013-04-18 02:00:00,6,0.0
2013-04-18 03:00:00,6,0.0
2013-04-18 04:00:00,5,0.0
2013-04-18 05:00:00,5,0.06
2013-04-18 06:00:00,5,0.27
2013-04-18 07:00:00,10,0.5
2013-04-18 08:00:00,56,0.72
2013-04-18 09:00:00,61,0.88
2013-04-18 10:00:00,61,1.0
2013-04-18 11:00:00,56,1.0
2013-04-18 12:00:00,58,1.0
2013-04-18 13:00:00,61,0.91
2013-04-18 14:00:00,56,0.73
2013-04-18 15:00:00,57,0.53
2013-04-18 16:00:00,54,0.3
2013-04-18 17:00:00,56,0.08
2013-04-18 18:00:00,58,0.0
2013-04-18 19:00:00,56,0.0
2013-04-18 20:00:00,54,0.0
2013-04-18 21:00:00,55,0.0
2013-04-18 22:00:00,54,0.0
2013-04-18 23:00:00,38,0.0
2013-04-19 00:00:00,21,0.0
2013-04-19 01:00:00,6,0.0
2013-04-19 02:00:00,5,0.0
2013-04-19 03:00:00,5,0.0
2013-04-19 04:00:00,5,0.0
2013-04-19 05:00:00,5,0.01
2013-04-19 06:00:00,5,0.05
2013-04-19 07:00:00,10,0.07
2013-04-19 08:00:00,59,0.1
2013-04-19 09:00:00,65,0.15
2013-04-19 10:00:00,61,0.14
2013-04-19 11:00:00,57,0.15
2013-04-19 12:00:00,58,0.19
2013-04-19 13:00:00,57,0.13
2013-04-19 14:00:00,53,0.11
2013-04-19 15:00:00,51,0.08
2013-04-19 16:00:00,53,0.04
2013-04-19 17:00:00,54,0.01
2013-04-19 18:00:00,57,0.0
2013-04-19 19:00:00,56,0.0
2013-04-19 20:00:00,57,0.0
2013-04-19 21:00:00,58,0.0
2013-04-19 22:00:00,61,0.0
2013-04-19 23:00:00,40,0.0
2013-04-20 00:00:00,23,0.0
2013-04-20 01:00:00,6,0.0
2013-04-20 02:00:00,6,0.0
2013-04-20 03:00:00,5,0.0
2013-04-20 04:00:00,5,0.0
2013-04-20 05:00:00,5,0.02
2013-04-20 06:00:00,5,0.09
2013-04-20 07:00:00,10,0.18
2013-04-20 08:00:00,57,0.37
2013-04-20 09:00:00,66,0.43
2013-04-20 10:00:00,63,0.43
2013-04-20 11:00:00,58,0.44
2013-04-20 12:00:00,58,0.39
2013-04-20 13:00:00,55,0.51
2013-04-20 14:00:00,52,0.72
2013-04-20 15:00:00,53,0.37
2013-04-20 16:00:00,51,0.22
2013-04-20 17:00:00,50,0.07
2013-04-20 18:00:00,53,0.01
2013-04-20 19:00:00,55,0.0
2013-04-20 20:00:00,52,0.0
2013-04-20 21:00:00,56,0.0
2013-04-20 22:00:00,53,0.0
2013-04-20 23:00:00,40,0.0
2013-04-21 00:00:00,22,0.0
2013-04-21 01:00:00,5,0.0
2013-04-21 02:00:00,5,0.0
2013-04-21 03:00:00,5,0.0
2013-04-21 04:00:00,5,0.0
2013-04-21 05:00:00,5,0.04
2013-04-21 06:00:00,6,0.27
2013-04-21 07:00:00,20,0.4
2013-04-21 08:00:00,109,0.55
2013-04-21 09:00:00,105,0.87
2013-04-21 10:00:00,104,0.56
2013-04-21 11:00:00,102,0.59
2013-04-21 12:00:00,103,0.91
2013-04-21 13:00:00,95,0.62
2013-04-21 14:00:00,60,0.24
2013-04-21 15:00:00,59,0.15
2013-04-21 16:00:00,62,0.09
2013-04-21 17:00:00,58,0.03
2013-04-21 18:00:00,57,0.01
2013-04-21 19:00:00,59,0.0
2013-04-21 20:00:00,62,0.0
2013-04-21 21:00:00,62,0.0
2013-04-21 22:00:00,91,0.0
2013-04-21 23:00:00,48,0.0
2013-04-22 00:00:00,23,0.0
2013-04-22 01:00:00,26,0.0
2013-04-22 02:00:00,39,0.0
2013-04-22 03:00:00,39,0.0
2013-04-22 04:00:00,39,0.0
2013-04-22 05:00:00,39,0.02
2013-04-22 06:00:00,39,0.08
2013-04-22 07:00:00,31,0.12
2013-04-22 08:00:00,77,0.17
2013-04-22 09:00:00,70,0.13
2013-04-22 10:00:00,67,0.2
2013-04-22 11:00:00,62,0.21
2013-04-22 12:00:00,60,0.2
2013-04-22 13:00:00,57,0.18
2013-04-22 14:00:00,54,0.16
2013-04-22 15:00:00,53,0.12
2013-04-22 16:00:00,54,0.06
2013-04-22 17:00:00,55,0.02
2013-04-22 18:00:00,57,0.01
2013-04-22 19:00:00,55,0.0
2013-04-22 20:00:00,55,0.0
2013-04-22 21:00:00,57,0.0
2013-04-22 22:00:00,56,0.0
2013-04-22 23:00:00,36,0.0
2013-04-23 00:00:00,24,0.0
2013-04-23 01:00:00,6,0.0
2013-04-23 02:00:00,6,0.0
2013-04-23 03:00:00,5,0.0
2013-04-23 04:00:00,5,0.0
2013-04-23 05:00:00,6,0.02
2013-04-23 06:00:00,6,0.06
2013-04-23 07:00:00,11,0.12
2013-04-23 08:00:00,71,0.19
2013-04-23 09:00:00,64,0.13
2013-04-23 10:00:00,60,0.22
2013-04-23 11:00:00,55,0.16
2013-04-23 12:00:00,52,0.1
2013-04-23 13:00:00,50,0.09
2013-04-23 14:00:00,49,0.07
2013-04-23 15:00:00,49,0.04
2013-04-23 16:00:00,49,0.03
2013-04-23 17:00:00,51,0.01
2013-04-23 18:00:00,51,0.01
2013-04-23 19:00:00,50,0.0
2013-04-23 20:00:00,51,0.0
2013-04-23 21:00:00,51,0.0
2013-04-23 22:00:00,49,0.0
2013-04-23 23:00:00,36,0.0
2013-04-24 00:00:00,21,0.0
2013-04-24 01:00:00,5,0.0
2013-04-24 02:00:00,5,0.0
2013-04-24 03:00:00,5,0.0
2013-04-24 04:00:00,5,0.0
2013-04-24 05:00:00,5,0.03
2013-04-24 06:00:00,5,0.14
2013-04-24 07:00:00,10,0.53
2013-04-24 08:00:00,50,0.75
2013-04-24 09:00:00,57,0.93
2013-04-24 10:00:00,56,1.0
2013-04-24 11:00:00,53,1.0
2013-04-24 12:00:00,51,0.95
2013-04-24 13:00:00,50,0.59
2013-04-24 14:00:00,49,0.59
2013-04-24 15:00:00,50,0.52
2013-04-24 16:00:00,50,0.34
2013-04-24 17:00:00,52,0.09
2013-04-24 18:00:00,51,0.01
2013-04-24 19:00:00,52,0.0
2013-04-24 20:00:00,51,0.0
2013-04-24 21:00:00,51,0.0
2013-04-24 22:00:00,49,0.0
2013-04-24 23:00:00,37,0.0
2013-04-25 00:00:00,21,0.0
2013-04-25 01:00:00,5,0.0
2013-04-25 02:00:00,5,0.0
2013-04-25 03:00:00,5,0.0
2013-04-25 04:00:00,5,0.0
2013-04-25 05:00:00,5,0.1
2013-04-25 06:00:00,5,0.3
2013-04-25 07:00:00,16,0.52
2013-04-25 08:00:00,46,0.73
2013-04-25 09:00:00,47,0.9
2013-04-25 10:00:00,51,0.91
2013-04-25 11:00:00,50,0.29
2013-04-25 12:00:00,50,0.35
2013-04-25 13:00:00,50,0.88
2013-04-25 14:00:00,51,0.42
2013-04-25 15:00:00,53,0.35
2013-04-25 16:00:00,57,0.16
2013-04-25 17:00:00,55,0.06
2013-04-25 18:00:00,56,0.01
2013-04-25 19:00:00,55,0.0
2013-04-25 20:00:00,55,0.0
2013-04-25 21:00:00,55,0.0
2013-04-25 22:00:00,49,0.0
2013-04-25 23:00:00,38,0.0
2013-04-26 00:00:00,22,0.0
2013-04-26 01:00:00,5,0.0
2013-04-26 02:00:00,5,0.0
2013-04-26 03:00:00,5,0.0
2013-04-26 04:00:00,5,0.0
2013-04-26 05:00:00,5,0.04
2013-04-26 06:00:00,5,0.23
2013-04-26 07:00:00,10,0.53
2013-04-26 08:00:00,46,0.75
2013-04-26 09:00:00,46,0.83
2013-04-26 10:00:00,50,0.8
2013-04-26 11:00:00,51,0.55
2013-04-26 12:00:00,52,0.54
2013-04-26 13:00:00,51,0.35
2013-04-26 14:00:00,51,0.28
2013-04-26 15:00:00,50,0.18
2013-04-26 16:00:00,49,0.09
2013-04-26 17:00:00,50,0.04
2013-04-26 18:00:00,50,0.01
2013-04-26 19:00:00,50,0.0
2013-04-26 20:00:00,49,0.0
2013-04-26 21:00:00,49,0.0
2013-04-26 22:00:00,48,0.0
2013-04-26 23:00:00,37,0.0
2013-04-27 00:00:00,21,0.0
2013-04-27 01:00:00,5,0.0
2013-04-27 02:00:00,5,0.0
2013-04-27 03:00:00,5,0.0
2013-04-27 04:00:00,5,0.0
2013-04-27 05:00:00,5,0.02
2013-04-27 06:00:00,5,0.11
2013-04-27 07:00:00,12,0.07
2013-04-27 08:00:00,43,0.11
2013-04-27 09:00:00,62,0.31
2013-04-27 10:00:00,60,0.5
2013-04-27 11:00:00,53,0.56
2013-04-27 12:00:00,53,0.48
2013-04-27 13:00:00,51,0.81
2013-04-27 14:00:00,49,0.47
2013-04-27 15:00:00,50,0.43
2013-04-27 16:00:00,51,0.23
2013-04-27 17:00:00,50,0.06
2013-04-27 18:00:00,51,0.01
2013-04-27 19:00:00,51,0.0
2013-04-27 20:00:00,51,0.0
2013-04-27 21:00:00,51,0.0
2013-04-27 22:00:00,51,0.0
2013-04-27 23:00:00,40,0.0
2013-04-28 00:00:00,30,0.0
2013-04-28 01:00:00,5,0.0
2013-04-28 02:00:00,5,0.0
2013-04-28 03:00:00,5,0.0
2013-04-28 04:00:00,5,0.0
2013-04-28 05:00:00,5,0.01
2013-04-28 06:00:00,5,0.03
2013-04-28 07:00:00,12,0.27
2013-04-28 08:00:00,65,0.44
2013-04-28 09:00:00,57,0.66
2013-04-28 10:00:00,51,0.81
2013-04-28 11:00:00,51,0.82
2013-04-28 12:00:00,50,0.36
2013-04-28 13:00:00,49,0.39
2013-04-28 14:00:00,48,0.53
2013-04-28 15:00:00,50,0.21
2013-04-28 16:00:00,50,0.15
2013-04-28 17:00:00,51,0.04
2013-04-28 18:00:00,51,0.01
2013-04-28 19:00:00,50,0.0
2013-04-28 20:00:00,48,0.0
2013-04-28 21:00:00,48,0.0
2013-04-28 22:00:00,48,0.0
2013-04-28 23:00:00,37,0.0
2013-04-29 00:00:00,26,0.0
2013-04-29 01:00:00,5,0.0
2013-04-29 02:00:00,5,0.0
2013-04-29 03:00:00,5,0.0
2013-04-29 04:00:00,5,0.01
2013-04-29 05:00:00,5,0.06
2013-04-29 06:00:00,5,0.26
2013-04-29 07:00:00,23,0.22
2013-04-29 08:00:00,46,0.51
2013-04-29 09:00:00,46,0.53
2013-04-29 10:00:00,46,0.94
2013-04-29 11:00:00,47,1.0
2013-04-29 12:00:00,47,0.62
2013-04-29 13:00:00,47,0.79
2013-04-29 14:00:00,48,0.38
2013-04-29 15:00:00,47,0.31
2013-04-29 16:00:00,49,0.13
2013-04-29 17:00:00,49,0.06
2013-04-29 18:00:00,49,0.01
2013-04-29 19:00:00,49,0.0
2013-04-29 20:00:00,48,0.0
2013-04-29 21:00:00,48,0.0
2013-04-29 22:00:00,47,0.0
2013-04-29 23:00:00,34,0.0
2013-04-30 00:00:00,19,0.0
2013-04-30 01:00:00,5,0.0
2013-04-30 02:00:00,5,0.0
2013-04-30 03:00:00,5,0.0
2013-04-30 04:00:00,5,0.01
2013-04-30 05:00:00,5,0.1
2013-04-30 06:00:00,5,0.27
2013-04-30 07:00:00,10,0.52
2013-04-30 08:00:00,40,0.65
2013-04-30 09:00:00,48,0.72
2013-04-30 10:00:00,51,0.62
2013-04-30 11:00:00,55,0.65
2013-04-30 12:00:00,54,0.38
2013-04-30 13:00:00,50,0.29
2013-04-30 14:00:00,50,0.08
2013-04-30 15:00:00,49,0.08
2013-04-30 16:00:00,49,0.09
2013-04-30 17:00:00,50,0.03
2013-04-30 18:00:00,49,0.01
2013-04-30 19:00:00,51,0.0
2013-04-30 20:00:00,51,0.0
2013-04-30 21:00:00,50,0.0
2013-04-30 22:00:00,50,0.0
2013-04-30 23:00:00,36,0.0
2013-05-01 00:00:00,19,0.0
2013-05-01 01:00:00,5,0.0
2013-05-01 02:00:00,5,0.0
2013-05-01 03:00:00,5,0.0
2013-05-01 04:00:00,5,0.01
2013-05-01 05:00:00,5,0.01
2013-05-01 06:00:00,5,0.04
2013-05-01 07:00:00,10,0.06
2013-05-01 08:00:00,49,0.11
2013-05-01 09:00:00,60,0.1
2013-05-01 10:00:00,60,0.17
2013-05-01 11:00:00,56,0.22
2013-05-01 12:00:00,55,0.18
2013-05-01 13:00:00,54,0.14
2013-05-01 14:00:00,53,0.08
2013-05-01 15:00:00,56,0.09
2013-05-01 16:00:00,56,0.07
2013-05-01 17:00:00,59,0.03
2013-05-01 18:00:00,61,0.01
2013-05-01 19:00:00,63,0.0
2013-05-01 20:00:00,61,0.0
2013-05-01 21:00:00,62,0.0
2013-05-01 22:00:00,58,0.0
2013-05-01 23:00:00,39,0.0
2013-05-02 00:00:00,21,0.0
2013-05-02 01:00:00,5,0.0
2013-05-02 02:00:00,5,0.0
2013-05-02 03:00:00,5,0.0
2013-05-02 04:00:00,5,0.01
2013-05-02 05:00:00,5,0.03
2013-05-02 06:00:00,6,0.09
2013-05-02 07:00:00,10,0.15
2013-05-02 08:00:00,47,0.16
2013-05-02 09:00:00,62,0.19
2013-05-02 10:00:00,59,0.21
2013-05-02 11:00:00,53,0.23
2013-05-02 12:00:00,52,0.32
2013-05-02 13:00:00,51,0.18
2013-05-02 14:00:00,50,0.16
2013-05-02 15:00:00,51,0.11
2013-05-02 16:00:00,52,0.07
2013-05-02 17:00:00,53,0.03
2013-05-02 18:00:00,53,0.01
2013-05-02 19:00:00,54,0.0
2013-05-02 20:00:00,54,0.0
2013-05-02 21:00:00,55,0.0
2013-05-02 22:00:00,54,0.0
2013-05-02 23:00:00,37,0.0
2013-05-03 00:00:00,21,0.0
2013-05-03 01:00:00,6,0.0
2013-05-03 02:00:00,6,0.0
2013-05-03 03:00:00,6,0.0
2013-05-03 04:00:00,5,0.01
2013-05-03 05:00:00,5,0.05
2013-05-03 06:00:00,5,0.14
2013-05-03 07:00:00,24,0.24
2013-05-03 08:00:00,64,0.68
2013-05-03 09:00:00,61,0.87
2013-05-03 10:00:00,57,0.98
2013-05-03 11:00:00,56,0.9
2013-05-03 12:00:00,52,0.29
2013-05-03 13:00:00,49,0.35
2013-05-03 14:00:00,49,0.25
2013-05-03 15:00:00,49,0.15
2013-05-03 16:00:00,48,0.08
2013-05-03 17:00:00,47,0.03
2013-05-03 18:00:00,49,0.01
2013-05-03 19:00:00,50,0.0
2013-05-03 20:00:00,50,0.0
2013-05-03 21:00:00,49,0.0
2013-05-03 22:00:00,49,0.0
2013-05-03 23:00:00,34,0.0
2013-05-04 00:00:00,23,0.0
2013-05-04 01:00:00,5,0.0
2013-05-04 02:00:00,6,0.0
2013-05-04 03:00:00,5,0.0
2013-05-04 04:00:00,5,0.01
2013-05-04 05:00:00,5,0.03
2013-05-04 06:00:00,5,0.04
2013-05-04 07:00:00,14,0.07
2013-05-04 08:00:00,62,0.06
2013-05-04 09:00:00,58,0.1
2013-05-04 10:00:00,55,0.22
2013-05-04 11:00:00,51,0.3
2013-05-04 12:00:00,49,0.69
2013-05-04 13:00:00,48,0.92
2013-05-04 14:00:00,48,0.72
2013-05-04 15:00:00,48,0.58
2013-05-04 16:00:00,47,0.34
2013-05-04 17:00:00,47,0.1
2013-05-04 18:00:00,48,0.01
2013-05-04 19:00:00,48,0.0
2013-05-04 20:00:00,48,0.0
2013-05-04 21:00:00,47,0.0
2013-05-04 22:00:00,47,0.0
2013-05-04 23:00:00,34,0.0
2013-05-05 00:00:00,22,0.0
2013-05-05 01:00:00,5,0.0
2013-05-05 02:00:00,5,0.0
2013-05-05 03:00:00,5,0.0
2013-05-05 04:00:00,5,0.01
2013-05-05 05:00:00,5,0.11
2013-05-05 06:00:00,5,0.07
2013-05-05 07:00:00,16,0.15
2013-05-05 08:00:00,50,0.15
2013-05-05 09:00:00,46,0.18
2013-05-05 10:00:00,48,0.44
2013-05-05 11:00:00,49,0.55
2013-05-05 12:00:00,48,0.45
2013-05-05 13:00:00,47,0.31
2013-05-05 14:00:00,46,0.21
2013-05-05 15:00:00,46,0.19
2013-05-05 16:00:00,47,0.1
2013-05-05 17:00:00,46,0.04
2013-05-05 18:00:00,48,0.01
2013-05-05 19:00:00,47,0.0
2013-05-05 20:00:00,47,0.0
2013-05-05 21:00:00,46,0.0
2013-05-05 22:00:00,45,0.0
2013-05-05 23:00:00,34,0.0
2013-05-06 00:00:00,21,0.0
2013-05-06 01:00:00,5,0.0
2013-05-06 02:00:00,5,0.0
2013-05-06 03:00:00,5,0.0
2013-05-06 04:00:00,5,0.01
2013-05-06 05:00:00,5,0.13
2013-05-06 06:00:00,5,0.34
2013-05-06 07:00:00,11,0.43
2013-05-06 08:00:00,46,0.37
2013-05-06 09:00:00,44,0.6
2013-05-06 10:00:00,46,0.89
2013-05-06 11:00:00,47,1.0
2013-05-06 12:00:00,47,0.9
2013-05-06 13:00:00,50,0.79
2013-05-06 14:00:00,50,0.57
2013-05-06 15:00:00,52,0.23
2013-05-06 16:00:00,52,0.18
2013-05-06 17:00:00,51,0.09
2013-05-06 18:00:00,51,0.01
2013-05-06 19:00:00,48,0.0
2013-05-06 20:00:00,48,0.0
2013-05-06 21:00:00,46,0.0
2013-05-06 22:00:00,45,0.0
2013-05-06 23:00:00,35,0.0
2013-05-07 00:00:00,33,0.0
2013-05-07 01:00:00,11,0.0
2013-05-07 02:00:00,5,0.0
2013-05-07 03:00:00,5,0.0
2013-05-07 04:00:00,5,0.01
2013-05-07 05:00:00,5,0.06
2013-05-07 06:00:00,5,0.16
2013-05-07 07:00:00,10,0.19
2013-05-07 08:00:00,35,0.11
2013-05-07 09:00:00,48,0.15
2013-05-07 10:00:00,72,0.29
2013-05-07 11:00:00,67,0.25
2013-05-07 12:00:00,69,0.25
2013-05-07 13:00:00,64,0.28
2013-05-07 14:00:00,60,0.52
2013-05-07 15:00:00,62,0.38
2013-05-07 16:00:00,62,0.3
2013-05-07 17:00:00,64,0.1
2013-05-07 18:00:00,63,0.01
2013-05-07 19:00:00,62,0.0
2013-05-07 20:00:00,60,0.0
2013-05-07 21:00:00,64,0.0
2013-05-07 22:00:00,58,0.0
2013-05-07 23:00:00,36,0.0
2013-05-08 00:00:00,21,0.0
2013-05-08 01:00:00,6,0.0
2013-05-08 02:00:00,6,0.0
2013-05-08 03:00:00,6,0.0
2013-05-08 04:00:00,5,0.01
2013-05-08 05:00:00,6,0.1
2013-05-08 06:00:00,6,0.34
2013-05-08 07:00:00,17,0.58
2013-05-08 08:00:00,74,0.79
2013-05-08 09:00:00,69,0.96
2013-05-08 10:00:00,67,1.0
2013-05-08 11:00:00,61,1.0
2013-05-08 12:00:00,55,1.0
2013-05-08 13:00:00,52,0.95
2013-05-08 14:00:00,50,0.8
2013-05-08 15:00:00,50,0.6
2013-05-08 16:00:00,50,0.37
2013-05-08 17:00:00,50,0.1
2013-05-08 18:00:00,50,0.01
2013-05-08 19:00:00,51,0.0
2013-05-08 20:00:00,52,0.0
2013-05-08 21:00:00,52,0.0
2013-05-08 22:00:00,52,0.0
2013-05-08 23:00:00,39,0.0
2013-05-09 00:00:00,27,0.0
2013-05-09 01:00:00,8,0.0
2013-05-09 02:00:00,8,0.0
2013-05-09 03:00:00,8,0.0
2013-05-09 04:00:00,8,0.01
2013-05-09 05:00:00,6,0.14
2013-05-09 06:00:00,6,0.35
2013-05-09 07:00:00,11,0.56
2013-05-09 08:00:00,66,0.76
2013-05-09 09:00:00,61,0.93
2013-05-09 10:00:00,57,1.0
2013-05-09 11:00:00,52,1.0
2013-05-09 12:00:00,50,1.0
2013-05-09 13:00:00,49,0.94
2013-05-09 14:00:00,49,0.74
2013-05-09 15:00:00,49,0.53
2013-05-09 16:00:00,48,0.29
2013-05-09 17:00:00,49,0.11
2013-05-09 18:00:00,49,0.01
2013-05-09 19:00:00,51,0.0
2013-05-09 20:00:00,50,0.0
2013-05-09 21:00:00,48,0.0
2013-05-09 22:00:00,47,0.0
2013-05-09 23:00:00,35,0.0
2013-05-10 00:00:00,23,0.0
2013-05-10 01:00:00,5,0.0
2013-05-10 02:00:00,5,0.0
2013-05-10 03:00:00,5,0.0
2013-05-10 04:00:00,5,0.01
2013-05-10 05:00:00,5,0.03
2013-05-10 06:00:00,5,0.07
2013-05-10 07:00:00,15,0.11
2013-05-10 08:00:00,63,0.11
2013-05-10 09:00:00,55,0.14
2013-05-10 10:00:00,51,0.15
2013-05-10 11:00:00,50,0.11
2013-05-10 12:00:00,51,0.11
2013-05-10 13:00:00,50,0.09
2013-05-10 14:00:00,49,0.07
2013-05-10 15:00:00,49,0.05
2013-05-10 16:00:00,49,0.04
2013-05-10 17:00:00,51,0.02
2013-05-10 18:00:00,50,0.01
2013-05-10 19:00:00,51,0.0
2013-05-10 20:00:00,50,0.0
2013-05-10 21:00:00,49,0.0
2013-05-10 22:00:00,48,0.0
2013-05-10 23:00:00,35,0.0
2013-05-11 00:00:00,23,0.0
2013-05-11 01:00:00,5,0.0
2013-05-11 02:00:00,5,0.0
2013-05-11 03:00:00,5,0.0
2013-05-11 04:00:00,5,0.01
2013-05-11 05:00:00,5,0.03
2013-05-11 06:00:00,5,0.05
2013-05-11 07:00:00,13,0.09
2013-05-11 08:00:00,60,0.14
2013-05-11 09:00:00,50,0.15
2013-05-11 10:00:00,48,0.18
2013-05-11 11:00:00,50,0.25
2013-05-11 12:00:00,50,0.21
2013-05-11 13:00:00,49,0.26
2013-05-11 14:00:00,50,0.11
2013-05-11 15:00:00,49,0.1
2013-05-11 16:00:00,49,0.11
2013-05-11 17:00:00,49,0.04
2013-05-11 18:00:00,50,0.02
2013-05-11 19:00:00,49,0.0
2013-05-11 20:00:00,49,0.0
2013-05-11 21:00:00,48,0.0
2013-05-11 22:00:00,46,0.0
2013-05-11 23:00:00,35,0.0
2013-05-12 00:00:00,19,0.0
2013-05-12 01:00:00,5,0.0
2013-05-12 02:00:00,5,0.0
2013-05-12 03:00:00,5,0.0
2013-05-12 04:00:00,5,0.01
2013-05-12 05:00:00,5,0.03
2013-05-12 06:00:00,5,0.09
2013-05-12 07:00:00,12,0.38
2013-05-12 08:00:00,47,0.26
2013-05-12 09:00:00,45,0.33
2013-05-12 10:00:00,48,0.46
2013-05-12 11:00:00,48,0.52
2013-05-12 12:00:00,49,0.84
2013-05-12 13:00:00,49,0.74
2013-05-12 14:00:00,49,0.79
2013-05-12 15:00:00,50,0.6
2013-05-12 16:00:00,51,0.39
2013-05-12 17:00:00,51,0.11
2013-05-12 18:00:00,52,0.02
2013-05-12 19:00:00,52,0.0
2013-05-12 20:00:00,51,0.0
2013-05-12 21:00:00,52,0.0
2013-05-12 22:00:00,50,0.0
2013-05-12 23:00:00,35,0.0
2013-05-13 00:00:00,19,0.0
2013-05-13 01:00:00,5,0.0
2013-05-13 02:00:00,5,0.0
2013-05-13 03:00:00,5,0.0
2013-05-13 04:00:00,5,0.01
2013-05-13 05:00:00,5,0.14
2013-05-13 06:00:00,5,0.36
2013-05-13 07:00:00,15,0.57
2013-05-13 08:00:00,49,0.78
2013-05-13 09:00:00,59,0.94
2013-05-13 10:00:00,60,1.0
2013-05-13 11:00:00,60,1.0
2013-05-13 12:00:00,56,1.0
2013-05-13 13:00:00,55,0.92
2013-05-13 14:00:00,54,0.67
2013-05-13 15:00:00,52,0.59
2013-05-13 16:00:00,52,0.36
2013-05-13 17:00:00,54,0.11
2013-05-13 18:00:00,53,0.01
2013-05-13 19:00:00,51,0.0
2013-05-13 20:00:00,49,0.0
2013-05-13 21:00:00,48,0.0
2013-05-13 22:00:00,47,0.0
2013-05-13 23:00:00,36,0.0
2013-05-14 00:00:00,21,0.0
2013-05-14 01:00:00,6,0.0
2013-05-14 02:00:00,6,0.0
2013-05-14 03:00:00,6,0.0
2013-05-14 04:00:00,6,0.01
2013-05-14 05:00:00,6,0.1
2013-05-14 06:00:00,6,0.32
2013-05-14 07:00:00,10,0.53
2013-05-14 08:00:00,42,0.77
2013-05-14 09:00:00,45,0.88
2013-05-14 10:00:00,48,0.86
2013-05-14 11:00:00,48,0.65
2013-05-14 12:00:00,48,0.47
2013-05-14 13:00:00,47,0.68
2013-05-14 14:00:00,47,0.71
2013-05-14 15:00:00,47,0.29
2013-05-14 16:00:00,47,0.31
2013-05-14 17:00:00,48,0.07
2013-05-14 18:00:00,49,0.01
2013-05-14 19:00:00,49,0.0
2013-05-14 20:00:00,50,0.0
2013-05-14 21:00:00,48,0.0
2013-05-14 22:00:00,48,0.0
2013-05-14 23:00:00,37,0.0
2013-05-15 00:00:00,20,0.0
2013-05-15 01:00:00,5,0.0
2013-05-15 02:00:00,5,0.0
2013-05-15 03:00:00,5,0.0
2013-05-15 04:00:00,5,0.01
2013-05-15 05:00:00,5,0.15
2013-05-15 06:00:00,5,0.37
2013-05-15 07:00:00,12,0.6
2013-05-15 08:00:00,46,0.8
2013-05-15 09:00:00,46,0.96
2013-05-15 10:00:00,49,1.0
2013-05-15 11:00:00,49,1.0
2013-05-15 12:00:00,50,1.0
2013-05-15 13:00:00,49,0.97
2013-05-15 14:00:00,47,0.8
2013-05-15 15:00:00,47,0.47
2013-05-15 16:00:00,49,0.29
2013-05-15 17:00:00,53,0.11
2013-05-15 18:00:00,51,0.01
2013-05-15 19:00:00,51,0.0
2013-05-15 20:00:00,52,0.0
2013-05-15 21:00:00,49,0.0
2013-05-15 22:00:00,47,0.0
2013-05-15 23:00:00,36,0.0
2013-05-16 00:00:00,26,0.0
2013-05-16 01:00:00,6,0.0
2013-05-16 02:00:00,5,0.0
2013-05-16 03:00:00,5,0.0
2013-05-16 04:00:00,5,0.01
2013-05-16 05:00:00,5,0.07
2013-05-16 06:00:00,5,0.14
2013-05-16 07:00:00,11,0.41
2013-05-16 08:00:00,42,0.78
2013-05-16 09:00:00,42,0.8
2013-05-16 10:00:00,46,0.79
2013-05-16 11:00:00,46,0.63
2013-05-16 12:00:00,47,0.59
2013-05-16 13:00:00,48,0.42
2013-05-16 14:00:00,47,0.44
2013-05-16 15:00:00,47,0.42
2013-05-16 16:00:00,48,0.11
2013-05-16 17:00:00,47,0.06
2013-05-16 18:00:00,49,0.01
2013-05-16 19:00:00,50,0.0
2013-05-16 20:00:00,49,0.0
2013-05-16 21:00:00,47,0.0
2013-05-16 22:00:00,46,0.0
2013-05-16 23:00:00,36,0.0
2013-05-17 00:00:00,25,0.0
2013-05-17 01:00:00,5,0.0
2013-05-17 02:00:00,5,0.0
2013-05-17 03:00:00,5,0.0
2013-05-17 04:00:00,5,0.01
2013-05-17 05:00:00,5,0.02
2013-05-17 06:00:00,5,0.04
2013-05-17 07:00:00,13,0.07
2013-05-17 08:00:00,42,0.13
2013-05-17 09:00:00,43,0.12
2013-05-17 10:00:00,46,0.15
2013-05-17 11:00:00,46,0.16
2013-05-17 12:00:00,47,0.18
2013-05-17 13:00:00,48,0.22
2013-05-17 14:00:00,47,0.14
2013-05-17 15:00:00,48,0.12
2013-05-17 16:00:00,50,0.07
2013-05-17 17:00:00,49,0.03
2013-05-17 18:00:00,49,0.0
2013-05-17 19:00:00,52,0.0
2013-05-17 20:00:00,50,0.0
2013-05-17 21:00:00,48,0.0
2013-05-17 22:00:00,48,0.0
2013-05-17 23:00:00,37,0.0
2013-05-18 00:00:00,24,0.0
2013-05-18 01:00:00,5,0.0
2013-05-18 02:00:00,5,0.0
2013-05-18 03:00:00,5,0.0
2013-05-18 04:00:00,5,0.02
2013-05-18 05:00:00,5,0.16
2013-05-18 06:00:00,5,0.38
2013-05-18 07:00:00,15,0.59
2013-05-18 08:00:00,42,0.8
2013-05-18 09:00:00,42,0.96
2013-05-18 10:00:00,45,1.0
2013-05-18 11:00:00,47,1.0
2013-05-18 12:00:00,47,1.0
2013-05-18 13:00:00,48,0.98
2013-05-18 14:00:00,49,0.81
2013-05-18 15:00:00,50,0.6
2013-05-18 16:00:00,50,0.38
2013-05-18 17:00:00,51,0.12
2013-05-18 18:00:00,52,0.02
2013-05-18 19:00:00,51,0.0
2013-05-18 20:00:00,49,0.0
2013-05-18 21:00:00,49,0.0
2013-05-18 22:00:00,48,0.0
2013-05-18 23:00:00,36,0.0
2013-05-19 00:00:00,24,0.0
2013-05-19 01:00:00,5,0.0
2013-05-19 02:00:00,5,0.0
2013-05-19 03:00:00,5,0.0
2013-05-19 04:00:00,5,0.02
2013-05-19 05:00:00,5,0.15
2013-05-19 06:00:00,5,0.38
2013-05-19 07:00:00,17,0.6
2013-05-19 08:00:00,43,0.81
2013-05-19 09:00:00,42,0.96
2013-05-19 10:00:00,45,1.0
2013-05-19 11:00:00,47,1.0
2013-05-19 12:00:00,50,1.0
2013-05-19 13:00:00,52,0.97
2013-05-19 14:00:00,51,0.82
2013-05-19 15:00:00,53,0.62
2013-05-19 16:00:00,53,0.37
2013-05-19 17:00:00,52,0.12
2013-05-19 18:00:00,52,0.02
2013-05-19 19:00:00,49,0.0
2013-05-19 20:00:00,48,0.0
2013-05-19 21:00:00,47,0.0
2013-05-19 22:00:00,45,0.0
2013-05-19 23:00:00,36,0.0
2013-05-20 00:00:00,21,0.0
2013-05-20 01:00:00,5,0.0
2013-05-20 02:00:00,5,0.0
2013-05-20 03:00:00,5,0.0
2013-05-20 04:00:00,5,0.02
2013-05-20 05:00:00,5,0.12
2013-05-20 06:00:00,5,0.38
2013-05-20 07:00:00,10,0.59
2013-05-20 08:00:00,40,0.78
2013-05-20 09:00:00,45,0.93
2013-05-20 10:00:00,47,1.0
2013-05-20 11:00:00,46,1.0
2013-05-20 12:00:00,47,1.0
2013-05-20 13:00:00,46,0.92
2013-05-20 14:00:00,46,0.45
2013-05-20 15:00:00,47,0.22
2013-05-20 16:00:00,46,0.15
2013-05-20 17:00:00,50,0.05
2013-05-20 18:00:00,57,0.01
2013-05-20 19:00:00,55,0.0
2013-05-20 20:00:00,54,0.0
2013-05-20 21:00:00,51,0.0
2013-05-20 22:00:00,48,0.0
2013-05-20 23:00:00,35,0.0
2013-05-21 00:00:00,31,0.0
2013-05-21 01:00:00,17,0.0
2013-05-21 02:00:00,5,0.0
2013-05-21 03:00:00,5,0.0
2013-05-21 04:00:00,5,0.01
2013-05-21 05:00:00,5,0.09
2013-05-21 06:00:00,5,0.36
2013-05-21 07:00:00,14,0.35
2013-05-21 08:00:00,42,0.36
2013-05-21 09:00:00,44,0.41
2013-05-21 10:00:00,49,0.51
2013-05-21 11:00:00,50,0.34
2013-05-21 12:00:00,52,0.55
2013-05-21 13:00:00,53,0.67
2013-05-21 14:00:00,53,0.65
2013-05-21 15:00:00,53,0.51
2013-05-21 16:00:00,53,0.36
2013-05-21 17:00:00,54,0.11
2013-05-21 18:00:00,55,0.02
2013-05-21 19:00:00,55,0.0
2013-05-21 20:00:00,55,0.0
2013-05-21 21:00:00,51,0.0
2013-05-21 22:00:00,49,0.0
2013-05-21 23:00:00,38,0.0
2013-05-22 00:00:00,24,0.0
2013-05-22 01:00:00,6,0.0
2013-05-22 02:00:00,6,0.0
2013-05-22 03:00:00,5,0.0
2013-05-22 04:00:00,5,0.02
2013-05-22 05:00:00,5,0.16
2013-05-22 06:00:00,5,0.38
2013-05-22 07:00:00,14,0.59
2013-05-22 08:00:00,42,0.79
2013-05-22 09:00:00,43,0.95
2013-05-22 10:00:00,46,1.0
2013-05-22 11:00:00,47,1.0
2013-05-22 12:00:00,50,1.0
2013-05-22 13:00:00,51,0.9
2013-05-22 14:00:00,54,0.56
2013-05-22 15:00:00,54,0.5
2013-05-22 16:00:00,54,0.37
2013-05-22 17:00:00,56,0.12
2013-05-22 18:00:00,55,0.02
2013-05-22 19:00:00,54,0.0
2013-05-22 20:00:00,55,0.0
2013-05-22 21:00:00,51,0.0
2013-05-22 22:00:00,48,0.0
2013-05-22 23:00:00,35,0.0
2013-05-23 00:00:00,33,0.0
2013-05-23 01:00:00,6,0.0
2013-05-23 02:00:00,5,0.0
2013-05-23 03:00:00,5,0.0
2013-05-23 04:00:00,5,0.02
2013-05-23 05:00:00,5,0.16
2013-05-23 06:00:00,5,0.31
2013-05-23 07:00:00,17,0.59
2013-05-23 08:00:00,42,0.79
2013-05-23 09:00:00,43,0.89
2013-05-23 10:00:00,47,0.95
2013-05-23 11:00:00,47,1.0
2013-05-23 12:00:00,48,1.0
2013-05-23 13:00:00,48,0.96
2013-05-23 14:00:00,48,0.8
2013-05-23 15:00:00,49,0.59
2013-05-23 16:00:00,47,0.39
2013-05-23 17:00:00,46,0.12
2013-05-23 18:00:00,49,0.02
2013-05-23 19:00:00,49,0.0
2013-05-23 20:00:00,49,0.0
2013-05-23 21:00:00,48,0.0
2013-05-23 22:00:00,47,0.0
2013-05-23 23:00:00,37,0.0
2013-05-24 00:00:00,23,0.0
2013-05-24 01:00:00,6,0.0
2013-05-24 02:00:00,6,0.0
2013-05-24 03:00:00,5,0.0
2013-05-24 04:00:00,5,0.02
2013-05-24 05:00:00,5,0.14
2013-05-24 06:00:00,5,0.38
2013-05-24 07:00:00,12,0.58
2013-05-24 08:00:00,44,0.78
2013-05-24 09:00:00,45,0.91
2013-05-24 10:00:00,47,0.94
2013-05-24 11:00:00,47,0.85
2013-05-24 12:00:00,49,0.96
2013-05-24 13:00:00,48,0.73
2013-05-24 14:00:00,48,0.27
2013-05-24 15:00:00,48,0.27
2013-05-24 16:00:00,47,0.16
2013-05-24 17:00:00,46,0.07
2013-05-24 18:00:00,48,0.02
2013-05-24 19:00:00,49,0.0
2013-05-24 20:00:00,49,0.0
2013-05-24 21:00:00,48,0.0
2013-05-24 22:00:00,47,0.0
2013-05-24 23:00:00,36,0.0
2013-05-25 00:00:00,23,0.0
2013-05-25 01:00:00,6,0.0
2013-05-25 02:00:00,6,0.0
2013-05-25 03:00:00,6,0.0
2013-05-25 04:00:00,6,0.01
2013-05-25 05:00:00,6,0.05
2013-05-25 06:00:00,6,0.13
2013-05-25 07:00:00,11,0.17
2013-05-25 08:00:00,46,0.2
2013-05-25 09:00:00,44,0.34
2013-05-25 10:00:00,46,0.25
2013-05-25 11:00:00,47,0.24
2013-05-25 12:00:00,47,0.38
2013-05-25 13:00:00,48,0.21
2013-05-25 14:00:00,47,0.21
2013-05-25 15:00:00,48,0.09
2013-05-25 16:00:00,47,0.08
2013-05-25 17:00:00,47,0.04
2013-05-25 18:00:00,49,0.01
2013-05-25 19:00:00,48,0.0
2013-05-25 20:00:00,48,0.0
2013-05-25 21:00:00,48,0.0
2013-05-25 22:00:00,46,0.0
2013-05-25 23:00:00,38,0.0
2013-05-26 00:00:00,23,0.0
2013-05-26 01:00:00,6,0.0
2013-05-26 02:00:00,5,0.0
2013-05-26 03:00:00,5,0.0
2013-05-26 04:00:00,5,0.01
2013-05-26 05:00:00,5,0.04
2013-05-26 06:00:00,5,0.08
2013-05-26 07:00:00,12,0.12
2013-05-26 08:00:00,22,0.22
2013-05-26 09:00:00,41,0.26
2013-05-26 10:00:00,45,0.3
2013-05-26 11:00:00,45,0.27
2013-05-26 12:00:00,46,0.35
2013-05-26 13:00:00,50,0.32
2013-05-26 14:00:00,51,0.52
2013-05-26 15:00:00,52,0.17
2013-05-26 16:00:00,53,0.12
2013-05-26 17:00:00,53,0.05
2013-05-26 18:00:00,54,0.01
2013-05-26 19:00:00,53,0.0
2013-05-26 20:00:00,50,0.0
2013-05-26 21:00:00,49,0.0
2013-05-26 22:00:00,45,0.0
2013-05-26 23:00:00,34,0.0
2013-05-27 00:00:00,32,0.0
2013-05-27 01:00:00,7,0.0
2013-05-27 02:00:00,5,0.0
2013-05-27 03:00:00,5,0.0
2013-05-27 04:00:00,5,0.0
2013-05-27 05:00:00,5,0.03
2013-05-27 06:00:00,5,0.08
2013-05-27 07:00:00,13,0.09
2013-05-27 08:00:00,43,0.23
2013-05-27 09:00:00,44,0.24
2013-05-27 10:00:00,46,0.39
2013-05-27 11:00:00,50,0.34
2013-05-27 12:00:00,53,0.46
2013-05-27 13:00:00,54,0.39
2013-05-27 14:00:00,56,0.44
2013-05-27 15:00:00,57,0.48
2013-05-27 16:00:00,57,0.31
2013-05-27 17:00:00,59,0.1
2013-05-27 18:00:00,58,0.03
2013-05-27 19:00:00,59,0.0
2013-05-27 20:00:00,57,0.0
2013-05-27 21:00:00,55,0.0
2013-05-27 22:00:00,50,0.0
2013-05-27 23:00:00,35,0.0
2013-05-28 00:00:00,21,0.0
2013-05-28 01:00:00,5,0.0
2013-05-28 02:00:00,5,0.0
2013-05-28 03:00:00,5,0.0
2013-05-28 04:00:00,5,0.02
2013-05-28 05:00:00,5,0.17
2013-05-28 06:00:00,5,0.3
2013-05-28 07:00:00,10,0.58
2013-05-28 08:00:00,37,0.8
2013-05-28 09:00:00,44,0.97
2013-05-28 10:00:00,49,1.0
2013-05-28 11:00:00,48,1.0
2013-05-28 12:00:00,48,1.0
2013-05-28 13:00:00,48,0.95
2013-05-28 14:00:00,54,0.82
2013-05-28 15:00:00,53,0.59
2013-05-28 16:00:00,52,0.39
2013-05-28 17:00:00,54,0.12
2013-05-28 18:00:00,54,0.03
2013-05-28 19:00:00,58,0.0
2013-05-28 20:00:00,57,0.0
2013-05-28 21:00:00,56,0.0
2013-05-28 22:00:00,50,0.0
2013-05-28 23:00:00,37,0.0
2013-05-29 00:00:00,22,0.0
2013-05-29 01:00:00,7,0.0
2013-05-29 02:00:00,5,0.0
2013-05-29 03:00:00,5,0.0
2013-05-29 04:00:00,5,0.03
2013-05-29 05:00:00,5,0.17
2013-05-29 06:00:00,5,0.39
2013-05-29 07:00:00,12,0.6
2013-05-29 08:00:00,42,0.8
2013-05-29 09:00:00,44,0.95
2013-05-29 10:00:00,51,1.0
2013-05-29 11:00:00,52,1.0
2013-05-29 12:00:00,54,1.0
2013-05-29 13:00:00,55,0.88
2013-05-29 14:00:00,55,0.62
2013-05-29 15:00:00,55,0.34
2013-05-29 16:00:00,54,0.27
2013-05-29 17:00:00,56,0.09
2013-05-29 18:00:00,57,0.02
2013-05-29 19:00:00,58,0.0
2013-05-29 20:00:00,56,0.0
2013-05-29 21:00:00,54,0.0
2013-05-29 22:00:00,52,0.0
2013-05-29 23:00:00,36,0.0
2013-05-30 00:00:00,23,0.0
2013-05-30 01:00:00,7,0.0
2013-05-30 02:00:00,7,0.0
2013-05-30 03:00:00,6,0.0
2013-05-30 04:00:00,6,0.01
2013-05-30 05:00:00,6,0.04
2013-05-30 06:00:00,7,0.11
2013-05-30 07:00:00,14,0.17
2013-05-30 08:00:00,42,0.23
2013-05-30 09:00:00,43,0.62
2013-05-30 10:00:00,48,0.97
2013-05-30 11:00:00,50,1.0
2013-05-30 12:00:00,52,0.91
2013-05-30 13:00:00,52,0.94
2013-05-30 14:00:00,54,0.81
2013-05-30 15:00:00,55,0.64
2013-05-30 16:00:00,51,0.42
2013-05-30 17:00:00,50,0.13
2013-05-30 18:00:00,51,0.02
2013-05-30 19:00:00,50,0.0
2013-05-30 20:00:00,50,0.0
2013-05-30 21:00:00,49,0.0
2013-05-30 22:00:00,47,0.0
2013-05-30 23:00:00,37,0.0
2013-05-31 00:00:00,23,0.0
2013-05-31 01:00:00,7,0.0
2013-05-31 02:00:00,6,0.0
2013-05-31 03:00:00,5,0.0
2013-05-31 04:00:00,5,0.02
2013-05-31 05:00:00,5,0.08
2013-05-31 06:00:00,5,0.14
2013-05-31 07:00:00,14,0.18
2013-05-31 08:00:00,42,0.42
2013-05-31 09:00:00,43,0.57
2013-05-31 10:00:00,47,0.66
2013-05-31 11:00:00,49,0.87
2013-05-31 12:00:00,51,0.87
2013-05-31 13:00:00,52,0.5
2013-05-31 14:00:00,54,0.3
2013-05-31 15:00:00,56,0.17
2013-05-31 16:00:00,57,0.11
2013-05-31 17:00:00,56,0.06
2013-05-31 18:00:00,59,0.01
2013-05-31 19:00:00,56,0.0
2013-05-31 20:00:00,55,0.0
2013-05-31 21:00:00,53,0.0
2013-05-31 22:00:00,49,0.0
2013-05-31 23:00:00,35,0.0
2013-06-01 00:00:00,20,0.0
2013-06-01 01:00:00,5,0.0
2013-06-01 02:00:00,5,0.0
2013-06-01 03:00:00,5,0.0
2013-06-01 04:00:00,5,0.02
2013-06-01 05:00:00,5,0.17
2013-06-01 06:00:00,5,0.39
2013-06-01 07:00:00,15,0.61
2013-06-01 08:00:00,42,0.8
2013-06-01 09:00:00,42,0.97
2013-06-01 10:00:00,45,1.0
2013-06-01 11:00:00,46,0.93
2013-06-01 12:00:00,47,0.62
2013-06-01 13:00:00,48,0.97
2013-06-01 14:00:00,50,0.84
2013-06-01 15:00:00,51,0.62
2013-06-01 16:00:00,51,0.38
2013-06-01 17:00:00,49,0.11
2013-06-01 18:00:00,51,0.03
2013-06-01 19:00:00,50,0.0
2013-06-01 20:00:00,51,0.0
2013-06-01 21:00:00,49,0.0
2013-06-01 22:00:00,46,0.0
2013-06-01 23:00:00,35,0.0
2013-06-02 00:00:00,20,0.0
2013-06-02 01:00:00,5,0.0
2013-06-02 02:00:00,5,0.0
2013-06-02 03:00:00,5,0.0
2013-06-02 04:00:00,5,0.03
2013-06-02 05:00:00,5,0.17
2013-06-02 06:00:00,5,0.39
2013-06-02 07:00:00,10,0.6
2013-06-02 08:00:00,32,0.8
2013-06-02 09:00:00,42,0.93
2013-06-02 10:00:00,45,1.0
2013-06-02 11:00:00,47,1.0
2013-06-02 12:00:00,47,0.99
2013-06-02 13:00:00,50,0.44
2013-06-02 14:00:00,49,0.36
2013-06-02 15:00:00,50,0.39
2013-06-02 16:00:00,50,0.16
2013-06-02 17:00:00,54,0.07
2013-06-02 18:00:00,54,0.02
2013-06-02 19:00:00,51,0.0
2013-06-02 20:00:00,49,0.0
2013-06-02 21:00:00,47,0.0
2013-06-02 22:00:00,45,0.0
2013-06-02 23:00:00,35,0.0
2013-06-03 00:00:00,21,0.0
2013-06-03 01:00:00,5,0.0
2013-06-03 02:00:00,5,0.0
2013-06-03 03:00:00,5,0.0
2013-06-03 04:00:00,5,0.01
2013-06-03 05:00:00,5,0.06
2013-06-03 06:00:00,5,0.12
2013-06-03 07:00:00,13,0.17
2013-06-03 08:00:00,42,0.26
2013-06-03 09:00:00,42,0.34
2013-06-03 10:00:00,45,0.88
2013-06-03 11:00:00,46,0.99
2013-06-03 12:00:00,46,0.82
2013-06-03 13:00:00,47,0.55
2013-06-03 14:00:00,46,0.39
2013-06-03 15:00:00,46,0.22
2013-06-03 16:00:00,47,0.19
2013-06-03 17:00:00,48,0.08
2013-06-03 18:00:00,48,0.03
2013-06-03 19:00:00,48,0.0
2013-06-03 20:00:00,48,0.0
2013-06-03 21:00:00,48,0.0
2013-06-03 22:00:00,46,0.0
2013-06-03 23:00:00,36,0.0
2013-06-04 00:00:00,25,0.0
2013-06-04 01:00:00,5,0.0
2013-06-04 02:00:00,5,0.0
2013-06-04 03:00:00,5,0.0
2013-06-04 04:00:00,5,0.02
2013-06-04 05:00:00,5,0.12
2013-06-04 06:00:00,5,0.38
2013-06-04 07:00:00,15,0.42
2013-06-04 08:00:00,42,0.24
2013-06-04 09:00:00,43,0.74
2013-06-04 10:00:00,46,0.97
2013-06-04 11:00:00,46,0.78
2013-06-04 12:00:00,47,0.42
2013-06-04 13:00:00,47,0.77
2013-06-04 14:00:00,47,0.39
2013-06-04 15:00:00,49,0.29
2013-06-04 16:00:00,49,0.16
2013-06-04 17:00:00,51,0.13
2013-06-04 18:00:00,52,0.01
2013-06-04 19:00:00,50,0.0
2013-06-04 20:00:00,48,0.0
2013-06-04 21:00:00,48,0.0
2013-06-04 22:00:00,47,0.0
2013-06-04 23:00:00,34,0.0
2013-06-05 00:00:00,24,0.0
2013-06-05 01:00:00,6,0.0
2013-06-05 02:00:00,6,0.0
2013-06-05 03:00:00,5,0.0
2013-06-05 04:00:00,5,0.02
2013-06-05 05:00:00,5,0.16
2013-06-05 06:00:00,5,0.4
2013-06-05 07:00:00,12,0.6
2013-06-05 08:00:00,42,0.81
2013-06-05 09:00:00,42,0.97
2013-06-05 10:00:00,46,1.0
2013-06-05 11:00:00,46,0.92
2013-06-05 12:00:00,46,0.66
2013-06-05 13:00:00,48,0.73
2013-06-05 14:00:00,48,0.7
2013-06-05 15:00:00,51,0.61
2013-06-05 16:00:00,52,0.35
2013-06-05 17:00:00,52,0.11
2013-06-05 18:00:00,53,0.03
2013-06-05 19:00:00,53,0.0
2013-06-05 20:00:00,52,0.0
2013-06-05 21:00:00,49,0.0
2013-06-05 22:00:00,47,0.0
2013-06-05 23:00:00,37,0.0
2013-06-06 00:00:00,23,0.0
2013-06-06 01:00:00,6,0.0
2013-06-06 02:00:00,5,0.0
2013-06-06 03:00:00,5,0.0
2013-06-06 04:00:00,5,0.01
2013-06-06 05:00:00,5,0.05
2013-06-06 06:00:00,5,0.13
2013-06-06 07:00:00,14,0.2
2013-06-06 08:00:00,42,0.25
2013-06-06 09:00:00,42,0.62
2013-06-06 10:00:00,46,0.77
2013-06-06 11:00:00,47,0.67
2013-06-06 12:00:00,47,0.41
2013-06-06 13:00:00,49,0.29
2013-06-06 14:00:00,50,0.06
2013-06-06 15:00:00,50,0.09
2013-06-06 16:00:00,51,0.1
2013-06-06 17:00:00,51,0.03
2013-06-06 18:00:00,51,0.01
2013-06-06 19:00:00,51,0.0
2013-06-06 20:00:00,50,0.0
2013-06-06 21:00:00,49,0.0
2013-06-06 22:00:00,48,0.0
2013-06-06 23:00:00,38,0.0
2013-06-07 00:00:00,27,0.0
2013-06-07 01:00:00,5,0.0
2013-06-07 02:00:00,5,0.0
2013-06-07 03:00:00,5,0.0
2013-06-07 04:00:00,5,0.02
2013-06-07 05:00:00,5,0.12
2013-06-07 06:00:00,5,0.34
2013-06-07 07:00:00,10,0.45
2013-06-07 08:00:00,34,0.77
2013-06-07 09:00:00,42,0.57
2013-06-07 10:00:00,45,0.73
2013-06-07 11:00:00,46,0.58
2013-06-07 12:00:00,47,0.21
2013-06-07 13:00:00,48,0.53
2013-06-07 14:00:00,49,0.47
2013-06-07 15:00:00,51,0.45
2013-06-07 16:00:00,49,0.25
2013-06-07 17:00:00,50,0.12
2013-06-07 18:00:00,53,0.03
2013-06-07 19:00:00,52,0.0
2013-06-07 20:00:00,51,0.0
2013-06-07 21:00:00,49,0.0
2013-06-07 22:00:00,47,0.0
2013-06-07 23:00:00,35,0.0
2013-06-08 00:00:00,20,0.0
2013-06-08 01:00:00,5,0.0
2013-06-08 02:00:00,5,0.0
2013-06-08 03:00:00,5,0.0
2013-06-08 04:00:00,5,0.02
2013-06-08 05:00:00,5,0.09
2013-06-08 06:00:00,5,0.3
2013-06-08 07:00:00,14,0.59
2013-06-08 08:00:00,42,0.71
2013-06-08 09:00:00,41,0.79
2013-06-08 10:00:00,44,0.82
2013-06-08 11:00:00,46,0.62
2013-06-08 12:00:00,50,0.69
2013-06-08 13:00:00,51,0.39
2013-06-08 14:00:00,52,0.53
2013-06-08 15:00:00,53,0.24
2013-06-08 16:00:00,55,0.27
2013-06-08 17:00:00,57,0.08
2013-06-08 18:00:00,56,0.02
2013-06-08 19:00:00,55,0.0
2013-06-08 20:00:00,53,0.0
2013-06-08 21:00:00,50,0.0
2013-06-08 22:00:00,47,0.0
2013-06-08 23:00:00,38,0.0
2013-06-09 00:00:00,23,0.0
2013-06-09 01:00:00,5,0.0
2013-06-09 02:00:00,5,0.0
2013-06-09 03:00:00,5,0.0
2013-06-09 04:00:00,5,0.01
2013-06-09 05:00:00,5,0.04
2013-06-09 06:00:00,5,0.08
2013-06-09 07:00:00,13,0.1
2013-06-09 08:00:00,42,0.13
2013-06-09 09:00:00,41,0.22
2013-06-09 10:00:00,48,0.24
2013-06-09 11:00:00,53,0.16
2013-06-09 12:00:00,54,0.17
2013-06-09 13:00:00,57,0.13
2013-06-09 14:00:00,56,0.1
2013-06-09 15:00:00,57,0.08
2013-06-09 16:00:00,59,0.05
2013-06-09 17:00:00,60,0.02
2013-06-09 18:00:00,57,0.01
2013-06-09 19:00:00,54,0.0
2013-06-09 20:00:00,53,0.0
2013-06-09 21:00:00,50,0.0
2013-06-09 22:00:00,48,0.0
2013-06-09 23:00:00,37,0.0
2013-06-10 00:00:00,23,0.0
2013-06-10 01:00:00,5,0.0
2013-06-10 02:00:00,5,0.0
2013-06-10 03:00:00,5,0.0
2013-06-10 04:00:00,5,0.0
2013-06-10 05:00:00,5,0.03
2013-06-10 06:00:00,5,0.09
2013-06-10 07:00:00,10,0.12
2013-06-10 08:00:00,42,0.29
2013-06-10 09:00:00,42,0.32
2013-06-10 10:00:00,46,0.44
2013-06-10 11:00:00,50,0.66
2013-06-10 12:00:00,50,0.4
2013-06-10 13:00:00,52,0.48
2013-06-10 14:00:00,52,0.16
2013-06-10 15:00:00,54,0.33
2013-06-10 16:00:00,53,0.3
2013-06-10 17:00:00,54,0.11
2013-06-10 18:00:00,56,0.02
2013-06-10 19:00:00,55,0.0
2013-06-10 20:00:00,54,0.0
2013-06-10 21:00:00,52,0.0
2013-06-10 22:00:00,48,0.0
2013-06-10 23:00:00,36,0.0
2013-06-11 00:00:00,23,0.0
2013-06-11 01:00:00,7,0.0
2013-06-11 02:00:00,6,0.0
2013-06-11 03:00:00,5,0.0
2013-06-11 04:00:00,5,0.02
2013-06-11 05:00:00,5,0.18
2013-06-11 06:00:00,5,0.39
2013-06-11 07:00:00,13,0.59
2013-06-11 08:00:00,42,0.36
2013-06-11 09:00:00,42,0.68
2013-06-11 10:00:00,45,0.59
2013-06-11 11:00:00,46,0.85
2013-06-11 12:00:00,49,0.62
2013-06-11 13:00:00,48,0.49
2013-06-11 14:00:00,49,0.51
2013-06-11 15:00:00,51,0.2
2013-06-11 16:00:00,50,0.14
2013-06-11 17:00:00,51,0.08
2013-06-11 18:00:00,51,0.02
2013-06-11 19:00:00,53,0.0
2013-06-11 20:00:00,52,0.0
2013-06-11 21:00:00,51,0.0
2013-06-11 22:00:00,50,0.0
2013-06-11 23:00:00,37,0.0
2013-06-12 00:00:00,23,0.0
2013-06-12 01:00:00,6,0.0
2013-06-12 02:00:00,6,0.0
2013-06-12 03:00:00,5,0.0
2013-06-12 04:00:00,5,0.0
2013-06-12 05:00:00,5,0.02
2013-06-12 06:00:00,5,0.06
2013-06-12 07:00:00,12,0.1
2013-06-12 08:00:00,42,0.15
2013-06-12 09:00:00,42,0.15
2013-06-12 10:00:00,45,0.19
2013-06-12 11:00:00,47,0.18
2013-06-12 12:00:00,48,0.18
2013-06-12 13:00:00,49,0.15
2013-06-12 14:00:00,50,0.14
2013-06-12 15:00:00,51,0.12
2013-06-12 16:00:00,50,0.06
2013-06-12 17:00:00,52,0.03
2013-06-12 18:00:00,52,0.01
2013-06-12 19:00:00,55,0.0
2013-06-12 20:00:00,57,0.0
2013-06-12 21:00:00,54,0.0
2013-06-12 22:00:00,49,0.0
2013-06-12 23:00:00,36,0.0
2013-06-13 00:00:00,21,0.0
2013-06-13 01:00:00,6,0.0
2013-06-13 02:00:00,6,0.0
2013-06-13 03:00:00,6,0.0
2013-06-13 04:00:00,6,0.01
2013-06-13 05:00:00,6,0.03
2013-06-13 06:00:00,5,0.09
2013-06-13 07:00:00,10,0.17
2013-06-13 08:00:00,3,0.19
2013-06-13 09:00:00,31,0.23
2013-06-13 10:00:00,61,0.27
2013-06-13 11:00:00,63,0.27
2013-06-13 12:00:00,63,0.35
2013-06-13 13:00:00,63,0.23
2013-06-13 14:00:00,65,0.22
2013-06-13 15:00:00,66,0.14
2013-06-13 16:00:00,67,0.1
2013-06-13 17:00:00,68,0.04
2013-06-13 18:00:00,67,0.01
2013-06-13 19:00:00,66,0.0
2013-06-13 20:00:00,66,0.0
2013-06-13 21:00:00,63,0.0
2013-06-13 22:00:00,59,0.0
2013-06-13 23:00:00,37,0.0
2013-06-14 00:00:00,22,0.0
2013-06-14 01:00:00,7,0.0
2013-06-14 02:00:00,6,0.0
2013-06-14 03:00:00,5,0.0
2013-06-14 04:00:00,6,0.01
2013-06-14 05:00:00,5,0.03
2013-06-14 06:00:00,6,0.1
2013-06-14 07:00:00,15,0.13
2013-06-14 08:00:00,47,0.2
2013-06-14 09:00:00,51,0.2
2013-06-14 10:00:00,56,0.27
2013-06-14 11:00:00,59,0.28
2013-06-14 12:00:00,63,0.33
2013-06-14 13:00:00,68,0.25
2013-06-14 14:00:00,64,0.21
2013-06-14 15:00:00,64,0.16
2013-06-14 16:00:00,61,0.1
2013-06-14 17:00:00,66,0.04
2013-06-14 18:00:00,63,0.01
2013-06-14 19:00:00,66,0.0
2013-06-14 20:00:00,65,0.0
2013-06-14 21:00:00,63,0.0
2013-06-14 22:00:00,57,0.0
2013-06-14 23:00:00,36,0.0
2013-06-15 00:00:00,27,0.0
2013-06-15 01:00:00,6,0.0
2013-06-15 02:00:00,6,0.0
2013-06-15 03:00:00,5,0.0
2013-06-15 04:00:00,6,0.01
2013-06-15 05:00:00,6,0.04
2013-06-15 06:00:00,6,0.1
2013-06-15 07:00:00,15,0.15
2013-06-15 08:00:00,51,0.2
2013-06-15 09:00:00,53,0.27
2013-06-15 10:00:00,56,0.27
2013-06-15 11:00:00,64,0.28
2013-06-15 12:00:00,66,0.24
2013-06-15 13:00:00,65,0.26
2013-06-15 14:00:00,66,0.21
2013-06-15 15:00:00,64,0.17
2013-06-15 16:00:00,66,0.09
2013-06-15 17:00:00,61,0.05
2013-06-15 18:00:00,60,0.01
2013-06-15 19:00:00,60,0.0
2013-06-15 20:00:00,58,0.0
2013-06-15 21:00:00,59,0.0
2013-06-15 22:00:00,57,0.0
2013-06-15 23:00:00,37,0.0
2013-06-16 00:00:00,22,0.0
2013-06-16 01:00:00,6,0.0
2013-06-16 02:00:00,6,0.0
2013-06-16 03:00:00,5,0.0
2013-06-16 04:00:00,5,0.01
2013-06-16 05:00:00,6,0.04
2013-06-16 06:00:00,6,0.1
2013-06-16 07:00:00,13,0.13
2013-06-16 08:00:00,52,0.18
2013-06-16 09:00:00,49,0.18
2013-06-16 10:00:00,55,0.21
2013-06-16 11:00:00,54,0.22
2013-06-16 12:00:00,55,0.24
2013-06-16 13:00:00,57,0.12
2013-06-16 14:00:00,57,0.13
2013-06-16 15:00:00,58,0.08
2013-06-16 16:00:00,59,0.06
2013-06-16 17:00:00,60,0.03
2013-06-16 18:00:00,58,0.01
2013-06-16 19:00:00,56,0.0
2013-06-16 20:00:00,54,0.0
2013-06-16 21:00:00,52,0.0
2013-06-16 22:00:00,50,0.0
2013-06-16 23:00:00,38,0.0
2013-06-17 00:00:00,22,0.0
2013-06-17 01:00:00,6,0.0
2013-06-17 02:00:00,6,0.0
2013-06-17 03:00:00,5,0.0
2013-06-17 04:00:00,5,0.0
2013-06-17 05:00:00,6,0.08
2013-06-17 06:00:00,6,0.19
2013-06-17 07:00:00,13,0.26
2013-06-17 08:00:00,43,0.28
2013-06-17 09:00:00,45,0.42
2013-06-17 10:00:00,52,0.75
2013-06-17 11:00:00,53,0.83
2013-06-17 12:00:00,54,0.96
2013-06-17 13:00:00,54,0.87
2013-06-17 14:00:00,54,0.63
2013-06-17 15:00:00,59,0.49
2013-06-17 16:00:00,60,0.21
2013-06-17 17:00:00,57,0.08
2013-06-17 18:00:00,56,0.02
2013-06-17 19:00:00,53,0.0
2013-06-17 20:00:00,51,0.0
2013-06-17 21:00:00,50,0.0
2013-06-17 22:00:00,47,0.0
2013-06-17 23:00:00,36,0.0
2013-06-18 00:00:00,24,0.0
2013-06-18 01:00:00,5,0.0
2013-06-18 02:00:00,5,0.0
2013-06-18 03:00:00,5,0.0
2013-06-18 04:00:00,5,0.02
2013-06-18 05:00:00,5,0.17
2013-06-18 06:00:00,5,0.39
2013-06-18 07:00:00,14,0.6
2013-06-18 08:00:00,49,0.79
2013-06-18 09:00:00,49,0.87
2013-06-18 10:00:00,52,0.84
2013-06-18 11:00:00,54,0.86
2013-06-18 12:00:00,52,1.0
2013-06-18 13:00:00,53,0.82
2013-06-18 14:00:00,57,0.78
2013-06-18 15:00:00,56,0.38
2013-06-18 16:00:00,57,0.18
2013-06-18 17:00:00,60,0.1
2013-06-18 18:00:00,63,0.02
2013-06-18 19:00:00,63,0.0
2013-06-18 20:00:00,61,0.0
2013-06-18 21:00:00,59,0.0
2013-06-18 22:00:00,57,0.0
2013-06-18 23:00:00,40,0.0
2013-06-19 00:00:00,33,0.0
2013-06-19 01:00:00,6,0.0
2013-06-19 02:00:00,5,0.0
2013-06-19 03:00:00,5,0.0
2013-06-19 04:00:00,5,0.01
2013-06-19 05:00:00,5,0.07
2013-06-19 06:00:00,5,0.15
2013-06-19 07:00:00,10,0.14
2013-06-19 08:00:00,48,0.17
2013-06-19 09:00:00,53,0.19
2013-06-19 10:00:00,51,0.17
2013-06-19 11:00:00,57,0.15
2013-06-19 12:00:00,59,0.17
2013-06-19 13:00:00,58,0.15
2013-06-19 14:00:00,66,0.13
2013-06-19 15:00:00,59,0.06
2013-06-19 16:00:00,61,0.03
2013-06-19 17:00:00,60,0.02
2013-06-19 18:00:00,60,0.01
2013-06-19 19:00:00,59,0.0
2013-06-19 20:00:00,59,0.0
2013-06-19 21:00:00,56,0.0
2013-06-19 22:00:00,53,0.0
2013-06-19 23:00:00,37,0.0
2013-06-20 00:00:00,22,0.0
2013-06-20 01:00:00,6,0.0
2013-06-20 02:00:00,5,0.0
2013-06-20 03:00:00,5,0.0
2013-06-20 04:00:00,5,0.0
2013-06-20 05:00:00,5,0.02
2013-06-20 06:00:00,5,0.06
2013-06-20 07:00:00,10,0.12
2013-06-20 08:00:00,38,0.27
2013-06-20 09:00:00,55,0.34
2013-06-20 10:00:00,52,0.38
2013-06-20 11:00:00,53,0.29
2013-06-20 12:00:00,54,0.24
2013-06-20 13:00:00,56,0.2
2013-06-20 14:00:00,56,0.21
2013-06-20 15:00:00,59,0.17
2013-06-20 16:00:00,57,0.21
2013-06-20 17:00:00,61,0.08
2013-06-20 18:00:00,60,0.02
2013-06-20 19:00:00,61,0.0
2013-06-20 20:00:00,61,0.0
2013-06-20 21:00:00,58,0.0
2013-06-20 22:00:00,56,0.0
2013-06-20 23:00:00,40,0.0
2013-06-21 00:00:00,20,0.0
2013-06-21 01:00:00,6,0.0
2013-06-21 02:00:00,6,0.0
2013-06-21 03:00:00,5,0.0
2013-06-21 04:00:00,5,0.01
2013-06-21 05:00:00,5,0.05
2013-06-21 06:00:00,5,0.08
2013-06-21 07:00:00,16,0.21
2013-06-21 08:00:00,47,0.3
2013-06-21 09:00:00,47,0.25
2013-06-21 10:00:00,51,0.26
2013-06-21 11:00:00,53,0.29
2013-06-21 12:00:00,54,0.5
2013-06-21 13:00:00,54,0.67
2013-06-21 14:00:00,53,0.72
2013-06-21 15:00:00,53,0.49
2013-06-21 16:00:00,54,0.25
2013-06-21 17:00:00,54,0.1
2013-06-21 18:00:00,55,0.03
2013-06-21 19:00:00,56,0.0
2013-06-21 20:00:00,56,0.0
2013-06-21 21:00:00,56,0.0
2013-06-21 22:00:00,51,0.0
2013-06-21 23:00:00,35,0.0
2013-06-22 00:00:00,22,0.0
2013-06-22 01:00:00,5,0.0
2013-06-22 02:00:00,5,0.0
2013-06-22 03:00:00,5,0.0
2013-06-22 04:00:00,5,0.02
2013-06-22 05:00:00,5,0.09
2013-06-22 06:00:00,5,0.24
2013-06-22 07:00:00,11,0.35
2013-06-22 08:00:00,45,0.66
2013-06-22 09:00:00,44,0.83
2013-06-22 10:00:00,49,0.54
2013-06-22 11:00:00,52,0.33
2013-06-22 12:00:00,53,0.35
2013-06-22 13:00:00,55,0.51
2013-06-22 14:00:00,53,0.65
2013-06-22 15:00:00,53,0.61
2013-06-22 16:00:00,54,0.4
2013-06-22 17:00:00,54,0.18
2013-06-22 18:00:00,58,0.03
2013-06-22 19:00:00,55,0.0
2013-06-22 20:00:00,53,0.0
2013-06-22 21:00:00,53,0.0
2013-06-22 22:00:00,50,0.0
2013-06-22 23:00:00,37,0.0
2013-06-23 00:00:00,21,0.0
2013-06-23 01:00:00,5,0.0
2013-06-23 02:00:00,5,0.0
2013-06-23 03:00:00,5,0.0
2013-06-23 04:00:00,5,0.02
2013-06-23 05:00:00,5,0.15
2013-06-23 06:00:00,5,0.38
2013-06-23 07:00:00,11,0.6
2013-06-23 08:00:00,42,0.74
2013-06-23 09:00:00,44,0.87
2013-06-23 10:00:00,51,0.97
2013-06-23 11:00:00,53,0.9
2013-06-23 12:00:00,49,0.71
2013-06-23 13:00:00,52,0.51
2013-06-23 14:00:00,54,0.44
2013-06-23 15:00:00,56,0.2
2013-06-23 16:00:00,57,0.13
2013-06-23 17:00:00,58,0.06
2013-06-23 18:00:00,58,0.02
2013-06-23 19:00:00,56,0.0
2013-06-23 20:00:00,51,0.0
2013-06-23 21:00:00,47,0.0
2013-06-23 22:00:00,44,0.0
2013-06-23 23:00:00,34,0.0
2013-06-24 00:00:00,21,0.0
2013-06-24 01:00:00,5,0.0
2013-06-24 02:00:00,5,0.0
2013-06-24 03:00:00,5,0.0
2013-06-24 04:00:00,5,0.02
2013-06-24 05:00:00,5,0.16
2013-06-24 06:00:00,5,0.29
2013-06-24 07:00:00,12,0.35
2013-06-24 08:00:00,41,0.42
2013-06-24 09:00:00,42,0.47
2013-06-24 10:00:00,47,0.49
2013-06-24 11:00:00,52,0.37
2013-06-24 12:00:00,55,0.3
2013-06-24 13:00:00,55,0.28
2013-06-24 14:00:00,56,0.22
2013-06-24 15:00:00,60,0.16
2013-06-24 16:00:00,58,0.1
2013-06-24 17:00:00,59,0.05
2013-06-24 18:00:00,61,0.01
2013-06-24 19:00:00,60,0.0
2013-06-24 20:00:00,58,0.0
2013-06-24 21:00:00,55,0.0
2013-06-24 22:00:00,52,0.0
2013-06-24 23:00:00,36,0.0
2013-06-25 00:00:00,21,0.0
2013-06-25 01:00:00,5,0.0
2013-06-25 02:00:00,5,0.0
2013-06-25 03:00:00,5,0.0
2013-06-25 04:00:00,5,0.01
2013-06-25 05:00:00,5,0.04
2013-06-25 06:00:00,5,0.1
2013-06-25 07:00:00,15,0.15
2013-06-25 08:00:00,47,0.12
2013-06-25 09:00:00,49,0.13
2013-06-25 10:00:00,52,0.43
2013-06-25 11:00:00,55,0.61
2013-06-25 12:00:00,59,0.91
2013-06-25 13:00:00,56,0.89
2013-06-25 14:00:00,62,0.7
2013-06-25 15:00:00,61,0.59
2013-06-25 16:00:00,60,0.32
2013-06-25 17:00:00,59,0.11
2013-06-25 18:00:00,60,0.03
2013-06-25 19:00:00,63,0.0
2013-06-25 20:00:00,60,0.0
2013-06-25 21:00:00,59,0.0
2013-06-25 22:00:00,52,0.0
2013-06-25 23:00:00,37,0.0
2013-06-26 00:00:00,23,0.0
2013-06-26 01:00:00,6,0.0
2013-06-26 02:00:00,5,0.0
2013-06-26 03:00:00,5,0.0
2013-06-26 04:00:00,5,0.02
2013-06-26 05:00:00,5,0.18
2013-06-26 06:00:00,5,0.39
2013-06-26 07:00:00,14,0.61
2013-06-26 08:00:00,46,0.81
2013-06-26 09:00:00,47,0.98
2013-06-26 10:00:00,53,1.0
2013-06-26 11:00:00,55,1.0
2013-06-26 12:00:00,56,1.0
2013-06-26 13:00:00,59,1.0
2013-06-26 14:00:00,63,0.87
2013-06-26 15:00:00,62,0.67
2013-06-26 16:00:00,61,0.45
2013-06-26 17:00:00,61,0.19
2013-06-26 18:00:00,61,0.04
2013-06-26 19:00:00,62,0.0
2013-06-26 20:00:00,59,0.0
2013-06-26 21:00:00,58,0.0
2013-06-26 22:00:00,58,0.0
2013-06-26 23:00:00,39,0.0
2013-06-27 00:00:00,20,0.0
2013-06-27 01:00:00,5,0.0
2013-06-27 02:00:00,5,0.0
2013-06-27 03:00:00,5,0.0
2013-06-27 04:00:00,5,0.02
2013-06-27 05:00:00,5,0.17
2013-06-27 06:00:00,5,0.39
2013-06-27 07:00:00,10,0.58
2013-06-27 08:00:00,44,0.8
2013-06-27 09:00:00,52,0.98
2013-06-27 10:00:00,53,1.0
2013-06-27 11:00:00,54,1.0
2013-06-27 12:00:00,54,1.0
2013-06-27 13:00:00,55,1.0
2013-06-27 14:00:00,55,0.88
2013-06-27 15:00:00,56,0.66
2013-06-27 16:00:00,51,0.45
2013-06-27 17:00:00,50,0.2
2013-06-27 18:00:00,50,0.04
2013-06-27 19:00:00,49,0.0
2013-06-27 20:00:00,49,0.0
2013-06-27 21:00:00,48,0.0
2013-06-27 22:00:00,48,0.0
2013-06-27 23:00:00,36,0.0
2013-06-28 00:00:00,21,0.0
2013-06-28 01:00:00,6,0.0
2013-06-28 02:00:00,6,0.0
2013-06-28 03:00:00,6,0.0
2013-06-28 04:00:00,5,0.02
2013-06-28 05:00:00,5,0.17
2013-06-28 06:00:00,5,0.38
2013-06-28 07:00:00,14,0.61
2013-06-28 08:00:00,41,0.81
2013-06-28 09:00:00,42,0.97
2013-06-28 10:00:00,45,1.0
2013-06-28 11:00:00,46,1.0
2013-06-28 12:00:00,46,1.0
2013-06-28 13:00:00,46,1.0
2013-06-28 14:00:00,46,0.87
2013-06-28 15:00:00,46,0.66
2013-06-28 16:00:00,47,0.45
2013-06-28 17:00:00,48,0.2
2013-06-28 18:00:00,48,0.04
2013-06-28 19:00:00,49,0.0
2013-06-28 20:00:00,49,0.0
2013-06-28 21:00:00,48,0.0
2013-06-28 22:00:00,47,0.0
2013-06-28 23:00:00,35,0.0
2013-06-29 00:00:00,22,0.0
2013-06-29 01:00:00,5,0.0
2013-06-29 02:00:00,5,0.0
2013-06-29 03:00:00,5,0.0
2013-06-29 04:00:00,5,0.01
2013-06-29 05:00:00,5,0.08
2013-06-29 06:00:00,5,0.2
2013-06-29 07:00:00,14,0.25
2013-06-29 08:00:00,41,0.28
2013-06-29 09:00:00,41,0.36
2013-06-29 10:00:00,44,0.38
2013-06-29 11:00:00,46,0.73
2013-06-29 12:00:00,46,0.8
2013-06-29 13:00:00,46,0.84
2013-06-29 14:00:00,47,0.76
2013-06-29 15:00:00,46,0.51
2013-06-29 16:00:00,47,0.37
2013-06-29 17:00:00,48,0.12
2013-06-29 18:00:00,48,0.03
2013-06-29 19:00:00,47,0.0
2013-06-29 20:00:00,47,0.0
2013-06-29 21:00:00,47,0.0
2013-06-29 22:00:00,45,0.0
2013-06-29 23:00:00,33,0.0
2013-06-30 00:00:00,21,0.0
2013-06-30 01:00:00,5,0.0
2013-06-30 02:00:00,5,0.0
2013-06-30 03:00:00,5,0.0
2013-06-30 04:00:00,5,0.02
2013-06-30 05:00:00,5,0.17
2013-06-30 06:00:00,5,0.38
2013-06-30 07:00:00,14,0.52
2013-06-30 08:00:00,41,0.61
2013-06-30 09:00:00,41,0.72
2013-06-30 10:00:00,44,0.94
2013-06-30 11:00:00,49,1.0
2013-06-30 12:00:00,51,0.95
2013-06-30 13:00:00,53,0.84
2013-06-30 14:00:00,55,0.69
2013-06-30 15:00:00,58,0.51
2013-06-30 16:00:00,58,0.3
2013-06-30 17:00:00,58,0.17
2013-06-30 18:00:00,58,0.04
2013-06-30 19:00:00,56,0.0
2013-06-30 20:00:00,54,0.0
2013-06-30 21:00:00,51,0.0
2013-06-30 22:00:00,48,0.0
2013-06-30 23:00:00,37,0.0
2013-07-01 00:00:00,26,0.0
2013-07-01 01:00:00,5,0.0
2013-07-01 02:00:00,5,0.0
2013-07-01 03:00:00,5,0.0
2013-07-01 04:00:00,5,0.01
2013-07-01 05:00:00,5,0.06
2013-07-01 06:00:00,6,0.15
2013-07-01 07:00:00,14,0.21
2013-07-01 08:00:00,42,0.18
2013-07-01 09:00:00,43,0.22
2013-07-01 10:00:00,54,0.22
2013-07-01 11:00:00,59,0.23
2013-07-01 12:00:00,63,0.24
2013-07-01 13:00:00,62,0.19
2013-07-01 14:00:00,66,0.19
2013-07-01 15:00:00,62,0.1
2013-07-01 16:00:00,67,0.07
2013-07-01 17:00:00,64,0.03
2013-07-01 18:00:00,71,0.01
2013-07-01 19:00:00,63,0.0
2013-07-01 20:00:00,53,0.0
2013-07-01 21:00:00,51,0.0
2013-07-01 22:00:00,49,0.0
2013-07-01 23:00:00,35,0.0
2013-07-02 00:00:00,23,0.0
2013-07-02 01:00:00,5,0.0
2013-07-02 02:00:00,5,0.0
2013-07-02 03:00:00,5,0.0
2013-07-02 04:00:00,5,0.0
2013-07-02 05:00:00,5,0.03
2013-07-02 06:00:00,5,0.11
2013-07-02 07:00:00,11,0.14
2013-07-02 08:00:00,47,0.23
2013-07-02 09:00:00,49,0.29
2013-07-02 10:00:00,53,0.38
2013-07-02 11:00:00,56,0.47
2013-07-02 12:00:00,58,0.43
2013-07-02 13:00:00,60,0.69
2013-07-02 14:00:00,60,0.53
2013-07-02 15:00:00,62,0.18
2013-07-02 16:00:00,62,0.14
2013-07-02 17:00:00,62,0.07
2013-07-02 18:00:00,62,0.02
2013-07-02 19:00:00,59,0.0
2013-07-02 20:00:00,54,0.0
2013-07-02 21:00:00,53,0.0
2013-07-02 22:00:00,51,0.0
2013-07-02 23:00:00,37,0.0
2013-07-03 00:00:00,24,0.0
2013-07-03 01:00:00,5,0.0
2013-07-03 02:00:00,5,0.0
2013-07-03 03:00:00,5,0.0
2013-07-03 04:00:00,5,0.02
2013-07-03 05:00:00,5,0.13
2013-07-03 06:00:00,5,0.26
2013-07-03 07:00:00,10,0.14
2013-07-03 08:00:00,47,0.23
2013-07-03 09:00:00,47,0.27
2013-07-03 10:00:00,52,0.24
2013-07-03 11:00:00,57,0.24
2013-07-03 12:00:00,58,0.25
2013-07-03 13:00:00,56,0.34
2013-07-03 14:00:00,58,0.22
2013-07-03 15:00:00,55,0.15
2013-07-03 16:00:00,56,0.09
2013-07-03 17:00:00,57,0.05
2013-07-03 18:00:00,58,0.01
2013-07-03 19:00:00,58,0.0
2013-07-03 20:00:00,59,0.0
2013-07-03 21:00:00,55,0.0
2013-07-03 22:00:00,56,0.0
2013-07-03 23:00:00,37,0.0
2013-07-04 00:00:00,20,0.0
2013-07-04 01:00:00,5,0.0
2013-07-04 02:00:00,5,0.0
2013-07-04 03:00:00,5,0.0
2013-07-04 04:00:00,5,0.01
2013-07-04 05:00:00,5,0.05
2013-07-04 06:00:00,5,0.14
2013-07-04 07:00:00,10,0.22
2013-07-04 08:00:00,41,0.65
2013-07-04 09:00:00,50,0.92
2013-07-04 10:00:00,59,1.0
2013-07-04 11:00:00,66,1.0
2013-07-04 12:00:00,68,0.97
2013-07-04 13:00:00,55,0.74
2013-07-04 14:00:00,67,0.72
2013-07-04 15:00:00,68,0.46
2013-07-04 16:00:00,66,0.36
2013-07-04 17:00:00,63,0.18
2013-07-04 18:00:00,64,0.03
2013-07-04 19:00:00,60,0.0
2013-07-04 20:00:00,61,0.0
2013-07-04 21:00:00,58,0.0
2013-07-04 22:00:00,57,0.0
2013-07-04 23:00:00,37,0.0
2013-07-05 00:00:00,21,0.0
2013-07-05 01:00:00,6,0.0
2013-07-05 02:00:00,5,0.0
2013-07-05 03:00:00,5,0.0
2013-07-05 04:00:00,5,0.01
2013-07-05 05:00:00,5,0.02
2013-07-05 06:00:00,5,0.03
2013-07-05 07:00:00,10,0.07
2013-07-05 08:00:00,45,0.13
2013-07-05 09:00:00,51,0.15
2013-07-05 10:00:00,55,0.57
2013-07-05 11:00:00,56,0.5
2013-07-05 12:00:00,59,0.1
2013-07-05 13:00:00,60,0.32
2013-07-05 14:00:00,62,0.55
2013-07-05 15:00:00,58,0.29
2013-07-05 16:00:00,59,0.24
2013-07-05 17:00:00,63,0.12
2013-07-05 18:00:00,66,0.01
2013-07-05 19:00:00,65,0.0
2013-07-05 20:00:00,69,0.0
2013-07-05 21:00:00,67,0.0
2013-07-05 22:00:00,66,0.0
2013-07-05 23:00:00,37,0.0
2013-07-06 00:00:00,32,0.0
2013-07-06 01:00:00,12,0.0
2013-07-06 02:00:00,5,0.0
2013-07-06 03:00:00,5,0.0
2013-07-06 04:00:00,5,0.02
2013-07-06 05:00:00,5,0.1
2013-07-06 06:00:00,5,0.36
2013-07-06 07:00:00,15,0.46
2013-07-06 08:00:00,60,0.48
2013-07-06 09:00:00,57,0.82
2013-07-06 10:00:00,67,0.99
2013-07-06 11:00:00,70,0.91
2013-07-06 12:00:00,80,0.66
2013-07-06 13:00:00,81,0.82
2013-07-06 14:00:00,83,0.4
2013-07-06 15:00:00,84,0.22
2013-07-06 16:00:00,86,0.14
2013-07-06 17:00:00,83,0.06
2013-07-06 18:00:00,81,0.02
2013-07-06 19:00:00,77,0.0
2013-07-06 20:00:00,75,0.0
2013-07-06 21:00:00,74,0.0
2013-07-06 22:00:00,71,0.0
2013-07-06 23:00:00,39,0.0
2013-07-07 00:00:00,21,0.0
2013-07-07 01:00:00,5,0.0
2013-07-07 02:00:00,5,0.0
2013-07-07 03:00:00,5,0.0
2013-07-07 04:00:00,5,0.0
2013-07-07 05:00:00,5,0.02
2013-07-07 06:00:00,5,0.04
2013-07-07 07:00:00,10,0.1
2013-07-07 08:00:00,61,0.07
2013-07-07 09:00:00,67,0.16
2013-07-07 10:00:00,78,0.13
2013-07-07 11:00:00,83,0.13
2013-07-07 12:00:00,85,0.16
2013-07-07 13:00:00,88,0.17
2013-07-07 14:00:00,95,0.15
2013-07-07 15:00:00,102,0.11
2013-07-07 16:00:00,94,0.07
2013-07-07 17:00:00,90,0.04
2013-07-07 18:00:00,81,0.01
2013-07-07 19:00:00,80,0.0
2013-07-07 20:00:00,74,0.0
2013-07-07 21:00:00,73,0.0
2013-07-07 22:00:00,69,0.0
2013-07-07 23:00:00,38,0.0
2013-07-08 00:00:00,21,0.0
2013-07-08 01:00:00,5,0.0
2013-07-08 02:00:00,5,0.0
2013-07-08 03:00:00,5,0.0
2013-07-08 04:00:00,5,0.02
2013-07-08 05:00:00,5,0.12
2013-07-08 06:00:00,5,0.29
2013-07-08 07:00:00,13,0.53
2013-07-08 08:00:00,55,0.33
2013-07-08 09:00:00,53,0.34
2013-07-08 10:00:00,67,0.38
2013-07-08 11:00:00,76,0.52
2013-07-08 12:00:00,79,0.51
2013-07-08 13:00:00,75,0.48
2013-07-08 14:00:00,73,0.43
2013-07-08 15:00:00,74,0.34
2013-07-08 16:00:00,74,0.15
2013-07-08 17:00:00,68,0.07
2013-07-08 18:00:00,73,0.02
2013-07-08 19:00:00,66,0.0
2013-07-08 20:00:00,60,0.0
2013-07-08 21:00:00,59,0.0
2013-07-08 22:00:00,55,0.0
2013-07-08 23:00:00,39,0.0
2013-07-09 00:00:00,24,0.0
2013-07-09 01:00:00,5,0.0
2013-07-09 02:00:00,5,0.0
2013-07-09 03:00:00,5,0.0
2013-07-09 04:00:00,5,0.02
2013-07-09 05:00:00,5,0.15
2013-07-09 06:00:00,5,0.36
2013-07-09 07:00:00,13,0.33
2013-07-09 08:00:00,66,0.29
2013-07-09 09:00:00,69,0.48
2013-07-09 10:00:00,76,0.61
2013-07-09 11:00:00,81,0.55
2013-07-09 12:00:00,80,0.67
2013-07-09 13:00:00,77,0.69
2013-07-09 14:00:00,78,0.47
2013-07-09 15:00:00,79,0.37
2013-07-09 16:00:00,76,0.13
2013-07-09 17:00:00,82,0.08
2013-07-09 18:00:00,79,0.02
2013-07-09 19:00:00,82,0.0
2013-07-09 20:00:00,81,0.0
2013-07-09 21:00:00,77,0.0
2013-07-09 22:00:00,68,0.0
2013-07-09 23:00:00,36,0.0
2013-07-10 00:00:00,23,0.0
2013-07-10 01:00:00,6,0.0
2013-07-10 02:00:00,5,0.0
2013-07-10 03:00:00,5,0.0
2013-07-10 04:00:00,5,0.02
2013-07-10 05:00:00,5,0.14
2013-07-10 06:00:00,5,0.36
2013-07-10 07:00:00,14,0.56
2013-07-10 08:00:00,59,0.77
2013-07-10 09:00:00,59,0.92
2013-07-10 10:00:00,74,0.73
2013-07-10 11:00:00,77,0.64
2013-07-10 12:00:00,78,0.55
2013-07-10 13:00:00,80,0.6
2013-07-10 14:00:00,82,0.37
2013-07-10 15:00:00,80,0.24
2013-07-10 16:00:00,80,0.2
2013-07-10 17:00:00,81,0.14
2013-07-10 18:00:00,85,0.03
2013-07-10 19:00:00,85,0.0
2013-07-10 20:00:00,85,0.0
2013-07-10 21:00:00,83,0.0
2013-07-10 22:00:00,75,0.0
2013-07-10 23:00:00,39,0.0
2013-07-11 00:00:00,20,0.0
2013-07-11 01:00:00,5,0.0
2013-07-11 02:00:00,5,0.0
2013-07-11 03:00:00,5,0.0
2013-07-11 04:00:00,5,0.01
2013-07-11 05:00:00,5,0.03
2013-07-11 06:00:00,5,0.1
2013-07-11 07:00:00,11,0.18
2013-07-11 08:00:00,47,0.22
2013-07-11 09:00:00,62,0.45
2013-07-11 10:00:00,68,0.85
2013-07-11 11:00:00,65,0.75
2013-07-11 12:00:00,67,0.51
2013-07-11 13:00:00,67,0.53
2013-07-11 14:00:00,67,0.49
2013-07-11 15:00:00,68,0.35
2013-07-11 16:00:00,65,0.16
2013-07-11 17:00:00,67,0.08
2013-07-11 18:00:00,69,0.02
2013-07-11 19:00:00,66,0.0
2013-07-11 20:00:00,66,0.0
2013-07-11 21:00:00,62,0.0
2013-07-11 22:00:00,57,0.0
2013-07-11 23:00:00,35,0.0
2013-07-12 00:00:00,21,0.0
2013-07-12 01:00:00,6,0.0
2013-07-12 02:00:00,5,0.0
2013-07-12 03:00:00,5,0.0
2013-07-12 04:00:00,5,0.01
2013-07-12 05:00:00,5,0.02
2013-07-12 06:00:00,5,0.03
2013-07-12 07:00:00,16,0.05
2013-07-12 08:00:00,53,0.07
2013-07-12 09:00:00,50,0.12
2013-07-12 10:00:00,54,0.14
2013-07-12 11:00:00,56,0.13
2013-07-12 12:00:00,57,0.13
2013-07-12 13:00:00,56,0.15
2013-07-12 14:00:00,57,0.12
2013-07-12 15:00:00,57,0.1
2013-07-12 16:00:00,57,0.08
2013-07-12 17:00:00,59,0.03
2013-07-12 18:00:00,59,0.01
2013-07-12 19:00:00,60,0.0
2013-07-12 20:00:00,60,0.0
2013-07-12 21:00:00,58,0.0
2013-07-12 22:00:00,55,0.0
2013-07-12 23:00:00,37,0.0
2013-07-13 00:00:00,25,0.0
2013-07-13 01:00:00,6,0.0
2013-07-13 02:00:00,5,0.0
2013-07-13 03:00:00,5,0.0
2013-07-13 04:00:00,5,0.01
2013-07-13 05:00:00,5,0.05
2013-07-13 06:00:00,5,0.1
2013-07-13 07:00:00,18,0.16
2013-07-13 08:00:00,48,0.24
2013-07-13 09:00:00,46,0.53
2013-07-13 10:00:00,52,0.5
2013-07-13 11:00:00,56,0.74
2013-07-13 12:00:00,57,0.79
2013-07-13 13:00:00,55,0.64
2013-07-13 14:00:00,56,0.75
2013-07-13 15:00:00,57,0.42
2013-07-13 16:00:00,57,0.13
2013-07-13 17:00:00,59,0.08
2013-07-13 18:00:00,60,0.02
2013-07-13 19:00:00,57,0.0
2013-07-13 20:00:00,59,0.0
2013-07-13 21:00:00,55,0.0
2013-07-13 22:00:00,52,0.0
2013-07-13 23:00:00,35,0.0
2013-07-14 00:00:00,18,0.0
2013-07-14 01:00:00,5,0.0
2013-07-14 02:00:00,5,0.0
2013-07-14 03:00:00,5,0.0
2013-07-14 04:00:00,5,0.01
2013-07-14 05:00:00,5,0.04
2013-07-14 06:00:00,5,0.06
2013-07-14 07:00:00,13,0.15
2013-07-14 08:00:00,46,0.41
2013-07-14 09:00:00,47,0.39
2013-07-14 10:00:00,52,0.41
2013-07-14 11:00:00,54,0.46
2013-07-14 12:00:00,60,0.48
2013-07-14 13:00:00,61,0.57
2013-07-14 14:00:00,65,0.21
2013-07-14 15:00:00,65,0.21
2013-07-14 16:00:00,65,0.19
2013-07-14 17:00:00,66,0.14
2013-07-14 18:00:00,62,0.02
2013-07-14 19:00:00,58,0.0
2013-07-14 20:00:00,56,0.0
2013-07-14 21:00:00,54,0.0
2013-07-14 22:00:00,52,0.0
2013-07-14 23:00:00,35,0.0
2013-07-15 00:00:00,21,0.0
2013-07-15 01:00:00,5,0.0
2013-07-15 02:00:00,5,0.0
2013-07-15 03:00:00,5,0.0
2013-07-15 04:00:00,5,0.01
2013-07-15 05:00:00,5,0.02
2013-07-15 06:00:00,5,0.03
2013-07-15 07:00:00,16,0.08
2013-07-15 08:00:00,50,0.12
2013-07-15 09:00:00,47,0.24
2013-07-15 10:00:00,51,0.26
2013-07-15 11:00:00,56,0.1
2013-07-15 12:00:00,59,0.31
2013-07-15 13:00:00,63,0.24
2013-07-15 14:00:00,59,0.3
2013-07-15 15:00:00,60,0.19
2013-07-15 16:00:00,61,0.11
2013-07-15 17:00:00,60,0.05
2013-07-15 18:00:00,62,0.01
2013-07-15 19:00:00,58,0.0
2013-07-15 20:00:00,56,0.0
2013-07-15 21:00:00,54,0.0
2013-07-15 22:00:00,52,0.0
2013-07-15 23:00:00,37,0.0
2013-07-16 00:00:00,34,0.0
2013-07-16 01:00:00,18,0.0
2013-07-16 02:00:00,5,0.0
2013-07-16 03:00:00,5,0.0
2013-07-16 04:00:00,5,0.01
2013-07-16 05:00:00,5,0.06
2013-07-16 06:00:00,5,0.2
2013-07-16 07:00:00,14,0.47
2013-07-16 08:00:00,47,0.63
2013-07-16 09:00:00,46,0.54
2013-07-16 10:00:00,50,0.86
2013-07-16 11:00:00,53,1.0
2013-07-16 12:00:00,56,0.85
2013-07-16 13:00:00,58,0.5
2013-07-16 14:00:00,57,0.39
2013-07-16 15:00:00,54,0.39
2013-07-16 16:00:00,54,0.25
2013-07-16 17:00:00,55,0.13
2013-07-16 18:00:00,56,0.03
2013-07-16 19:00:00,56,0.0
2013-07-16 20:00:00,57,0.0
2013-07-16 21:00:00,54,0.0
2013-07-16 22:00:00,52,0.0
2013-07-16 23:00:00,38,0.0
2013-07-17 00:00:00,23,0.0
2013-07-17 01:00:00,7,0.0
2013-07-17 02:00:00,7,0.0
2013-07-17 03:00:00,5,0.0
2013-07-17 04:00:00,5,0.01
2013-07-17 05:00:00,5,0.05
2013-07-17 06:00:00,7,0.2
2013-07-17 07:00:00,11,0.25
2013-07-17 08:00:00,37,0.23
2013-07-17 09:00:00,42,0.25
2013-07-17 10:00:00,47,0.35
2013-07-17 11:00:00,50,0.35
2013-07-17 12:00:00,50,0.46
2013-07-17 13:00:00,51,0.25
2013-07-17 14:00:00,50,0.48
2013-07-17 15:00:00,52,0.28
2013-07-17 16:00:00,51,0.17
2013-07-17 17:00:00,52,0.13
2013-07-17 18:00:00,53,0.02
2013-07-17 19:00:00,54,0.0
2013-07-17 20:00:00,53,0.0
2013-07-17 21:00:00,52,0.0
2013-07-17 22:00:00,48,0.0
2013-07-17 23:00:00,37,0.0
2013-07-18 00:00:00,25,0.0
2013-07-18 01:00:00,7,0.0
2013-07-18 02:00:00,6,0.0
2013-07-18 03:00:00,5,0.0
2013-07-18 04:00:00,5,0.01
2013-07-18 05:00:00,5,0.13
2013-07-18 06:00:00,5,0.34
2013-07-18 07:00:00,11,0.56
2013-07-18 08:00:00,42,0.75
2013-07-18 09:00:00,42,0.89
2013-07-18 10:00:00,48,0.68
2013-07-18 11:00:00,50,0.76
2013-07-18 12:00:00,53,0.66
2013-07-18 13:00:00,52,0.6
2013-07-18 14:00:00,52,0.59
2013-07-18 15:00:00,54,0.42
2013-07-18 16:00:00,56,0.39
2013-07-18 17:00:00,57,0.17
2013-07-18 18:00:00,56,0.03
2013-07-18 19:00:00,56,0.0
2013-07-18 20:00:00,56,0.0
2013-07-18 21:00:00,54,0.0
2013-07-18 22:00:00,52,0.0
2013-07-18 23:00:00,36,0.0
2013-07-19 00:00:00,31,0.0
2013-07-19 01:00:00,5,0.0
2013-07-19 02:00:00,5,0.0
2013-07-19 03:00:00,5,0.0
2013-07-19 04:00:00,5,0.01
2013-07-19 05:00:00,5,0.12
2013-07-19 06:00:00,5,0.34
2013-07-19 07:00:00,12,0.56
2013-07-19 08:00:00,41,0.74
2013-07-19 09:00:00,41,0.91
2013-07-19 10:00:00,45,0.99
2013-07-19 11:00:00,49,1.0
2013-07-19 12:00:00,51,1.0
2013-07-19 13:00:00,52,0.86
2013-07-19 14:00:00,52,0.69
2013-07-19 15:00:00,51,0.54
2013-07-19 16:00:00,53,0.18
2013-07-19 17:00:00,53,0.09
2013-07-19 18:00:00,53,0.02
2013-07-19 19:00:00,53,0.0
2013-07-19 20:00:00,54,0.0
2013-07-19 21:00:00,52,0.0
2013-07-19 22:00:00,47,0.0
2013-07-19 23:00:00,35,0.0
2013-07-20 00:00:00,28,0.0
2013-07-20 01:00:00,5,0.0
2013-07-20 02:00:00,5,0.0
2013-07-20 03:00:00,5,0.0
2013-07-20 04:00:00,5,0.01
2013-07-20 05:00:00,5,0.03
2013-07-20 06:00:00,5,0.08
2013-07-20 07:00:00,12,0.12
2013-07-20 08:00:00,42,0.23
2013-07-20 09:00:00,41,0.31
2013-07-20 10:00:00,45,0.35
2013-07-20 11:00:00,51,0.27
2013-07-20 12:00:00,52,0.3
2013-07-20 13:00:00,55,0.26
2013-07-20 14:00:00,54,0.18
2013-07-20 15:00:00,59,0.33
2013-07-20 16:00:00,58,0.32
2013-07-20 17:00:00,58,0.1
2013-07-20 18:00:00,56,0.02
2013-07-20 19:00:00,55,0.0
2013-07-20 20:00:00,54,0.0
2013-07-20 21:00:00,53,0.0
2013-07-20 22:00:00,50,0.0
2013-07-20 23:00:00,34,0.0
2013-07-21 00:00:00,24,0.0
2013-07-21 01:00:00,5,0.0
2013-07-21 02:00:00,5,0.0
2013-07-21 03:00:00,5,0.0
2013-07-21 04:00:00,5,0.01
2013-07-21 05:00:00,5,0.03
2013-07-21 06:00:00,5,0.08
2013-07-21 07:00:00,9,0.12
2013-07-21 08:00:00,37,0.15
2013-07-21 09:00:00,42,0.23
2013-07-21 10:00:00,52,0.23
2013-07-21 11:00:00,57,0.27
2013-07-21 12:00:00,59,0.34
2013-07-21 13:00:00,60,0.21
2013-07-21 14:00:00,60,0.19
2013-07-21 15:00:00,65,0.13
2013-07-21 16:00:00,63,0.09
2013-07-21 17:00:00,66,0.04
2013-07-21 18:00:00,62,0.01
2013-07-21 19:00:00,60,0.0
2013-07-21 20:00:00,56,0.0
2013-07-21 21:00:00,54,0.0
2013-07-21 22:00:00,50,0.0
2013-07-21 23:00:00,35,0.0
2013-07-22 00:00:00,19,0.0
2013-07-22 01:00:00,5,0.0
2013-07-22 02:00:00,5,0.0
2013-07-22 03:00:00,5,0.0
2013-07-22 04:00:00,5,0.01
2013-07-22 05:00:00,5,0.04
2013-07-22 06:00:00,5,0.15
2013-07-22 07:00:00,11,0.29
2013-07-22 08:00:00,43,0.17
2013-07-22 09:00:00,42,0.25
2013-07-22 10:00:00,49,0.29
2013-07-22 11:00:00,51,0.26
2013-07-22 12:00:00,53,0.27
2013-07-22 13:00:00,52,0.25
2013-07-22 14:00:00,52,0.18
2013-07-22 15:00:00,54,0.15
2013-07-22 16:00:00,53,0.09
2013-07-22 17:00:00,55,0.04
2013-07-22 18:00:00,57,0.01
2013-07-22 19:00:00,55,0.0
2013-07-22 20:00:00,55,0.0
2013-07-22 21:00:00,55,0.0
2013-07-22 22:00:00,52,0.0
2013-07-22 23:00:00,36,0.0
2013-07-23 00:00:00,23,0.0
2013-07-23 01:00:00,7,0.0
2013-07-23 02:00:00,7,0.0
2013-07-23 03:00:00,6,0.0
2013-07-23 04:00:00,5,0.01
2013-07-23 05:00:00,5,0.05
2013-07-23 06:00:00,5,0.17
2013-07-23 07:00:00,9,0.24
2013-07-23 08:00:00,41,0.23
2013-07-23 09:00:00,43,0.33
2013-07-23 10:00:00,49,0.41
2013-07-23 11:00:00,51,0.73
2013-07-23 12:00:00,54,0.74
2013-07-23 13:00:00,54,0.59
2013-07-23 14:00:00,55,0.41
2013-07-23 15:00:00,55,0.29
2013-07-23 16:00:00,55,0.14
2013-07-23 17:00:00,54,0.07
2013-07-23 18:00:00,57,0.02
2013-07-23 19:00:00,55,0.0
2013-07-23 20:00:00,56,0.0
2013-07-23 21:00:00,54,0.0
2013-07-23 22:00:00,50,0.0
2013-07-23 23:00:00,34,0.0
2013-07-24 00:00:00,22,0.0
2013-07-24 01:00:00,6,0.0
2013-07-24 02:00:00,6,0.0
2013-07-24 03:00:00,5,0.0
2013-07-24 04:00:00,5,0.01
2013-07-24 05:00:00,5,0.06
2013-07-24 06:00:00,5,0.27
2013-07-24 07:00:00,14,0.24
2013-07-24 08:00:00,42,0.53
2013-07-24 09:00:00,44,0.46
2013-07-24 10:00:00,52,0.37
2013-07-24 11:00:00,58,0.62
2013-07-24 12:00:00,59,0.43
2013-07-24 13:00:00,60,0.25
2013-07-24 14:00:00,59,0.24
2013-07-24 15:00:00,59,0.16
2013-07-24 16:00:00,61,0.11
2013-07-24 17:00:00,61,0.05
2013-07-24 18:00:00,62,0.01
2013-07-24 19:00:00,61,0.0
2013-07-24 20:00:00,60,0.0
2013-07-24 21:00:00,60,0.0
2013-07-24 22:00:00,56,0.0
2013-07-24 23:00:00,35,0.0
2013-07-25 00:00:00,25,0.0
2013-07-25 01:00:00,6,0.0
2013-07-25 02:00:00,5,0.0
2013-07-25 03:00:00,5,0.0
2013-07-25 04:00:00,5,0.01
2013-07-25 05:00:00,5,0.04
2013-07-25 06:00:00,5,0.11
2013-07-25 07:00:00,13,0.26
2013-07-25 08:00:00,48,0.38
2013-07-25 09:00:00,49,0.21
2013-07-25 10:00:00,53,0.37
2013-07-25 11:00:00,57,0.6
2013-07-25 12:00:00,56,0.23
2013-07-25 13:00:00,55,0.47
2013-07-25 14:00:00,57,0.44
2013-07-25 15:00:00,58,0.46
2013-07-25 16:00:00,59,0.18
2013-07-25 17:00:00,61,0.07
2013-07-25 18:00:00,60,0.02
2013-07-25 19:00:00,62,0.0
2013-07-25 20:00:00,64,0.0
2013-07-25 21:00:00,60,0.0
2013-07-25 22:00:00,57,0.0
2013-07-25 23:00:00,37,0.0
2013-07-26 00:00:00,33,0.0
2013-07-26 01:00:00,8,0.0
2013-07-26 02:00:00,5,0.0
2013-07-26 03:00:00,5,0.0
2013-07-26 04:00:00,5,0.01
2013-07-26 05:00:00,5,0.09
2013-07-26 06:00:00,5,0.18
2013-07-26 07:00:00,12,0.41
2013-07-26 08:00:00,52,0.36
2013-07-26 09:00:00,53,0.4
2013-07-26 10:00:00,54,0.47
2013-07-26 11:00:00,59,0.69
2013-07-26 12:00:00,63,0.58
2013-07-26 13:00:00,63,0.72
2013-07-26 14:00:00,69,0.31
2013-07-26 15:00:00,65,0.29
2013-07-26 16:00:00,66,0.24
2013-07-26 17:00:00,63,0.16
2013-07-26 18:00:00,68,0.03
2013-07-26 19:00:00,71,0.0
2013-07-26 20:00:00,66,0.0
2013-07-26 21:00:00,61,0.0
2013-07-26 22:00:00,57,0.0
2013-07-26 23:00:00,38,0.0
2013-07-27 00:00:00,19,0.0
2013-07-27 01:00:00,4,0.0
2013-07-27 02:00:00,4,0.0
2013-07-27 03:00:00,4,0.0
2013-07-27 04:00:00,4,0.01
2013-07-27 05:00:00,4,0.05
2013-07-27 06:00:00,4,0.14
2013-07-27 07:00:00,8,0.35
2013-07-27 08:00:00,42,0.42
2013-07-27 09:00:00,52,0.78
2013-07-27 10:00:00,54,0.79
2013-07-27 11:00:00,60,0.84
2013-07-27 12:00:00,66,0.93
2013-07-27 13:00:00,68,0.75
2013-07-27 14:00:00,70,0.77
2013-07-27 15:00:00,69,0.35
2013-07-27 16:00:00,70,0.28
2013-07-27 17:00:00,69,0.13
2013-07-27 18:00:00,69,0.03
2013-07-27 19:00:00,64,0.0
2013-07-27 20:00:00,62,0.0
2013-07-27 21:00:00,62,0.0
2013-07-27 22:00:00,55,0.0
2013-07-27 23:00:00,38,0.0
2013-07-28 00:00:00,21,0.0
2013-07-28 01:00:00,7,0.0
2013-07-28 02:00:00,6,0.0
2013-07-28 03:00:00,6,0.0
2013-07-28 04:00:00,6,0.01
2013-07-28 05:00:00,6,0.11
2013-07-28 06:00:00,6,0.31
2013-07-28 07:00:00,12,0.53
2013-07-28 08:00:00,51,0.73
2013-07-28 09:00:00,48,0.9
2013-07-28 10:00:00,55,1.0
2013-07-28 11:00:00,58,1.0
2013-07-28 12:00:00,65,1.0
2013-07-28 13:00:00,70,0.88
2013-07-28 14:00:00,77,0.74
2013-07-28 15:00:00,81,0.62
2013-07-28 16:00:00,88,0.39
2013-07-28 17:00:00,83,0.16
2013-07-28 18:00:00,73,0.02
2013-07-28 19:00:00,67,0.0
2013-07-28 20:00:00,66,0.0
2013-07-28 21:00:00,62,0.0
2013-07-28 22:00:00,60,0.0
2013-07-28 23:00:00,35,0.0
2013-07-29 00:00:00,21,0.0
2013-07-29 01:00:00,5,0.0
2013-07-29 02:00:00,5,0.0
2013-07-29 03:00:00,5,0.0
2013-07-29 04:00:00,5,0.01
2013-07-29 05:00:00,5,0.09
2013-07-29 06:00:00,6,0.28
2013-07-29 07:00:00,12,0.51
2013-07-29 08:00:00,55,0.48
2013-07-29 09:00:00,52,0.75
2013-07-29 10:00:00,59,0.79
2013-07-29 11:00:00,65,0.81
2013-07-29 12:00:00,71,0.74
2013-07-29 13:00:00,69,0.56
2013-07-29 14:00:00,69,0.72
2013-07-29 15:00:00,72,0.54
2013-07-29 16:00:00,66,0.4
2013-07-29 17:00:00,64,0.15
2013-07-29 18:00:00,66,0.03
2013-07-29 19:00:00,70,0.0
2013-07-29 20:00:00,65,0.0
2013-07-29 21:00:00,57,0.0
2013-07-29 22:00:00,55,0.0
2013-07-29 23:00:00,35,0.0
2013-07-30 00:00:00,29,0.0
2013-07-30 01:00:00,7,0.0
2013-07-30 02:00:00,6,0.0
2013-07-30 03:00:00,6,0.0
2013-07-30 04:00:00,6,0.01
2013-07-30 05:00:00,6,0.1
2013-07-30 06:00:00,6,0.31
2013-07-30 07:00:00,18,0.51
2013-07-30 08:00:00,52,0.71
2013-07-30 09:00:00,52,0.87
2013-07-30 10:00:00,58,0.86
2013-07-30 11:00:00,63,0.79
2013-07-30 12:00:00,73,0.59
2013-07-30 13:00:00,79,0.83
2013-07-30 14:00:00,80,0.52
2013-07-30 15:00:00,80,0.43
2013-07-30 16:00:00,78,0.24
2013-07-30 17:00:00,71,0.08
2013-07-30 18:00:00,68,0.03
2013-07-30 19:00:00,71,0.0
2013-07-30 20:00:00,70,0.0
2013-07-30 21:00:00,66,0.0
2013-07-30 22:00:00,62,0.0
2013-07-30 23:00:00,41,0.0
2013-07-31 00:00:00,25,0.0
2013-07-31 01:00:00,7,0.0
2013-07-31 02:00:00,6,0.0
2013-07-31 03:00:00,6,0.0
2013-07-31 04:00:00,6,0.01
2013-07-31 05:00:00,6,0.04
2013-07-31 06:00:00,7,0.14
2013-07-31 07:00:00,14,0.29
2013-07-31 08:00:00,57,0.69
2013-07-31 09:00:00,57,0.86
2013-07-31 10:00:00,60,0.83
2013-07-31 11:00:00,63,0.88
2013-07-31 12:00:00,71,0.44
2013-07-31 13:00:00,78,0.24
2013-07-31 14:00:00,79,0.06
2013-07-31 15:00:00,81,0.38
2013-07-31 16:00:00,76,0.33
2013-07-31 17:00:00,69,0.11
2013-07-31 18:00:00,69,0.03
2013-07-31 19:00:00,68,0.0
2013-07-31 20:00:00,69,0.0
2013-07-31 21:00:00,66,0.0
2013-07-31 22:00:00,64,0.0
2013-07-31 23:00:00,37,0.0
2013-08-01 00:00:00,25,0.0
2013-08-01 01:00:00,6,0.0
2013-08-01 02:00:00,5,0.0
2013-08-01 03:00:00,5,0.0
2013-08-01 04:00:00,5,0.01
2013-08-01 05:00:00,5,0.1
2013-08-01 06:00:00,5,0.31
2013-08-01 07:00:00,10,0.52
2013-08-01 08:00:00,50,0.72
2013-08-01 09:00:00,48,0.87
2013-08-01 10:00:00,52,0.98
2013-08-01 11:00:00,55,1.0
2013-08-01 12:00:00,55,0.98
2013-08-01 13:00:00,59,0.84
2013-08-01 14:00:00,55,0.44
2013-08-01 15:00:00,56,0.24
2013-08-01 16:00:00,55,0.16
2013-08-01 17:00:00,57,0.1
2013-08-01 18:00:00,56,0.02
2013-08-01 19:00:00,57,0.0
2013-08-01 20:00:00,58,0.0
2013-08-01 21:00:00,56,0.0
2013-08-01 22:00:00,51,0.0
2013-08-01 23:00:00,36,0.0
2013-08-02 00:00:00,22,0.0
2013-08-02 01:00:00,5,0.0
2013-08-02 02:00:00,5,0.0
2013-08-02 03:00:00,5,0.0
2013-08-02 04:00:00,5,0.01
2013-08-02 05:00:00,5,0.08
2013-08-02 06:00:00,5,0.3
2013-08-02 07:00:00,9,0.4
2013-08-02 08:00:00,37,0.63
2013-08-02 09:00:00,47,0.72
2013-08-02 10:00:00,53,0.87
2013-08-02 11:00:00,55,0.97
2013-08-02 12:00:00,58,0.98
2013-08-02 13:00:00,56,0.91
2013-08-02 14:00:00,56,0.68
2013-08-02 15:00:00,52,0.61
2013-08-02 16:00:00,53,0.4
2013-08-02 17:00:00,56,0.13
2013-08-02 18:00:00,58,0.03
2013-08-02 19:00:00,58,0.0
2013-08-02 20:00:00,57,0.0
2013-08-02 21:00:00,57,0.0
2013-08-02 22:00:00,54,0.0
2013-08-02 23:00:00,34,0.0
2013-08-03 00:00:00,20,0.0
2013-08-03 01:00:00,5,0.0
2013-08-03 02:00:00,5,0.0
2013-08-03 03:00:00,5,0.0
2013-08-03 04:00:00,5,0.01
2013-08-03 05:00:00,5,0.1
2013-08-03 06:00:00,5,0.31
2013-08-03 07:00:00,13,0.52
2013-08-03 08:00:00,46,0.72
2013-08-03 09:00:00,48,0.89
2013-08-03 10:00:00,55,1.0
2013-08-03 11:00:00,58,1.0
2013-08-03 12:00:00,62,1.0
2013-08-03 13:00:00,66,0.94
2013-08-03 14:00:00,69,0.8
2013-08-03 15:00:00,68,0.61
2013-08-03 16:00:00,67,0.39
2013-08-03 17:00:00,68,0.13
2013-08-03 18:00:00,69,0.02
2013-08-03 19:00:00,67,0.0
2013-08-03 20:00:00,68,0.0
2013-08-03 21:00:00,63,0.0
2013-08-03 22:00:00,58,0.0
2013-08-03 23:00:00,36,0.0
2013-08-04 00:00:00,25,0.0
2013-08-04 01:00:00,5,0.0
2013-08-04 02:00:00,5,0.0
2013-08-04 03:00:00,5,0.0
2013-08-04 04:00:00,5,0.01
2013-08-04 05:00:00,5,0.1
2013-08-04 06:00:00,5,0.3
2013-08-04 07:00:00,11,0.51
2013-08-04 08:00:00,48,0.66
2013-08-04 09:00:00,48,0.8
2013-08-04 10:00:00,58,0.79
2013-08-04 11:00:00,59,0.85
2013-08-04 12:00:00,64,0.93
2013-08-04 13:00:00,64,0.79
2013-08-04 14:00:00,65,0.54
2013-08-04 15:00:00,69,0.33
2013-08-04 16:00:00,68,0.14
2013-08-04 17:00:00,71,0.07
2013-08-04 18:00:00,67,0.02
2013-08-04 19:00:00,63,0.0
2013-08-04 20:00:00,59,0.0
2013-08-04 21:00:00,58,0.0
2013-08-04 22:00:00,56,0.0
2013-08-04 23:00:00,35,0.0
2013-08-05 00:00:00,27,0.0
2013-08-05 01:00:00,5,0.0
2013-08-05 02:00:00,5,0.0
2013-08-05 03:00:00,5,0.0
2013-08-05 04:00:00,5,0.01
2013-08-05 05:00:00,5,0.07
2013-08-05 06:00:00,5,0.21
2013-08-05 07:00:00,13,0.24
2013-08-05 08:00:00,50,0.17
2013-08-05 09:00:00,49,0.29
2013-08-05 10:00:00,55,0.31
2013-08-05 11:00:00,55,0.09
2013-08-05 12:00:00,62,0.07
2013-08-05 13:00:00,65,0.06
2013-08-05 14:00:00,69,0.08
2013-08-05 15:00:00,73,0.05
2013-08-05 16:00:00,79,0.06
2013-08-05 17:00:00,69,0.02
2013-08-05 18:00:00,70,0.0
2013-08-05 19:00:00,71,0.0
2013-08-05 20:00:00,73,0.0
2013-08-05 21:00:00,71,0.0
2013-08-05 22:00:00,69,0.0
2013-08-05 23:00:00,38,0.0
2013-08-06 00:00:00,19,0.0
2013-08-06 01:00:00,5,0.0
2013-08-06 02:00:00,5,0.0
2013-08-06 03:00:00,5,0.0
2013-08-06 04:00:00,5,0.01
2013-08-06 05:00:00,5,0.02
2013-08-06 06:00:00,5,0.04
2013-08-06 07:00:00,9,0.11
2013-08-06 08:00:00,42,0.11
2013-08-06 09:00:00,64,0.13
2013-08-06 10:00:00,71,0.22
2013-08-06 11:00:00,74,0.21
2013-08-06 12:00:00,77,0.18
2013-08-06 13:00:00,86,0.15
2013-08-06 14:00:00,91,0.14
2013-08-06 15:00:00,86,0.1
2013-08-06 16:00:00,78,0.07
2013-08-06 17:00:00,79,0.03
2013-08-06 18:00:00,68,0.01
2013-08-06 19:00:00,67,0.0
2013-08-06 20:00:00,70,0.0
2013-08-06 21:00:00,63,0.0
2013-08-06 22:00:00,63,0.0
2013-08-06 23:00:00,38,0.0
2013-08-07 00:00:00,25,0.0
2013-08-07 01:00:00,7,0.0
2013-08-07 02:00:00,8,0.0
2013-08-07 03:00:00,7,0.0
2013-08-07 04:00:00,6,0.01
2013-08-07 05:00:00,6,0.02
2013-08-07 06:00:00,6,0.06
2013-08-07 07:00:00,10,0.06
2013-08-07 08:00:00,44,0.09
2013-08-07 09:00:00,61,0.18
2013-08-07 10:00:00,67,0.14
2013-08-07 11:00:00,61,0.21
2013-08-07 12:00:00,69,0.19
2013-08-07 13:00:00,75,0.19
2013-08-07 14:00:00,79,0.15
2013-08-07 15:00:00,79,0.1
2013-08-07 16:00:00,82,0.09
2013-08-07 17:00:00,88,0.03
2013-08-07 18:00:00,77,0.01
2013-08-07 19:00:00,79,0.0
2013-08-07 20:00:00,78,0.0
2013-08-07 21:00:00,73,0.0
2013-08-07 22:00:00,67,0.0
2013-08-07 23:00:00,35,0.0
2013-08-08 00:00:00,23,0.0
2013-08-08 01:00:00,5,0.0
2013-08-08 02:00:00,5,0.0
2013-08-08 03:00:00,5,0.0
2013-08-08 04:00:00,5,0.0
2013-08-08 05:00:00,5,0.04
2013-08-08 06:00:00,5,0.1
2013-08-08 07:00:00,10,0.21
2013-08-08 08:00:00,43,0.41
2013-08-08 09:00:00,63,0.48
2013-08-08 10:00:00,66,0.65
2013-08-08 11:00:00,59,0.62
2013-08-08 12:00:00,61,0.45
2013-08-08 13:00:00,66,0.24
2013-08-08 14:00:00,68,0.17
2013-08-08 15:00:00,67,0.16
2013-08-08 16:00:00,69,0.1
2013-08-08 17:00:00,71,0.02
2013-08-08 18:00:00,68,0.0
2013-08-08 19:00:00,67,0.0
2013-08-08 20:00:00,67,0.0
2013-08-08 21:00:00,67,0.0
2013-08-08 22:00:00,60,0.0
2013-08-08 23:00:00,44,0.0
2013-08-09 00:00:00,43,0.0
2013-08-09 01:00:00,31,0.0
2013-08-09 02:00:00,35,0.0
2013-08-09 03:00:00,40,0.0
2013-08-09 04:00:00,31,0.0
2013-08-09 05:00:00,5,0.02
2013-08-09 06:00:00,5,0.03
2013-08-09 07:00:00,17,0.09
2013-08-09 08:00:00,59,0.09
2013-08-09 09:00:00,55,0.16
2013-08-09 10:00:00,63,0.13
2013-08-09 11:00:00,65,0.16
2013-08-09 12:00:00,69,0.08
2013-08-09 13:00:00,66,0.08
2013-08-09 14:00:00,69,0.09
2013-08-09 15:00:00,72,0.07
2013-08-09 16:00:00,74,0.04
2013-08-09 17:00:00,88,0.02
2013-08-09 18:00:00,94,0.01
2013-08-09 19:00:00,91,0.0
2013-08-09 20:00:00,92,0.0
2013-08-09 21:00:00,88,0.0
2013-08-09 22:00:00,73,0.0
2013-08-09 23:00:00,39,0.0
2013-08-10 00:00:00,29,0.0
2013-08-10 01:00:00,5,0.0
2013-08-10 02:00:00,5,0.0
2013-08-10 03:00:00,5,0.0
2013-08-10 04:00:00,5,0.0
2013-08-10 05:00:00,5,0.06
2013-08-10 06:00:00,5,0.25
2013-08-10 07:00:00,11,0.48
2013-08-10 08:00:00,68,0.62
2013-08-10 09:00:00,73,0.65
2013-08-10 10:00:00,84,0.47
2013-08-10 11:00:00,90,0.53
2013-08-10 12:00:00,96,0.92
2013-08-10 13:00:00,99,0.86
2013-08-10 14:00:00,102,0.45
2013-08-10 15:00:00,102,0.28
2013-08-10 16:00:00,102,0.09
2013-08-10 17:00:00,98,0.05
2013-08-10 18:00:00,102,0.01
2013-08-10 19:00:00,102,0.0
2013-08-10 20:00:00,100,0.0
2013-08-10 21:00:00,97,0.0
2013-08-10 22:00:00,80,0.0
2013-08-10 23:00:00,38,0.0
2013-08-11 00:00:00,27,0.0
2013-08-11 01:00:00,5,0.0
2013-08-11 02:00:00,5,0.0
2013-08-11 03:00:00,5,0.0
2013-08-11 04:00:00,5,0.0
2013-08-11 05:00:00,5,0.05
2013-08-11 06:00:00,5,0.12
2013-08-11 07:00:00,11,0.2
2013-08-11 08:00:00,62,0.32
2013-08-11 09:00:00,57,0.57
2013-08-11 10:00:00,67,0.63
2013-08-11 11:00:00,81,0.93
2013-08-11 12:00:00,89,1.0
2013-08-11 13:00:00,96,0.87
2013-08-11 14:00:00,95,0.73
2013-08-11 15:00:00,100,0.54
2013-08-11 16:00:00,99,0.37
2013-08-11 17:00:00,100,0.1
2013-08-11 18:00:00,101,0.02
2013-08-11 19:00:00,97,0.0
2013-08-11 20:00:00,88,0.0
2013-08-11 21:00:00,76,0.0
2013-08-11 22:00:00,71,0.0
2013-08-11 23:00:00,37,0.0
2013-08-12 00:00:00,22,0.0
2013-08-12 01:00:00,5,0.0
2013-08-12 02:00:00,5,0.0
2013-08-12 03:00:00,5,0.0
2013-08-12 04:00:00,5,0.0
2013-08-12 05:00:00,5,0.09
2013-08-12 06:00:00,5,0.28
2013-08-12 07:00:00,15,0.36
2013-08-12 08:00:00,64,0.53
2013-08-12 09:00:00,73,0.74
2013-08-12 10:00:00,81,0.84
2013-08-12 11:00:00,90,0.66
2013-08-12 12:00:00,90,0.5
2013-08-12 13:00:00,94,0.63
2013-08-12 14:00:00,96,0.41
2013-08-12 15:00:00,96,0.3
2013-08-12 16:00:00,97,0.15
2013-08-12 17:00:00,104,0.06
2013-08-12 18:00:00,101,0.02
2013-08-12 19:00:00,97,0.0
2013-08-12 20:00:00,92,0.0
2013-08-12 21:00:00,88,0.0
2013-08-12 22:00:00,76,0.0
2013-08-12 23:00:00,38,0.0
2013-08-13 00:00:00,21,0.0
2013-08-13 01:00:00,5,0.0
2013-08-13 02:00:00,5,0.0
2013-08-13 03:00:00,5,0.0
2013-08-13 04:00:00,5,0.0
2013-08-13 05:00:00,5,0.04
2013-08-13 06:00:00,5,0.19
2013-08-13 07:00:00,9,0.45
2013-08-13 08:00:00,43,0.62
2013-08-13 09:00:00,73,0.72
2013-08-13 10:00:00,83,0.84
2013-08-13 11:00:00,83,0.96
2013-08-13 12:00:00,88,0.82
2013-08-13 13:00:00,91,0.78
2013-08-13 14:00:00,90,0.73
2013-08-13 15:00:00,92,0.58
2013-08-13 16:00:00,92,0.36
2013-08-13 17:00:00,96,0.09
2013-08-13 18:00:00,93,0.01
2013-08-13 19:00:00,87,0.0
2013-08-13 20:00:00,78,0.0
2013-08-13 21:00:00,75,0.0
2013-08-13 22:00:00,70,0.0
2013-08-13 23:00:00,35,0.0
2013-08-14 00:00:00,20,0.0
2013-08-14 01:00:00,5,0.0
2013-08-14 02:00:00,5,0.0
2013-08-14 03:00:00,5,0.0
2013-08-14 04:00:00,5,0.0
2013-08-14 05:00:00,5,0.07
2013-08-14 06:00:00,5,0.18
2013-08-14 07:00:00,12,0.3
2013-08-14 08:00:00,60,0.59
2013-08-14 09:00:00,64,0.71
2013-08-14 10:00:00,74,0.61
2013-08-14 11:00:00,84,0.66
2013-08-14 12:00:00,87,0.82
2013-08-14 13:00:00,91,0.82
2013-08-14 14:00:00,89,0.73
2013-08-14 15:00:00,94,0.57
2013-08-14 16:00:00,90,0.35
2013-08-14 17:00:00,89,0.09
2013-08-14 18:00:00,88,0.01
2013-08-14 19:00:00,86,0.0
2013-08-14 20:00:00,86,0.0
2013-08-14 21:00:00,73,0.0
2013-08-14 22:00:00,68,0.0
2013-08-14 23:00:00,37,0.0
2013-08-15 00:00:00,21,0.0
2013-08-15 01:00:00,5,0.0
2013-08-15 02:00:00,5,0.0
2013-08-15 03:00:00,5,0.0
2013-08-15 04:00:00,5,0.0
2013-08-15 05:00:00,5,0.07
2013-08-15 06:00:00,5,0.24
2013-08-15 07:00:00,19,0.44
2013-08-15 08:00:00,55,0.59
2013-08-15 09:00:00,58,0.72
2013-08-15 10:00:00,66,0.76
2013-08-15 11:00:00,74,0.62
2013-08-15 12:00:00,86,0.81
2013-08-15 13:00:00,94,0.72
2013-08-15 14:00:00,96,0.38
2013-08-15 15:00:00,98,0.27
2013-08-15 16:00:00,98,0.05
2013-08-15 17:00:00,101,0.03
2013-08-15 18:00:00,101,0.01
2013-08-15 19:00:00,91,0.0
2013-08-15 20:00:00,82,0.0
2013-08-15 21:00:00,75,0.0
2013-08-15 22:00:00,64,0.0
2013-08-15 23:00:00,39,0.0
2013-08-16 00:00:00,21,0.0
2013-08-16 01:00:00,5,0.0
2013-08-16 02:00:00,5,0.0
2013-08-16 03:00:00,5,0.0
2013-08-16 04:00:00,5,0.0
2013-08-16 05:00:00,5,0.01
2013-08-16 06:00:00,5,0.03
2013-08-16 07:00:00,17,0.08
2013-08-16 08:00:00,65,0.09
2013-08-16 09:00:00,67,0.08
2013-08-16 10:00:00,75,0.09
2013-08-16 11:00:00,88,0.07
2013-08-16 12:00:00,98,0.08
2013-08-16 13:00:00,99,0.13
2013-08-16 14:00:00,101,0.2
2013-08-16 15:00:00,100,0.1
2013-08-16 16:00:00,99,0.06
2013-08-16 17:00:00,102,0.02
2013-08-16 18:00:00,103,0.01
2013-08-16 19:00:00,98,0.0
2013-08-16 20:00:00,97,0.0
2013-08-16 21:00:00,95,0.0
2013-08-16 22:00:00,85,0.0
2013-08-16 23:00:00,39,0.0
2013-08-17 00:00:00,25,0.0
2013-08-17 01:00:00,5,0.0
2013-08-17 02:00:00,5,0.0
2013-08-17 03:00:00,5,0.0
2013-08-17 04:00:00,5,0.0
2013-08-17 05:00:00,5,0.02
2013-08-17 06:00:00,5,0.09
2013-08-17 07:00:00,13,0.24
2013-08-17 08:00:00,76,0.33
2013-08-17 09:00:00,76,0.42
2013-08-17 10:00:00,86,0.97
2013-08-17 11:00:00,93,1.0
2013-08-17 12:00:00,99,0.97
2013-08-17 13:00:00,100,0.35
2013-08-17 14:00:00,102,0.59
2013-08-17 15:00:00,108,0.52
2013-08-17 16:00:00,105,0.19
2013-08-17 17:00:00,109,0.06
2013-08-17 18:00:00,108,0.01
2013-08-17 19:00:00,108,0.0
2013-08-17 20:00:00,104,0.0
2013-08-17 21:00:00,99,0.0
2013-08-17 22:00:00,86,0.0
2013-08-17 23:00:00,40,0.0
2013-08-18 00:00:00,23,0.0
2013-08-18 01:00:00,5,0.0
2013-08-18 02:00:00,5,0.0
2013-08-18 03:00:00,5,0.0
2013-08-18 04:00:00,5,0.0
2013-08-18 05:00:00,5,0.08
2013-08-18 06:00:00,5,0.27
2013-08-18 07:00:00,13,0.49
2013-08-18 08:00:00,75,0.66
2013-08-18 09:00:00,72,0.87
2013-08-18 10:00:00,87,0.98
2013-08-18 11:00:00,94,0.99
2013-08-18 12:00:00,98,0.96
2013-08-18 13:00:00,102,0.53
2013-08-18 14:00:00,103,0.73
2013-08-18 15:00:00,104,0.52
2013-08-18 16:00:00,103,0.33
2013-08-18 17:00:00,105,0.08
2013-08-18 18:00:00,102,0.01
2013-08-18 19:00:00,97,0.0
2013-08-18 20:00:00,92,0.0
2013-08-18 21:00:00,86,0.0
2013-08-18 22:00:00,78,0.0
2013-08-18 23:00:00,38,0.0
2013-08-19 00:00:00,22,0.0
2013-08-19 01:00:00,7,0.0
2013-08-19 02:00:00,5,0.0
2013-08-19 03:00:00,5,0.0
2013-08-19 04:00:00,5,0.0
2013-08-19 05:00:00,5,0.05
2013-08-19 06:00:00,6,0.23
2013-08-19 07:00:00,14,0.27
2013-08-19 08:00:00,66,0.53
2013-08-19 09:00:00,67,0.78
2013-08-19 10:00:00,78,0.79
2013-08-19 11:00:00,87,0.95
2013-08-19 12:00:00,93,0.84
2013-08-19 13:00:00,93,0.8
2013-08-19 14:00:00,95,0.45
2013-08-19 15:00:00,91,0.17
2013-08-19 16:00:00,91,0.11
2013-08-19 17:00:00,93,0.05
2013-08-19 18:00:00,92,0.01
2013-08-19 19:00:00,92,0.0
2013-08-19 20:00:00,93,0.0
2013-08-19 21:00:00,89,0.0
2013-08-19 22:00:00,77,0.0
2013-08-19 23:00:00,43,0.0
2013-08-20 00:00:00,49,0.0
2013-08-20 01:00:00,7,0.0
2013-08-20 02:00:00,6,0.0
2013-08-20 03:00:00,5,0.0
2013-08-20 04:00:00,5,0.0
2013-08-20 05:00:00,5,0.07
2013-08-20 06:00:00,6,0.21
2013-08-20 07:00:00,11,0.42
2013-08-20 08:00:00,62,0.68
2013-08-20 09:00:00,62,0.85
2013-08-20 10:00:00,71,0.94
2013-08-20 11:00:00,80,0.98
2013-08-20 12:00:00,85,0.86
2013-08-20 13:00:00,90,0.84
2013-08-20 14:00:00,91,0.58
2013-08-20 15:00:00,90,0.27
2013-08-20 16:00:00,92,0.21
2013-08-20 17:00:00,92,0.07
2013-08-20 18:00:00,86,0.01
2013-08-20 19:00:00,85,0.0
2013-08-20 20:00:00,81,0.0
2013-08-20 21:00:00,76,0.0
2013-08-20 22:00:00,69,0.0
2013-08-20 23:00:00,36,0.0
2013-08-21 00:00:00,21,0.0
2013-08-21 01:00:00,5,0.0
2013-08-21 02:00:00,5,0.0
2013-08-21 03:00:00,5,0.0
2013-08-21 04:00:00,4,0.0
2013-08-21 05:00:00,5,0.02
2013-08-21 06:00:00,5,0.08
2013-08-21 07:00:00,9,0.17
2013-08-21 08:00:00,44,0.22
2013-08-21 09:00:00,62,0.23
2013-08-21 10:00:00,69,0.41
2013-08-21 11:00:00,75,0.93
2013-08-21 12:00:00,77,0.95
2013-08-21 13:00:00,81,0.79
2013-08-21 14:00:00,79,0.72
2013-08-21 15:00:00,75,0.42
2013-08-21 16:00:00,76,0.13
2013-08-21 17:00:00,81,0.05
2013-08-21 18:00:00,86,0.01
2013-08-21 19:00:00,76,0.0
2013-08-21 20:00:00,74,0.0
2013-08-21 21:00:00,72,0.0
2013-08-21 22:00:00,64,0.0
2013-08-21 23:00:00,38,0.0
2013-08-22 00:00:00,20,0.0
2013-08-22 01:00:00,5,0.0
2013-08-22 02:00:00,5,0.0
2013-08-22 03:00:00,5,0.0
2013-08-22 04:00:00,4,0.0
2013-08-22 05:00:00,5,0.05
2013-08-22 06:00:00,5,0.22
2013-08-22 07:00:00,17,0.34
2013-08-22 08:00:00,55,0.56
2013-08-22 09:00:00,54,0.82
2013-08-22 10:00:00,61,0.94
2013-08-22 11:00:00,67,0.94
2013-08-22 12:00:00,77,0.81
2013-08-22 13:00:00,78,0.61
2013-08-22 14:00:00,83,0.7
2013-08-22 15:00:00,80,0.53
2013-08-22 16:00:00,85,0.31
2013-08-22 17:00:00,86,0.04
2013-08-22 18:00:00,87,0.01
2013-08-22 19:00:00,89,0.0
2013-08-22 20:00:00,81,0.0
2013-08-22 21:00:00,75,0.0
2013-08-22 22:00:00,70,0.0
2013-08-22 23:00:00,38,0.0
2013-08-23 00:00:00,21,0.0
2013-08-23 01:00:00,7,0.0
2013-08-23 02:00:00,5,0.0
2013-08-23 03:00:00,5,0.0
2013-08-23 04:00:00,5,0.0
2013-08-23 05:00:00,5,0.06
2013-08-23 06:00:00,5,0.26
2013-08-23 07:00:00,15,0.47
2013-08-23 08:00:00,55,0.68
2013-08-23 09:00:00,55,0.84
2013-08-23 10:00:00,58,0.95
2013-08-23 11:00:00,64,0.99
2013-08-23 12:00:00,67,0.97
2013-08-23 13:00:00,71,0.88
2013-08-23 14:00:00,67,0.72
2013-08-23 15:00:00,70,0.52
2013-08-23 16:00:00,74,0.31
2013-08-23 17:00:00,72,0.06
2013-08-23 18:00:00,73,0.01
2013-08-23 19:00:00,74,0.0
2013-08-23 20:00:00,76,0.0
2013-08-23 21:00:00,71,0.0
2013-08-23 22:00:00,65,0.0
2013-08-23 23:00:00,38,0.0
2013-08-24 00:00:00,27,0.0
2013-08-24 01:00:00,6,0.0
2013-08-24 02:00:00,6,0.0
2013-08-24 03:00:00,6,0.0
2013-08-24 04:00:00,5,0.0
2013-08-24 05:00:00,5,0.01
2013-08-24 06:00:00,5,0.05
2013-08-24 07:00:00,13,0.08
2013-08-24 08:00:00,58,0.13
2013-08-24 09:00:00,56,0.11
2013-08-24 10:00:00,62,0.11
2013-08-24 11:00:00,69,0.12
2013-08-24 12:00:00,73,0.12
2013-08-24 13:00:00,81,0.14
2013-08-24 14:00:00,82,0.12
2013-08-24 15:00:00,95,0.1
2013-08-24 16:00:00,99,0.06
2013-08-24 17:00:00,98,0.02
2013-08-24 18:00:00,97,0.01
2013-08-24 19:00:00,86,0.0
2013-08-24 20:00:00,77,0.0
2013-08-24 21:00:00,68,0.0
2013-08-24 22:00:00,62,0.0
2013-08-24 23:00:00,37,0.0
2013-08-25 00:00:00,21,0.0
2013-08-25 01:00:00,5,0.0
2013-08-25 02:00:00,5,0.0
2013-08-25 03:00:00,5,0.0
2013-08-25 04:00:00,5,0.0
2013-08-25 05:00:00,5,0.05
2013-08-25 06:00:00,5,0.26
2013-08-25 07:00:00,14,0.38
2013-08-25 08:00:00,54,0.44
2013-08-25 09:00:00,52,0.5
2013-08-25 10:00:00,63,0.59
2013-08-25 11:00:00,70,0.66
2013-08-25 12:00:00,75,0.77
2013-08-25 13:00:00,77,0.5
2013-08-25 14:00:00,71,0.65
2013-08-25 15:00:00,79,0.31
2013-08-25 16:00:00,86,0.15
2013-08-25 17:00:00,91,0.04
2013-08-25 18:00:00,79,0.01
2013-08-25 19:00:00,70,0.0
2013-08-25 20:00:00,65,0.0
2013-08-25 21:00:00,63,0.0
2013-08-25 22:00:00,59,0.0
2013-08-25 23:00:00,35,0.0
2013-08-26 00:00:00,20,0.0
2013-08-26 01:00:00,5,0.0
2013-08-26 02:00:00,5,0.0
2013-08-26 03:00:00,5,0.0
2013-08-26 04:00:00,5,0.0
2013-08-26 05:00:00,5,0.03
2013-08-26 06:00:00,5,0.15
2013-08-26 07:00:00,9,0.18
2013-08-26 08:00:00,49,0.16
2013-08-26 09:00:00,49,0.18
2013-08-26 10:00:00,59,0.29
2013-08-26 11:00:00,62,0.3
2013-08-26 12:00:00,63,0.16
2013-08-26 13:00:00,64,0.12
2013-08-26 14:00:00,64,0.18
2013-08-26 15:00:00,66,0.2
2013-08-26 16:00:00,65,0.08
2013-08-26 17:00:00,67,0.02
2013-08-26 18:00:00,67,0.01
2013-08-26 19:00:00,67,0.0
2013-08-26 20:00:00,65,0.0
2013-08-26 21:00:00,63,0.0
2013-08-26 22:00:00,61,0.0
2013-08-26 23:00:00,38,0.0
2013-08-27 00:00:00,19,0.0
2013-08-27 01:00:00,5,0.0
2013-08-27 02:00:00,5,0.0
2013-08-27 03:00:00,5,0.0
2013-08-27 04:00:00,5,0.0
2013-08-27 05:00:00,5,0.01
2013-08-27 06:00:00,5,0.05
2013-08-27 07:00:00,10,0.1
2013-08-27 08:00:00,32,0.15
2013-08-27 09:00:00,48,0.21
2013-08-27 10:00:00,51,0.23
2013-08-27 11:00:00,57,0.3
2013-08-27 12:00:00,58,0.28
2013-08-27 13:00:00,58,0.38
2013-08-27 14:00:00,60,0.14
2013-08-27 15:00:00,62,0.13
2013-08-27 16:00:00,61,0.07
2013-08-27 17:00:00,62,0.02
2013-08-27 18:00:00,62,0.01
2013-08-27 19:00:00,61,0.0
2013-08-27 20:00:00,64,0.0
2013-08-27 21:00:00,59,0.0
2013-08-27 22:00:00,55,0.0
2013-08-27 23:00:00,35,0.0
2013-08-28 00:00:00,19,0.0
2013-08-28 01:00:00,5,0.0
2013-08-28 02:00:00,6,0.0
2013-08-28 03:00:00,6,0.0
2013-08-28 04:00:00,6,0.0
2013-08-28 05:00:00,6,0.01
2013-08-28 06:00:00,6,0.03
2013-08-28 07:00:00,13,0.05
2013-08-28 08:00:00,49,0.11
2013-08-28 09:00:00,49,0.12
2013-08-28 10:00:00,52,0.19
2013-08-28 11:00:00,55,0.15
2013-08-28 12:00:00,58,0.15
2013-08-28 13:00:00,60,0.11
2013-08-28 14:00:00,60,0.09
2013-08-28 15:00:00,61,0.06
2013-08-28 16:00:00,61,0.03
2013-08-28 17:00:00,64,0.01
2013-08-28 18:00:00,62,0.0
2013-08-28 19:00:00,60,0.0
2013-08-28 20:00:00,57,0.0
2013-08-28 21:00:00,53,0.0
2013-08-28 22:00:00,52,0.0
2013-08-28 23:00:00,37,0.0
2013-08-29 00:00:00,28,0.0
2013-08-29 01:00:00,4,0.0
2013-08-29 02:00:00,5,0.0
2013-08-29 03:00:00,5,0.0
2013-08-29 04:00:00,5,0.0
2013-08-29 05:00:00,5,0.01
2013-08-29 06:00:00,5,0.05
2013-08-29 07:00:00,15,0.06
2013-08-29 08:00:00,41,0.08
2013-08-29 09:00:00,43,0.11
2013-08-29 10:00:00,49,0.18
2013-08-29 11:00:00,54,0.17
2013-08-29 12:00:00,52,0.22
2013-08-29 13:00:00,54,0.13
2013-08-29 14:00:00,59,0.11
2013-08-29 15:00:00,60,0.08
2013-08-29 16:00:00,61,0.04
2013-08-29 17:00:00,62,0.01
2013-08-29 18:00:00,64,0.0
2013-08-29 19:00:00,62,0.0
2013-08-29 20:00:00,61,0.0
2013-08-29 21:00:00,61,0.0
2013-08-29 22:00:00,54,0.0
2013-08-29 23:00:00,34,0.0
2013-08-30 00:00:00,21,0.0
2013-08-30 01:00:00,4,0.0
2013-08-30 02:00:00,5,0.0
2013-08-30 03:00:00,5,0.0
2013-08-30 04:00:00,5,0.0
2013-08-30 05:00:00,5,0.02
2013-08-30 06:00:00,5,0.09
2013-08-30 07:00:00,10,0.17
2013-08-30 08:00:00,49,0.34
2013-08-30 09:00:00,47,0.64
2013-08-30 10:00:00,53,0.63
2013-08-30 11:00:00,59,0.13
2013-08-30 12:00:00,62,0.11
2013-08-30 13:00:00,63,0.1
2013-08-30 14:00:00,64,0.09
2013-08-30 15:00:00,66,0.11
2013-08-30 16:00:00,66,0.15
2013-08-30 17:00:00,64,0.04
2013-08-30 18:00:00,65,0.0
2013-08-30 19:00:00,64,0.0
2013-08-30 20:00:00,64,0.0
2013-08-30 21:00:00,60,0.0
2013-08-30 22:00:00,57,0.0
2013-08-30 23:00:00,35,0.0
2013-08-31 00:00:00,20,0.0
2013-08-31 01:00:00,4,0.0
2013-08-31 02:00:00,5,0.0
2013-08-31 03:00:00,5,0.0
2013-08-31 04:00:00,5,0.0
2013-08-31 05:00:00,5,0.01
2013-08-31 06:00:00,5,0.02
2013-08-31 07:00:00,9,0.05
2013-08-31 08:00:00,47,0.1
2013-08-31 09:00:00,47,0.09
2013-08-31 10:00:00,54,0.13
2013-08-31 11:00:00,58,0.16
2013-08-31 12:00:00,59,0.27
2013-08-31 13:00:00,60,0.24
2013-08-31 14:00:00,62,0.11
2013-08-31 15:00:00,64,0.09
2013-08-31 16:00:00,64,0.06
2013-08-31 17:00:00,64,0.02
2013-08-31 18:00:00,65,0.0
2013-08-31 19:00:00,65,0.0
2013-08-31 20:00:00,64,0.0
2013-08-31 21:00:00,62,0.0
2013-08-31 22:00:00,58,0.0
2013-08-31 23:00:00,37,0.0
2013-09-01 00:00:00,21,0.0
2013-09-01 01:00:00,5,0.0
2013-09-01 02:00:00,5,0.0
2013-09-01 03:00:00,5,0.0
2013-09-01 04:00:00,5,0.0
2013-09-01 05:00:00,6,0.04
2013-09-01 06:00:00,6,0.18
2013-09-01 07:00:00,10,0.37
2013-09-01 08:00:00,54,0.45
2013-09-01 09:00:00,51,0.58
2013-09-01 10:00:00,62,0.41
2013-09-01 11:00:00,73,0.68
2013-09-01 12:00:00,73,0.71
2013-09-01 13:00:00,76,0.36
2013-09-01 14:00:00,84,0.28
2013-09-01 15:00:00,87,0.23
2013-09-01 16:00:00,89,0.2
2013-09-01 17:00:00,77,0.03
2013-09-01 18:00:00,70,0.0
2013-09-01 19:00:00,65,0.0
2013-09-01 20:00:00,61,0.0
2013-09-01 21:00:00,60,0.0
2013-09-01 22:00:00,56,0.0
2013-09-01 23:00:00,38,0.0
2013-09-02 00:00:00,26,0.0
2013-09-02 01:00:00,4,0.0
2013-09-02 02:00:00,5,0.0
2013-09-02 03:00:00,5,0.0
2013-09-02 04:00:00,5,0.0
2013-09-02 05:00:00,5,0.01
2013-09-02 06:00:00,5,0.02
2013-09-02 07:00:00,10,0.05
2013-09-02 08:00:00,35,0.07
2013-09-02 09:00:00,49,0.12
2013-09-02 10:00:00,55,0.15
2013-09-02 11:00:00,59,0.13
2013-09-02 12:00:00,61,0.17
2013-09-02 13:00:00,63,0.11
2013-09-02 14:00:00,63,0.05
2013-09-02 15:00:00,62,0.05
2013-09-02 16:00:00,62,0.04
2013-09-02 17:00:00,63,0.01
2013-09-02 18:00:00,64,0.0
2013-09-02 19:00:00,63,0.0
2013-09-02 20:00:00,59,0.0
2013-09-02 21:00:00,57,0.0
2013-09-02 22:00:00,55,0.0
2013-09-02 23:00:00,33,0.0
2013-09-03 00:00:00,18,0.0
2013-09-03 01:00:00,4,0.0
2013-09-03 02:00:00,5,0.0
2013-09-03 03:00:00,5,0.0
2013-09-03 04:00:00,5,0.0
2013-09-03 05:00:00,5,0.01
2013-09-03 06:00:00,5,0.06
2013-09-03 07:00:00,10,0.08
2013-09-03 08:00:00,49,0.1
2013-09-03 09:00:00,47,0.13
2013-09-03 10:00:00,54,0.12
2013-09-03 11:00:00,57,0.2
2013-09-03 12:00:00,59,0.15
2013-09-03 13:00:00,60,0.18
2013-09-03 14:00:00,61,0.12
2013-09-03 15:00:00,63,0.1
2013-09-03 16:00:00,63,0.05
2013-09-03 17:00:00,66,0.02
2013-09-03 18:00:00,64,0.0
2013-09-03 19:00:00,68,0.0
2013-09-03 20:00:00,68,0.0
2013-09-03 21:00:00,63,0.0
2013-09-03 22:00:00,61,0.0
2013-09-03 23:00:00,34,0.0
2013-09-04 00:00:00,20,0.0
2013-09-04 01:00:00,4,0.0
2013-09-04 02:00:00,5,0.0
2013-09-04 03:00:00,5,0.0
2013-09-04 04:00:00,5,0.0
2013-09-04 05:00:00,5,0.01
2013-09-04 06:00:00,5,0.06
2013-09-04 07:00:00,10,0.13
2013-09-04 08:00:00,53,0.25
2013-09-04 09:00:00,53,0.08
2013-09-04 10:00:00,59,0.17
2013-09-04 11:00:00,63,0.39
2013-09-04 12:00:00,65,0.14
2013-09-04 13:00:00,65,0.22
2013-09-04 14:00:00,65,0.13
2013-09-04 15:00:00,69,0.09
2013-09-04 16:00:00,69,0.04
2013-09-04 17:00:00,69,0.02
2013-09-04 18:00:00,68,0.0
2013-09-04 19:00:00,68,0.0
2013-09-04 20:00:00,69,0.0
2013-09-04 21:00:00,66,0.0
2013-09-04 22:00:00,61,0.0
2013-09-04 23:00:00,41,0.0
2013-09-05 00:00:00,25,0.0
2013-09-05 01:00:00,4,0.0
2013-09-05 02:00:00,4,0.0
2013-09-05 03:00:00,5,0.0
2013-09-05 04:00:00,5,0.0
2013-09-05 05:00:00,5,0.01
2013-09-05 06:00:00,5,0.03
2013-09-05 07:00:00,15,0.07
2013-09-05 08:00:00,55,0.17
2013-09-05 09:00:00,52,0.23
2013-09-05 10:00:00,58,0.17
2013-09-05 11:00:00,64,0.5
2013-09-05 12:00:00,66,0.45
2013-09-05 13:00:00,66,0.18
2013-09-05 14:00:00,65,0.18
2013-09-05 15:00:00,65,0.11
2013-09-05 16:00:00,65,0.03
2013-09-05 17:00:00,65,0.01
2013-09-05 18:00:00,65,0.0
2013-09-05 19:00:00,64,0.0
2013-09-05 20:00:00,65,0.0
2013-09-05 21:00:00,62,0.0
2013-09-05 22:00:00,58,0.0
2013-09-05 23:00:00,35,0.0
2013-09-06 00:00:00,21,0.0
2013-09-06 01:00:00,4,0.0
2013-09-06 02:00:00,4,0.0
2013-09-06 03:00:00,5,0.0
2013-09-06 04:00:00,5,0.0
2013-09-06 05:00:00,5,0.03
2013-09-06 06:00:00,5,0.11
2013-09-06 07:00:00,13,0.26
2013-09-06 08:00:00,51,0.57
2013-09-06 09:00:00,51,0.57
2013-09-06 10:00:00,55,0.86
2013-09-06 11:00:00,56,0.93
2013-09-06 12:00:00,56,0.91
2013-09-06 13:00:00,58,0.74
2013-09-06 14:00:00,57,0.45
2013-09-06 15:00:00,58,0.33
2013-09-06 16:00:00,57,0.16
2013-09-06 17:00:00,58,0.03
2013-09-06 18:00:00,59,0.0
2013-09-06 19:00:00,59,0.0
2013-09-06 20:00:00,60,0.0
2013-09-06 21:00:00,58,0.0
2013-09-06 22:00:00,53,0.0
2013-09-06 23:00:00,34,0.0
2013-09-07 00:00:00,18,0.0
2013-09-07 01:00:00,4,0.0
2013-09-07 02:00:00,4,0.0
2013-09-07 03:00:00,5,0.0
2013-09-07 04:00:00,5,0.0
2013-09-07 05:00:00,5,0.01
2013-09-07 06:00:00,5,0.04
2013-09-07 07:00:00,10,0.11
2013-09-07 08:00:00,47,0.11
2013-09-07 09:00:00,46,0.1
2013-09-07 10:00:00,50,0.13
2013-09-07 11:00:00,52,0.14
2013-09-07 12:00:00,52,0.15
2013-09-07 13:00:00,57,0.11
2013-09-07 14:00:00,56,0.1
2013-09-07 15:00:00,57,0.09
2013-09-07 16:00:00,59,0.03
2013-09-07 17:00:00,61,0.01
2013-09-07 18:00:00,62,0.0
2013-09-07 19:00:00,60,0.0
2013-09-07 20:00:00,60,0.0
2013-09-07 21:00:00,58,0.0
2013-09-07 22:00:00,54,0.0
2013-09-07 23:00:00,34,0.0
2013-09-08 00:00:00,18,0.0
2013-09-08 01:00:00,4,0.0
2013-09-08 02:00:00,4,0.0
2013-09-08 03:00:00,5,0.0
2013-09-08 04:00:00,5,0.0
2013-09-08 05:00:00,5,0.01
2013-09-08 06:00:00,5,0.02
2013-09-08 07:00:00,10,0.09
2013-09-08 08:00:00,38,0.11
2013-09-08 09:00:00,45,0.13
2013-09-08 10:00:00,52,0.16
2013-09-08 11:00:00,57,0.15
2013-09-08 12:00:00,60,0.15
2013-09-08 13:00:00,63,0.12
2013-09-08 14:00:00,63,0.11
2013-09-08 15:00:00,64,0.08
2013-09-08 16:00:00,64,0.04
2013-09-08 17:00:00,66,0.01
2013-09-08 18:00:00,62,0.0
2013-09-08 19:00:00,59,0.0
2013-09-08 20:00:00,58,0.0
2013-09-08 21:00:00,57,0.0
2013-09-08 22:00:00,52,0.0
2013-09-08 23:00:00,35,0.0
2013-09-09 00:00:00,22,0.0
2013-09-09 01:00:00,4,0.0
2013-09-09 02:00:00,4,0.0
2013-09-09 03:00:00,5,0.0
2013-09-09 04:00:00,5,0.0
2013-09-09 05:00:00,5,0.03
2013-09-09 06:00:00,5,0.16
2013-09-09 07:00:00,9,0.37
2013-09-09 08:00:00,38,0.61
2013-09-09 09:00:00,46,0.79
2013-09-09 10:00:00,52,0.89
2013-09-09 11:00:00,53,0.89
2013-09-09 12:00:00,56,0.53
2013-09-09 13:00:00,57,0.57
2013-09-09 14:00:00,57,0.63
2013-09-09 15:00:00,57,0.45
2013-09-09 16:00:00,58,0.17
2013-09-09 17:00:00,58,0.03
2013-09-09 18:00:00,60,0.0
2013-09-09 19:00:00,60,0.0
2013-09-09 20:00:00,59,0.0
2013-09-09 21:00:00,56,0.0
2013-09-09 22:00:00,52,0.0
2013-09-09 23:00:00,33,0.0
2013-09-10 00:00:00,18,0.0
2013-09-10 01:00:00,4,0.0
2013-09-10 02:00:00,5,0.0
2013-09-10 03:00:00,5,0.0
2013-09-10 04:00:00,5,0.0
2013-09-10 05:00:00,5,0.02
2013-09-10 06:00:00,5,0.11
2013-09-10 07:00:00,11,0.31
2013-09-10 08:00:00,44,0.5
2013-09-10 09:00:00,48,0.41
2013-09-10 10:00:00,52,0.5
2013-09-10 11:00:00,55,0.37
2013-09-10 12:00:00,57,0.39
2013-09-10 13:00:00,58,0.42
2013-09-10 14:00:00,59,0.2
2013-09-10 15:00:00,61,0.14
2013-09-10 16:00:00,62,0.06
2013-09-10 17:00:00,64,0.02
2013-09-10 18:00:00,65,0.0
2013-09-10 19:00:00,64,0.0
2013-09-10 20:00:00,62,0.0
2013-09-10 21:00:00,55,0.0
2013-09-10 22:00:00,51,0.0
2013-09-10 23:00:00,35,0.0
2013-09-11 00:00:00,20,0.0
2013-09-11 01:00:00,4,0.0
2013-09-11 02:00:00,4,0.0
2013-09-11 03:00:00,5,0.0
2013-09-11 04:00:00,5,0.0
2013-09-11 05:00:00,5,0.03
2013-09-11 06:00:00,5,0.08
2013-09-11 07:00:00,11,0.19
2013-09-11 08:00:00,45,0.19
2013-09-11 09:00:00,45,0.25
2013-09-11 10:00:00,51,0.26
2013-09-11 11:00:00,56,0.38
2013-09-11 12:00:00,57,0.27
2013-09-11 13:00:00,59,0.22
2013-09-11 14:00:00,60,0.16
2013-09-11 15:00:00,61,0.1
2013-09-11 16:00:00,60,0.04
2013-09-11 17:00:00,61,0.01
2013-09-11 18:00:00,62,0.0
2013-09-11 19:00:00,61,0.0
2013-09-11 20:00:00,61,0.0
2013-09-11 21:00:00,58,0.0
2013-09-11 22:00:00,56,0.0
2013-09-11 23:00:00,33,0.0
2013-09-12 00:00:00,20,0.0
2013-09-12 01:00:00,4,0.0
2013-09-12 02:00:00,5,0.0
2013-09-12 03:00:00,5,0.0
2013-09-12 04:00:00,5,0.0
2013-09-12 05:00:00,5,0.03
2013-09-12 06:00:00,5,0.08
2013-09-12 07:00:00,12,0.25
2013-09-12 08:00:00,49,0.39
2013-09-12 09:00:00,48,0.63
2013-09-12 10:00:00,53,0.44
2013-09-12 11:00:00,58,0.25
2013-09-12 12:00:00,58,0.42
2013-09-12 13:00:00,62,0.26
2013-09-12 14:00:00,63,0.06
2013-09-12 15:00:00,69,0.12
2013-09-12 16:00:00,71,0.06
2013-09-12 17:00:00,76,0.01
2013-09-12 18:00:00,70,0.0
2013-09-12 19:00:00,68,0.0
2013-09-12 20:00:00,66,0.0
2013-09-12 21:00:00,64,0.0
2013-09-12 22:00:00,62,0.0
2013-09-12 23:00:00,35,0.0
2013-09-13 00:00:00,20,0.0
2013-09-13 01:00:00,4,0.0
2013-09-13 02:00:00,5,0.0
2013-09-13 03:00:00,5,0.0
2013-09-13 04:00:00,5,0.0
2013-09-13 05:00:00,5,0.01
2013-09-13 06:00:00,5,0.02
2013-09-13 07:00:00,13,0.08
2013-09-13 08:00:00,52,0.1
2013-09-13 09:00:00,51,0.16
2013-09-13 10:00:00,55,0.14
2013-09-13 11:00:00,58,0.14
2013-09-13 12:00:00,63,0.1
2013-09-13 13:00:00,61,0.12
2013-09-13 14:00:00,61,0.09
2013-09-13 15:00:00,64,0.07
2013-09-13 16:00:00,63,0.03
2013-09-13 17:00:00,65,0.01
2013-09-13 18:00:00,67,0.0
2013-09-13 19:00:00,65,0.0
2013-09-13 20:00:00,64,0.0
2013-09-13 21:00:00,62,0.0
2013-09-13 22:00:00,58,0.0
2013-09-13 23:00:00,37,0.0
2013-09-14 00:00:00,19,0.0
2013-09-14 01:00:00,4,0.0
2013-09-14 02:00:00,5,0.0
2013-09-14 03:00:00,5,0.0
2013-09-14 04:00:00,5,0.0
2013-09-14 05:00:00,5,0.02
2013-09-14 06:00:00,5,0.14
2013-09-14 07:00:00,13,0.41
2013-09-14 08:00:00,51,0.61
2013-09-14 09:00:00,53,0.57
2013-09-14 10:00:00,59,0.28
2013-09-14 11:00:00,64,0.47
2013-09-14 12:00:00,70,0.43
2013-09-14 13:00:00,73,0.47
2013-09-14 14:00:00,83,0.42
2013-09-14 15:00:00,90,0.39
2013-09-14 16:00:00,93,0.11
2013-09-14 17:00:00,94,0.02
2013-09-14 18:00:00,91,0.0
2013-09-14 19:00:00,88,0.0
2013-09-14 20:00:00,82,0.0
2013-09-14 21:00:00,70,0.0
2013-09-14 22:00:00,66,0.0
2013-09-14 23:00:00,37,0.0
2013-09-15 00:00:00,19,0.0
2013-09-15 01:00:00,4,0.0
2013-09-15 02:00:00,5,0.0
2013-09-15 03:00:00,5,0.0
2013-09-15 04:00:00,5,0.0
2013-09-15 05:00:00,5,0.01
2013-09-15 06:00:00,5,0.05
2013-09-15 07:00:00,10,0.09
2013-09-15 08:00:00,44,0.11
2013-09-15 09:00:00,55,0.13
2013-09-15 10:00:00,65,0.16
2013-09-15 11:00:00,74,0.11
2013-09-15 12:00:00,88,0.08
2013-09-15 13:00:00,89,0.06
2013-09-15 14:00:00,91,0.04
2013-09-15 15:00:00,89,0.03
2013-09-15 16:00:00,76,0.03
2013-09-15 17:00:00,75,0.01
2013-09-15 18:00:00,72,0.0
2013-09-15 19:00:00,67,0.0
2013-09-15 20:00:00,65,0.0
2013-09-15 21:00:00,62,0.0
2013-09-15 22:00:00,57,0.0
2013-09-15 23:00:00,34,0.0
2013-09-16 00:00:00,21,0.0
2013-09-16 01:00:00,4,0.0
2013-09-16 02:00:00,5,0.0
2013-09-16 03:00:00,5,0.0
2013-09-16 04:00:00,5,0.0
2013-09-16 05:00:00,5,0.01
2013-09-16 06:00:00,5,0.04
2013-09-16 07:00:00,14,0.03
2013-09-16 08:00:00,52,0.04
2013-09-16 09:00:00,51,0.06
2013-09-16 10:00:00,54,0.08
2013-09-16 11:00:00,60,0.06
2013-09-16 12:00:00,65,0.06
2013-09-16 13:00:00,68,0.05
2013-09-16 14:00:00,69,0.04
2013-09-16 15:00:00,72,0.05
2013-09-16 16:00:00,69,0.04
2013-09-16 17:00:00,68,0.01
2013-09-16 18:00:00,62,0.0
2013-09-16 19:00:00,60,0.0
2013-09-16 20:00:00,57,0.0
2013-09-16 21:00:00,54,0.0
2013-09-16 22:00:00,50,0.0
2013-09-16 23:00:00,36,0.0
2013-09-17 00:00:00,34,0.0
2013-09-17 01:00:00,15,0.0
2013-09-17 02:00:00,5,0.0
2013-09-17 03:00:00,5,0.0
2013-09-17 04:00:00,5,0.0
2013-09-17 05:00:00,5,0.03
2013-09-17 06:00:00,5,0.19
2013-09-17 07:00:00,10,0.41
2013-09-17 08:00:00,40,0.62
2013-09-17 09:00:00,42,0.79
2013-09-17 10:00:00,49,0.89
2013-09-17 11:00:00,52,0.93
2013-09-17 12:00:00,56,0.9
2013-09-17 13:00:00,57,0.79
2013-09-17 14:00:00,57,0.62
2013-09-17 15:00:00,59,0.42
2013-09-17 16:00:00,61,0.19
2013-09-17 17:00:00,61,0.02
2013-09-17 18:00:00,59,0.0
2013-09-17 19:00:00,58,0.0
2013-09-17 20:00:00,57,0.0
2013-09-17 21:00:00,56,0.0
2013-09-17 22:00:00,48,0.0
2013-09-17 23:00:00,33,0.0
2013-09-18 00:00:00,20,0.0
2013-09-18 01:00:00,4,0.0
2013-09-18 02:00:00,5,0.0
2013-09-18 03:00:00,5,0.0
2013-09-18 04:00:00,5,0.0
2013-09-18 05:00:00,5,0.03
2013-09-18 06:00:00,5,0.19
2013-09-18 07:00:00,13,0.4
2013-09-18 08:00:00,41,0.61
2013-09-18 09:00:00,41,0.78
2013-09-18 10:00:00,50,0.89
2013-09-18 11:00:00,52,0.92
2013-09-18 12:00:00,56,0.88
2013-09-18 13:00:00,55,0.78
2013-09-18 14:00:00,56,0.61
2013-09-18 15:00:00,57,0.4
2013-09-18 16:00:00,56,0.17
2013-09-18 17:00:00,60,0.02
2013-09-18 18:00:00,59,0.0
2013-09-18 19:00:00,56,0.0
2013-09-18 20:00:00,57,0.0
2013-09-18 21:00:00,52,0.0
2013-09-18 22:00:00,49,0.0
2013-09-18 23:00:00,34,0.0
2013-09-19 00:00:00,20,0.0
2013-09-19 01:00:00,4,0.0
2013-09-19 02:00:00,5,0.0
2013-09-19 03:00:00,5,0.0
2013-09-19 04:00:00,5,0.0
2013-09-19 05:00:00,5,0.02
2013-09-19 06:00:00,5,0.16
2013-09-19 07:00:00,10,0.34
2013-09-19 08:00:00,41,0.59
2013-09-19 09:00:00,41,0.75
2013-09-19 10:00:00,48,0.81
2013-09-19 11:00:00,50,0.86
2013-09-19 12:00:00,53,0.76
2013-09-19 13:00:00,52,0.39
2013-09-19 14:00:00,52,0.25
2013-09-19 15:00:00,54,0.31
2013-09-19 16:00:00,54,0.16
2013-09-19 17:00:00,56,0.02
2013-09-19 18:00:00,55,0.0
2013-09-19 19:00:00,53,0.0
2013-09-19 20:00:00,52,0.0
2013-09-19 21:00:00,50,0.0
2013-09-19 22:00:00,47,0.0
2013-09-19 23:00:00,34,0.0
2013-09-20 00:00:00,22,0.0
2013-09-20 01:00:00,4,0.0
2013-09-20 02:00:00,5,0.0
2013-09-20 03:00:00,5,0.0
2013-09-20 04:00:00,5,0.0
2013-09-20 05:00:00,5,0.04
2013-09-20 06:00:00,5,0.18
2013-09-20 07:00:00,12,0.39
2013-09-20 08:00:00,41,0.6
2013-09-20 09:00:00,41,0.77
2013-09-20 10:00:00,47,0.85
2013-09-20 11:00:00,51,0.9
2013-09-20 12:00:00,57,0.86
2013-09-20 13:00:00,59,0.76
2013-09-20 14:00:00,58,0.6
2013-09-20 15:00:00,59,0.39
2013-09-20 16:00:00,61,0.14
2013-09-20 17:00:00,60,0.02
2013-09-20 18:00:00,57,0.0
2013-09-20 19:00:00,57,0.0
2013-09-20 20:00:00,56,0.0
2013-09-20 21:00:00,55,0.0
2013-09-20 22:00:00,50,0.0
2013-09-20 23:00:00,37,0.0
2013-09-21 00:00:00,19,0.0
2013-09-21 01:00:00,4,0.0
2013-09-21 02:00:00,5,0.0
2013-09-21 03:00:00,5,0.0
2013-09-21 04:00:00,5,0.0
2013-09-21 05:00:00,5,0.03
2013-09-21 06:00:00,5,0.18
2013-09-21 07:00:00,10,0.39
2013-09-21 08:00:00,39,0.59
2013-09-21 09:00:00,43,0.75
2013-09-21 10:00:00,48,0.77
2013-09-21 11:00:00,56,0.77
2013-09-21 12:00:00,55,0.84
2013-09-21 13:00:00,58,0.75
2013-09-21 14:00:00,64,0.59
2013-09-21 15:00:00,68,0.38
2013-09-21 16:00:00,66,0.13
2013-09-21 17:00:00,66,0.01
2013-09-21 18:00:00,64,0.0
2013-09-21 19:00:00,62,0.0
2013-09-21 20:00:00,62,0.0
2013-09-21 21:00:00,56,0.0
2013-09-21 22:00:00,53,0.0
2013-09-21 23:00:00,35,0.0
2013-09-22 00:00:00,19,0.0
2013-09-22 01:00:00,4,0.0
2013-09-22 02:00:00,5,0.0
2013-09-22 03:00:00,5,0.0
2013-09-22 04:00:00,5,0.0
2013-09-22 05:00:00,5,0.01
2013-09-22 06:00:00,5,0.07
2013-09-22 07:00:00,14,0.17
2013-09-22 08:00:00,43,0.35
2013-09-22 09:00:00,44,0.6
2013-09-22 10:00:00,50,0.78
2013-09-22 11:00:00,56,0.84
2013-09-22 12:00:00,57,0.82
2013-09-22 13:00:00,55,0.74
2013-09-22 14:00:00,59,0.42
2013-09-22 15:00:00,58,0.08
2013-09-22 16:00:00,57,0.05
2013-09-22 17:00:00,57,0.02
2013-09-22 18:00:00,54,0.0
2013-09-22 19:00:00,53,0.0
2013-09-22 20:00:00,53,0.0
2013-09-22 21:00:00,49,0.0
2013-09-22 22:00:00,47,0.0
2013-09-22 23:00:00,33,0.0
2013-09-23 00:00:00,22,0.0
2013-09-23 01:00:00,4,0.0
2013-09-23 02:00:00,5,0.0
2013-09-23 03:00:00,5,0.0
2013-09-23 04:00:00,5,0.0
2013-09-23 05:00:00,5,0.02
2013-09-23 06:00:00,5,0.15
2013-09-23 07:00:00,10,0.15
2013-09-23 08:00:00,41,0.23
2013-09-23 09:00:00,41,0.32
2013-09-23 10:00:00,45,0.55
2013-09-23 11:00:00,49,0.2
2013-09-23 12:00:00,51,0.3
2013-09-23 13:00:00,52,0.23
2013-09-23 14:00:00,53,0.22
2013-09-23 15:00:00,54,0.12
2013-09-23 16:00:00,55,0.05
2013-09-23 17:00:00,54,0.01
2013-09-23 18:00:00,52,0.0
2013-09-23 19:00:00,51,0.0
2013-09-23 20:00:00,50,0.0
2013-09-23 21:00:00,47,0.0
2013-09-23 22:00:00,47,0.0
2013-09-23 23:00:00,35,0.0
2013-09-24 00:00:00,19,0.0
2013-09-24 01:00:00,4,0.0
2013-09-24 02:00:00,5,0.0
2013-09-24 03:00:00,5,0.0
2013-09-24 04:00:00,5,0.0
2013-09-24 05:00:00,5,0.02
2013-09-24 06:00:00,5,0.08
2013-09-24 07:00:00,14,0.15
2013-09-24 08:00:00,41,0.21
2013-09-24 09:00:00,41,0.27
2013-09-24 10:00:00,44,0.34
2013-09-24 11:00:00,49,0.5
2013-09-24 12:00:00,52,0.52
2013-09-24 13:00:00,53,0.41
2013-09-24 14:00:00,55,0.4
2013-09-24 15:00:00,58,0.11
2013-09-24 16:00:00,56,0.06
2013-09-24 17:00:00,59,0.01
2013-09-24 18:00:00,58,0.0
2013-09-24 19:00:00,56,0.0
2013-09-24 20:00:00,54,0.0
2013-09-24 21:00:00,53,0.0
2013-09-24 22:00:00,50,0.0
2013-09-24 23:00:00,35,0.0
2013-09-25 00:00:00,21,0.0
2013-09-25 01:00:00,4,0.0
2013-09-25 02:00:00,5,0.0
2013-09-25 03:00:00,5,0.0
2013-09-25 04:00:00,5,0.0
2013-09-25 05:00:00,5,0.01
2013-09-25 06:00:00,5,0.12
2013-09-25 07:00:00,10,0.32
2013-09-25 08:00:00,41,0.26
2013-09-25 09:00:00,47,0.34
2013-09-25 10:00:00,56,0.35
2013-09-25 11:00:00,60,0.51
2013-09-25 12:00:00,62,0.39
2013-09-25 13:00:00,64,0.25
2013-09-25 14:00:00,67,0.24
2013-09-25 15:00:00,71,0.12
2013-09-25 16:00:00,74,0.05
2013-09-25 17:00:00,79,0.01
2013-09-25 18:00:00,75,0.0
2013-09-25 19:00:00,72,0.0
2013-09-25 20:00:00,71,0.0
2013-09-25 21:00:00,70,0.0
2013-09-25 22:00:00,60,0.0
2013-09-25 23:00:00,36,0.0
2013-09-26 00:00:00,22,0.0
2013-09-26 01:00:00,5,0.0
2013-09-26 02:00:00,6,0.0
2013-09-26 03:00:00,5,0.0
2013-09-26 04:00:00,5,0.0
2013-09-26 05:00:00,5,0.01
2013-09-26 06:00:00,5,0.02
2013-09-26 07:00:00,10,0.09
2013-09-26 08:00:00,39,0.15
2013-09-26 09:00:00,42,0.19
2013-09-26 10:00:00,45,0.41
2013-09-26 11:00:00,47,0.6
2013-09-26 12:00:00,48,0.64
2013-09-26 13:00:00,49,0.69
2013-09-26 14:00:00,50,0.48
2013-09-26 15:00:00,53,0.34
2013-09-26 16:00:00,53,0.08
2013-09-26 17:00:00,53,0.01
2013-09-26 18:00:00,53,0.0
2013-09-26 19:00:00,52,0.0
2013-09-26 20:00:00,51,0.0
2013-09-26 21:00:00,50,0.0
2013-09-26 22:00:00,47,0.0
2013-09-26 23:00:00,35,0.0
2013-09-27 00:00:00,19,0.0
2013-09-27 01:00:00,5,0.0
2013-09-27 02:00:00,6,0.0
2013-09-27 03:00:00,6,0.0
2013-09-27 04:00:00,6,0.0
2013-09-27 05:00:00,6,0.01
2013-09-27 06:00:00,6,0.17
2013-09-27 07:00:00,12,0.38
2013-09-27 08:00:00,38,0.57
2013-09-27 09:00:00,42,0.75
2013-09-27 10:00:00,44,0.84
2013-09-27 11:00:00,45,0.89
2013-09-27 12:00:00,46,0.84
2013-09-27 13:00:00,45,0.74
2013-09-27 14:00:00,47,0.56
2013-09-27 15:00:00,49,0.36
2013-09-27 16:00:00,49,0.12
2013-09-27 17:00:00,50,0.01
2013-09-27 18:00:00,50,0.0
2013-09-27 19:00:00,49,0.0
2013-09-27 20:00:00,48,0.0
2013-09-27 21:00:00,47,0.0
2013-09-27 22:00:00,44,0.0
2013-09-27 23:00:00,33,0.0
2013-09-28 00:00:00,19,0.0
2013-09-28 01:00:00,4,0.0
2013-09-28 02:00:00,5,0.0
2013-09-28 03:00:00,5,0.0
2013-09-28 04:00:00,5,0.0
2013-09-28 05:00:00,5,0.01
2013-09-28 06:00:00,5,0.17
2013-09-28 07:00:00,12,0.37
2013-09-28 08:00:00,43,0.57
2013-09-28 09:00:00,42,0.42
2013-09-28 10:00:00,43,0.7
2013-09-28 11:00:00,44,0.53
2013-09-28 12:00:00,44,0.56
2013-09-28 13:00:00,46,0.45
2013-09-28 14:00:00,49,0.35
2013-09-28 15:00:00,48,0.2
2013-09-28 16:00:00,51,0.09
2013-09-28 17:00:00,50,0.01
2013-09-28 18:00:00,51,0.0
2013-09-28 19:00:00,49,0.0
2013-09-28 20:00:00,48,0.0
2013-09-28 21:00:00,46,0.0
2013-09-28 22:00:00,43,0.0
2013-09-28 23:00:00,34,0.0
2013-09-29 00:00:00,19,0.0
2013-09-29 01:00:00,4,0.0
2013-09-29 02:00:00,5,0.0
2013-09-29 03:00:00,5,0.0
2013-09-29 04:00:00,5,0.0
2013-09-29 05:00:00,5,0.01
2013-09-29 06:00:00,5,0.06
2013-09-29 07:00:00,11,0.13
2013-09-29 08:00:00,41,0.28
2013-09-29 09:00:00,41,0.24
2013-09-29 10:00:00,43,0.27
2013-09-29 11:00:00,45,0.32
2013-09-29 12:00:00,49,0.39
2013-09-29 13:00:00,51,0.47
2013-09-29 14:00:00,53,0.51
2013-09-29 15:00:00,56,0.25
2013-09-29 16:00:00,55,0.04
2013-09-29 17:00:00,54,0.01
2013-09-29 18:00:00,54,0.0
2013-09-29 19:00:00,51,0.0
2013-09-29 20:00:00,50,0.0
2013-09-29 21:00:00,46,0.0
2013-09-29 22:00:00,44,0.0
2013-09-29 23:00:00,33,0.0
2013-09-30 00:00:00,20,0.0
2013-09-30 01:00:00,4,0.0
2013-09-30 02:00:00,5,0.0
2013-09-30 03:00:00,5,0.0
2013-09-30 04:00:00,5,0.0
2013-09-30 05:00:00,5,0.01
2013-09-30 06:00:00,5,0.06
2013-09-30 07:00:00,10,0.18
2013-09-30 08:00:00,41,0.44
2013-09-30 09:00:00,41,0.47
2013-09-30 10:00:00,43,0.39
2013-09-30 11:00:00,45,0.45
2013-09-30 12:00:00,48,0.17
2013-09-30 13:00:00,48,0.2
2013-09-30 14:00:00,49,0.13
2013-09-30 15:00:00,48,0.08
2013-09-30 16:00:00,50,0.03
2013-09-30 17:00:00,52,0.01
2013-09-30 18:00:00,52,0.0
2013-09-30 19:00:00,51,0.0
2013-09-30 20:00:00,52,0.0
2013-09-30 21:00:00,49,0.0
2013-09-30 22:00:00,48,0.0
2013-09-30 23:00:00,34,0.0
2013-10-01 00:00:00,21,0.0
2013-10-01 01:00:00,4,0.0
2013-10-01 02:00:00,5,0.0
2013-10-01 03:00:00,5,0.0
2013-10-01 04:00:00,5,0.0
2013-10-01 05:00:00,5,0.01
2013-10-01 06:00:00,5,0.05
2013-10-01 07:00:00,14,0.12
2013-10-01 08:00:00,41,0.4
2013-10-01 09:00:00,41,0.67
2013-10-01 10:00:00,48,0.8
2013-10-01 11:00:00,52,0.84
2013-10-01 12:00:00,53,0.65
2013-10-01 13:00:00,56,0.33
2013-10-01 14:00:00,58,0.13
2013-10-01 15:00:00,57,0.06
2013-10-01 16:00:00,58,0.03
2013-10-01 17:00:00,56,0.01
2013-10-01 18:00:00,58,0.0
2013-10-01 19:00:00,59,0.0
2013-10-01 20:00:00,59,0.0
2013-10-01 21:00:00,56,0.0
2013-10-01 22:00:00,51,0.0
2013-10-01 23:00:00,33,0.0
2013-10-02 00:00:00,23,0.0
2013-10-02 01:00:00,4,0.0
2013-10-02 02:00:00,5,0.0
2013-10-02 03:00:00,5,0.0
2013-10-02 04:00:00,5,0.0
2013-10-02 05:00:00,5,0.01
2013-10-02 06:00:00,5,0.16
2013-10-02 07:00:00,10,0.26
2013-10-02 08:00:00,41,0.56
2013-10-02 09:00:00,45,0.7
2013-10-02 10:00:00,49,0.77
2013-10-02 11:00:00,53,0.82
2013-10-02 12:00:00,53,0.73
2013-10-02 13:00:00,54,0.55
2013-10-02 14:00:00,54,0.5
2013-10-02 15:00:00,55,0.22
2013-10-02 16:00:00,56,0.06
2013-10-02 17:00:00,58,0.01
2013-10-02 18:00:00,57,0.0
2013-10-02 19:00:00,55,0.0
2013-10-02 20:00:00,56,0.0
2013-10-02 21:00:00,55,0.0
2013-10-02 22:00:00,50,0.0
2013-10-02 23:00:00,33,0.0
2013-10-03 00:00:00,22,0.0
2013-10-03 01:00:00,4,0.0
2013-10-03 02:00:00,5,0.0
2013-10-03 03:00:00,5,0.0
2013-10-03 04:00:00,5,0.0
2013-10-03 05:00:00,5,0.01
2013-10-03 06:00:00,5,0.14
2013-10-03 07:00:00,10,0.35
2013-10-03 08:00:00,35,0.55
2013-10-03 09:00:00,46,0.72
2013-10-03 10:00:00,51,0.82
2013-10-03 11:00:00,52,0.83
2013-10-03 12:00:00,55,0.8
2013-10-03 13:00:00,54,0.7
2013-10-03 14:00:00,54,0.51
2013-10-03 15:00:00,56,0.31
2013-10-03 16:00:00,55,0.08
2013-10-03 17:00:00,56,0.01
2013-10-03 18:00:00,55,0.0
2013-10-03 19:00:00,56,0.0
2013-10-03 20:00:00,54,0.0
2013-10-03 21:00:00,53,0.0
2013-10-03 22:00:00,50,0.0
2013-10-03 23:00:00,35,0.0
2013-10-04 00:00:00,19,0.0
2013-10-04 01:00:00,5,0.0
2013-10-04 02:00:00,5,0.0
2013-10-04 03:00:00,5,0.0
2013-10-04 04:00:00,5,0.0
2013-10-04 05:00:00,5,0.01
2013-10-04 06:00:00,5,0.12
2013-10-04 07:00:00,13,0.35
2013-10-04 08:00:00,44,0.45
2013-10-04 09:00:00,44,0.61
2013-10-04 10:00:00,46,0.8
2013-10-04 11:00:00,47,0.79
2013-10-04 12:00:00,50,0.68
2013-10-04 13:00:00,52,0.63
2013-10-04 14:00:00,52,0.32
2013-10-04 15:00:00,54,0.13
2013-10-04 16:00:00,54,0.04
2013-10-04 17:00:00,55,0.01
2013-10-04 18:00:00,52,0.0
2013-10-04 19:00:00,54,0.0
2013-10-04 20:00:00,52,0.0
2013-10-04 21:00:00,52,0.0
2013-10-04 22:00:00,49,0.0
2013-10-04 23:00:00,36,0.0
2013-10-05 00:00:00,23,0.0
2013-10-05 01:00:00,5,0.0
2013-10-05 02:00:00,6,0.0
2013-10-05 03:00:00,6,0.0
2013-10-05 04:00:00,6,0.0
2013-10-05 05:00:00,6,0.01
2013-10-05 06:00:00,5,0.03
2013-10-05 07:00:00,16,0.09
2013-10-05 08:00:00,44,0.13
2013-10-05 09:00:00,44,0.13
2013-10-05 10:00:00,45,0.15
2013-10-05 11:00:00,47,0.14
2013-10-05 12:00:00,50,0.14
2013-10-05 13:00:00,50,0.12
2013-10-05 14:00:00,52,0.09
2013-10-05 15:00:00,53,0.06
2013-10-05 16:00:00,55,0.02
2013-10-05 17:00:00,57,0.0
2013-10-05 18:00:00,55,0.0
2013-10-05 19:00:00,56,0.0
2013-10-05 20:00:00,54,0.0
2013-10-05 21:00:00,53,0.0
2013-10-05 22:00:00,54,0.0
2013-10-05 23:00:00,36,0.0
2013-10-06 00:00:00,23,0.0
2013-10-06 01:00:00,5,0.0
2013-10-06 02:00:00,6,0.0
2013-10-06 03:00:00,6,0.0
2013-10-06 04:00:00,6,0.0
2013-10-06 05:00:00,7,0.01
2013-10-06 06:00:00,7,0.1
2013-10-06 07:00:00,12,0.32
2013-10-06 08:00:00,41,0.4
2013-10-06 09:00:00,40,0.52
2013-10-06 10:00:00,45,0.41
2013-10-06 11:00:00,50,0.2
2013-10-06 12:00:00,52,0.19
2013-10-06 13:00:00,54,0.15
2013-10-06 14:00:00,55,0.14
2013-10-06 15:00:00,57,0.07
2013-10-06 16:00:00,56,0.02
2013-10-06 17:00:00,55,0.0
2013-10-06 18:00:00,55,0.0
2013-10-06 19:00:00,53,0.0
2013-10-06 20:00:00,50,0.0
2013-10-06 21:00:00,49,0.0
2013-10-06 22:00:00,47,0.0
2013-10-06 23:00:00,34,0.0
2013-10-07 00:00:00,21,0.0
2013-10-07 01:00:00,4,0.0
2013-10-07 02:00:00,5,0.0
2013-10-07 03:00:00,5,0.0
2013-10-07 04:00:00,5,0.0
2013-10-07 05:00:00,5,0.01
2013-10-07 06:00:00,5,0.07
2013-10-07 07:00:00,10,0.12
2013-10-07 08:00:00,40,0.24
2013-10-07 09:00:00,41,0.51
2013-10-07 10:00:00,47,0.59
2013-10-07 11:00:00,48,0.48
2013-10-07 12:00:00,50,0.57
2013-10-07 13:00:00,50,0.58
2013-10-07 14:00:00,52,0.3
2013-10-07 15:00:00,53,0.12
2013-10-07 16:00:00,54,0.03
2013-10-07 17:00:00,53,0.0
2013-10-07 18:00:00,54,0.0
2013-10-07 19:00:00,54,0.0
2013-10-07 20:00:00,56,0.0
2013-10-07 21:00:00,51,0.0
2013-10-07 22:00:00,48,0.0
2013-10-07 23:00:00,35,0.0
2013-10-08 00:00:00,25,0.0
2013-10-08 01:00:00,5,0.0
2013-10-08 02:00:00,5,0.0
2013-10-08 03:00:00,5,0.0
2013-10-08 04:00:00,5,0.0
2013-10-08 05:00:00,5,0.01
2013-10-08 06:00:00,5,0.13
2013-10-08 07:00:00,10,0.33
2013-10-08 08:00:00,40,0.51
2013-10-08 09:00:00,42,0.49
2013-10-08 10:00:00,50,0.69
2013-10-08 11:00:00,56,0.79
2013-10-08 12:00:00,56,0.7
2013-10-08 13:00:00,56,0.56
2013-10-08 14:00:00,59,0.49
2013-10-08 15:00:00,58,0.29
2013-10-08 16:00:00,59,0.06
2013-10-08 17:00:00,61,0.0
2013-10-08 18:00:00,58,0.0
2013-10-08 19:00:00,59,0.0
2013-10-08 20:00:00,60,0.0
2013-10-08 21:00:00,58,0.0
2013-10-08 22:00:00,54,0.0
2013-10-08 23:00:00,34,0.0
2013-10-09 00:00:00,19,0.0
2013-10-09 01:00:00,4,0.0
2013-10-09 02:00:00,5,0.0
2013-10-09 03:00:00,5,0.0
2013-10-09 04:00:00,5,0.0
2013-10-09 05:00:00,5,0.01
2013-10-09 06:00:00,5,0.11
2013-10-09 07:00:00,10,0.32
2013-10-09 08:00:00,39,0.44
2013-10-09 09:00:00,48,0.57
2013-10-09 10:00:00,51,0.4
2013-10-09 11:00:00,54,0.39
2013-10-09 12:00:00,56,0.41
2013-10-09 13:00:00,58,0.47
2013-10-09 14:00:00,59,0.24
2013-10-09 15:00:00,59,0.1
2013-10-09 16:00:00,59,0.03
2013-10-09 17:00:00,61,0.0
2013-10-09 18:00:00,63,0.0
2013-10-09 19:00:00,61,0.0
2013-10-09 20:00:00,61,0.0
2013-10-09 21:00:00,61,0.0
2013-10-09 22:00:00,56,0.0
2013-10-09 23:00:00,34,0.0
2013-10-10 00:00:00,20,0.0
2013-10-10 01:00:00,4,0.0
2013-10-10 02:00:00,5,0.0
2013-10-10 03:00:00,5,0.0
2013-10-10 04:00:00,5,0.0
2013-10-10 05:00:00,5,0.01
2013-10-10 06:00:00,5,0.02
2013-10-10 07:00:00,11,0.04
2013-10-10 08:00:00,43,0.09
2013-10-10 09:00:00,44,0.12
2013-10-10 10:00:00,50,0.13
2013-10-10 11:00:00,52,0.14
2013-10-10 12:00:00,55,0.14
2013-10-10 13:00:00,56,0.1
2013-10-10 14:00:00,58,0.07
2013-10-10 15:00:00,54,0.05
2013-10-10 16:00:00,56,0.02
2013-10-10 17:00:00,56,0.0
2013-10-10 18:00:00,57,0.0
2013-10-10 19:00:00,57,0.0
2013-10-10 20:00:00,57,0.0
2013-10-10 21:00:00,53,0.0
2013-10-10 22:00:00,51,0.0
2013-10-10 23:00:00,34,0.0
2013-10-11 00:00:00,30,0.0
2013-10-11 01:00:00,4,0.0
2013-10-11 02:00:00,5,0.0
2013-10-11 03:00:00,5,0.0
2013-10-11 04:00:00,5,0.0
2013-10-11 05:00:00,5,0.01
2013-10-11 06:00:00,5,0.02
2013-10-11 07:00:00,13,0.05
2013-10-11 08:00:00,41,0.11
2013-10-11 09:00:00,41,0.17
2013-10-11 10:00:00,45,0.16
2013-10-11 11:00:00,50,0.19
2013-10-11 12:00:00,52,0.14
2013-10-11 13:00:00,55,0.1
2013-10-11 14:00:00,53,0.08
2013-10-11 15:00:00,54,0.05
2013-10-11 16:00:00,55,0.02
2013-10-11 17:00:00,56,0.0
2013-10-11 18:00:00,56,0.0
2013-10-11 19:00:00,56,0.0
2013-10-11 20:00:00,56,0.0
2013-10-11 21:00:00,54,0.0
2013-10-11 22:00:00,51,0.0
2013-10-11 23:00:00,34,0.0
2013-10-12 00:00:00,23,0.0
2013-10-12 01:00:00,6,0.0
2013-10-12 02:00:00,6,0.0
2013-10-12 03:00:00,6,0.0
2013-10-12 04:00:00,6,0.0
2013-10-12 05:00:00,6,0.01
2013-10-12 06:00:00,7,0.03
2013-10-12 07:00:00,14,0.09
2013-10-12 08:00:00,43,0.14
2013-10-12 09:00:00,42,0.28
2013-10-12 10:00:00,49,0.5
2013-10-12 11:00:00,52,0.63
2013-10-12 12:00:00,52,0.53
2013-10-12 13:00:00,54,0.39
2013-10-12 14:00:00,55,0.24
2013-10-12 15:00:00,55,0.22
2013-10-12 16:00:00,54,0.03
2013-10-12 17:00:00,52,0.0
2013-10-12 18:00:00,53,0.0
2013-10-12 19:00:00,51,0.0
2013-10-12 20:00:00,49,0.0
2013-10-12 21:00:00,48,0.0
2013-10-12 22:00:00,45,0.0
2013-10-12 23:00:00,33,0.0
2013-10-13 00:00:00,21,0.0
2013-10-13 01:00:00,4,0.0
2013-10-13 02:00:00,5,0.0
2013-10-13 03:00:00,5,0.0
2013-10-13 04:00:00,5,0.0
2013-10-13 05:00:00,5,0.01
2013-10-13 06:00:00,5,0.07
2013-10-13 07:00:00,15,0.31
2013-10-13 08:00:00,41,0.5
2013-10-13 09:00:00,41,0.65
2013-10-13 10:00:00,43,0.6
2013-10-13 11:00:00,45,0.64
2013-10-13 12:00:00,47,0.47
2013-10-13 13:00:00,49,0.24
2013-10-13 14:00:00,50,0.18
2013-10-13 15:00:00,51,0.17
2013-10-13 16:00:00,51,0.03
2013-10-13 17:00:00,50,0.0
2013-10-13 18:00:00,51,0.0
2013-10-13 19:00:00,50,0.0
2013-10-13 20:00:00,48,0.0
2013-10-13 21:00:00,46,0.0
2013-10-13 22:00:00,43,0.0
2013-10-13 23:00:00,33,0.0
2013-10-14 00:00:00,21,0.0
2013-10-14 01:00:00,4,0.0
2013-10-14 02:00:00,4,0.0
2013-10-14 03:00:00,5,0.0
2013-10-14 04:00:00,5,0.0
2013-10-14 05:00:00,5,0.0
2013-10-14 06:00:00,5,0.04
2013-10-14 07:00:00,14,0.15
2013-10-14 08:00:00,42,0.2
2013-10-14 09:00:00,41,0.26
2013-10-14 10:00:00,43,0.48
2013-10-14 11:00:00,45,0.16
2013-10-14 12:00:00,46,0.18
2013-10-14 13:00:00,45,0.14
2013-10-14 14:00:00,48,0.1
2013-10-14 15:00:00,50,0.05
2013-10-14 16:00:00,50,0.01
2013-10-14 17:00:00,50,0.0
2013-10-14 18:00:00,50,0.0
2013-10-14 19:00:00,50,0.0
2013-10-14 20:00:00,47,0.0
2013-10-14 21:00:00,45,0.0
2013-10-14 22:00:00,44,0.0
2013-10-14 23:00:00,33,0.0
2013-10-15 00:00:00,19,0.0
2013-10-15 01:00:00,4,0.0
2013-10-15 02:00:00,5,0.0
2013-10-15 03:00:00,5,0.0
2013-10-15 04:00:00,4,0.0
2013-10-15 05:00:00,5,0.0
2013-10-15 06:00:00,5,0.08
2013-10-15 07:00:00,12,0.25
2013-10-15 08:00:00,42,0.48
2013-10-15 09:00:00,42,0.44
2013-10-15 10:00:00,45,0.29
2013-10-15 11:00:00,45,0.31
2013-10-15 12:00:00,46,0.32
2013-10-15 13:00:00,47,0.31
2013-10-15 14:00:00,49,0.23
2013-10-15 15:00:00,48,0.09
2013-10-15 16:00:00,49,0.02
2013-10-15 17:00:00,52,0.0
2013-10-15 18:00:00,50,0.0
2013-10-15 19:00:00,51,0.0
2013-10-15 20:00:00,51,0.0
2013-10-15 21:00:00,50,0.0
2013-10-15 22:00:00,47,0.0
2013-10-15 23:00:00,33,0.0
2013-10-16 00:00:00,18,0.0
2013-10-16 01:00:00,4,0.0
2013-10-16 02:00:00,5,0.0
2013-10-16 03:00:00,5,0.0
2013-10-16 04:00:00,5,0.0
2013-10-16 05:00:00,5,0.0
2013-10-16 06:00:00,6,0.1
2013-10-16 07:00:00,11,0.21
2013-10-16 08:00:00,36,0.35
2013-10-16 09:00:00,43,0.62
2013-10-16 10:00:00,46,0.46
2013-10-16 11:00:00,48,0.66
2013-10-16 12:00:00,49,0.36
2013-10-16 13:00:00,49,0.24
2013-10-16 14:00:00,50,0.17
2013-10-16 15:00:00,50,0.17
2013-10-16 16:00:00,54,0.03
2013-10-16 17:00:00,54,0.0
2013-10-16 18:00:00,54,0.0
2013-10-16 19:00:00,55,0.0
2013-10-16 20:00:00,53,0.0
2013-10-16 21:00:00,51,0.0
2013-10-16 22:00:00,50,0.0
2013-10-16 23:00:00,36,0.0
2013-10-17 00:00:00,20,0.0
2013-10-17 01:00:00,5,0.0
2013-10-17 02:00:00,5,0.0
2013-10-17 03:00:00,5,0.0
2013-10-17 04:00:00,5,0.0
2013-10-17 05:00:00,5,0.0
2013-10-17 06:00:00,5,0.03
2013-10-17 07:00:00,11,0.11
2013-10-17 08:00:00,62,0.24
2013-10-17 09:00:00,54,0.25
2013-10-17 10:00:00,54,0.24
2013-10-17 11:00:00,52,0.19
2013-10-17 12:00:00,47,0.18
2013-10-17 13:00:00,47,0.17
2013-10-17 14:00:00,48,0.17
2013-10-17 15:00:00,46,0.16
2013-10-17 16:00:00,47,0.03
2013-10-17 17:00:00,49,0.0
2013-10-17 18:00:00,48,0.0
2013-10-17 19:00:00,52,0.0
2013-10-17 20:00:00,52,0.0
2013-10-17 21:00:00,53,0.0
2013-10-17 22:00:00,53,0.0
2013-10-17 23:00:00,33,0.0
2013-10-18 00:00:00,20,0.0
2013-10-18 01:00:00,4,0.0
2013-10-18 02:00:00,5,0.0
2013-10-18 03:00:00,5,0.0
2013-10-18 04:00:00,5,0.0
2013-10-18 05:00:00,5,0.0
2013-10-18 06:00:00,5,0.1
2013-10-18 07:00:00,21,0.3
2013-10-18 08:00:00,66,0.49
2013-10-18 09:00:00,61,0.66
2013-10-18 10:00:00,57,0.75
2013-10-18 11:00:00,58,0.77
2013-10-18 12:00:00,59,0.71
2013-10-18 13:00:00,51,0.61
2013-10-18 14:00:00,48,0.43
2013-10-18 15:00:00,47,0.24
2013-10-18 16:00:00,48,0.03
2013-10-18 17:00:00,53,0.0
2013-10-18 18:00:00,57,0.0
2013-10-18 19:00:00,53,0.0
2013-10-18 20:00:00,52,0.0
2013-10-18 21:00:00,55,0.0
2013-10-18 22:00:00,56,0.0
2013-10-18 23:00:00,33,0.0
2013-10-19 00:00:00,22,0.0
2013-10-19 01:00:00,4,0.0
2013-10-19 02:00:00,5,0.0
2013-10-19 03:00:00,5,0.0
2013-10-19 04:00:00,5,0.0
2013-10-19 05:00:00,5,0.0
2013-10-19 06:00:00,5,0.03
2013-10-19 07:00:00,20,0.12
2013-10-19 08:00:00,61,0.28
2013-10-19 09:00:00,57,0.12
2013-10-19 10:00:00,58,0.19
2013-10-19 11:00:00,56,0.15
2013-10-19 12:00:00,51,0.16
2013-10-19 13:00:00,47,0.13
2013-10-19 14:00:00,46,0.08
2013-10-19 15:00:00,47,0.03
2013-10-19 16:00:00,47,0.01
2013-10-19 17:00:00,46,0.0
2013-10-19 18:00:00,50,0.0
2013-10-19 19:00:00,49,0.0
2013-10-19 20:00:00,48,0.0
2013-10-19 21:00:00,49,0.0
2013-10-19 22:00:00,49,0.0
2013-10-19 23:00:00,34,0.0
2013-10-20 00:00:00,21,0.0
2013-10-20 01:00:00,4,0.0
2013-10-20 02:00:00,5,0.0
2013-10-20 03:00:00,5,0.0
2013-10-20 04:00:00,5,0.0
2013-10-20 05:00:00,5,0.0
2013-10-20 06:00:00,5,0.05
2013-10-20 07:00:00,16,0.2
2013-10-20 08:00:00,57,0.37
2013-10-20 09:00:00,54,0.25
2013-10-20 10:00:00,54,0.57
2013-10-20 11:00:00,47,0.53
2013-10-20 12:00:00,47,0.32
2013-10-20 13:00:00,47,0.36
2013-10-20 14:00:00,48,0.28
2013-10-20 15:00:00,49,0.21
2013-10-20 16:00:00,50,0.03
2013-10-20 17:00:00,50,0.0
2013-10-20 18:00:00,50,0.0
2013-10-20 19:00:00,48,0.0
2013-10-20 20:00:00,46,0.0
2013-10-20 21:00:00,46,0.0
2013-10-20 22:00:00,44,0.0
2013-10-20 23:00:00,33,0.0
2013-10-21 00:00:00,18,0.0
2013-10-21 01:00:00,4,0.0
2013-10-21 02:00:00,5,0.0
2013-10-21 03:00:00,5,0.0
2013-10-21 04:00:00,5,0.0
2013-10-21 05:00:00,5,0.0
2013-10-21 06:00:00,5,0.08
2013-10-21 07:00:00,10,0.29
2013-10-21 08:00:00,47,0.47
2013-10-21 09:00:00,49,0.64
2013-10-21 10:00:00,46,0.72
2013-10-21 11:00:00,47,0.74
2013-10-21 12:00:00,47,0.71
2013-10-21 13:00:00,47,0.57
2013-10-21 14:00:00,47,0.41
2013-10-21 15:00:00,47,0.2
2013-10-21 16:00:00,46,0.03
2013-10-21 17:00:00,48,0.0
2013-10-21 18:00:00,49,0.0
2013-10-21 19:00:00,50,0.0
2013-10-21 20:00:00,49,0.0
2013-10-21 21:00:00,48,0.0
2013-10-21 22:00:00,47,0.0
2013-10-21 23:00:00,33,0.0
2013-10-22 00:00:00,18,0.0
2013-10-22 01:00:00,4,0.0
2013-10-22 02:00:00,5,0.0
2013-10-22 03:00:00,5,0.0
2013-10-22 04:00:00,5,0.0
2013-10-22 05:00:00,5,0.0
2013-10-22 06:00:00,5,0.08
2013-10-22 07:00:00,18,0.29
2013-10-22 08:00:00,55,0.47
2013-10-22 09:00:00,56,0.63
2013-10-22 10:00:00,53,0.72
2013-10-22 11:00:00,51,0.74
2013-10-22 12:00:00,50,0.69
2013-10-22 13:00:00,51,0.58
2013-10-22 14:00:00,50,0.4
2013-10-22 15:00:00,49,0.19
2013-10-22 16:00:00,52,0.02
2013-10-22 17:00:00,52,0.0
2013-10-22 18:00:00,54,0.0
2013-10-22 19:00:00,51,0.0
2013-10-22 20:00:00,53,0.0
2013-10-22 21:00:00,51,0.0
2013-10-22 22:00:00,49,0.0
2013-10-22 23:00:00,35,0.0
2013-10-23 00:00:00,22,0.0
2013-10-23 01:00:00,6,0.0
2013-10-23 02:00:00,5,0.0
2013-10-23 03:00:00,5,0.0
2013-10-23 04:00:00,5,0.0
2013-10-23 05:00:00,5,0.0
2013-10-23 06:00:00,5,0.04
2013-10-23 07:00:00,21,0.16
2013-10-23 08:00:00,58,0.29
2013-10-23 09:00:00,56,0.36
2013-10-23 10:00:00,54,0.31
2013-10-23 11:00:00,51,0.3
2013-10-23 12:00:00,52,0.28
2013-10-23 13:00:00,49,0.22
2013-10-23 14:00:00,49,0.13
2013-10-23 15:00:00,49,0.06
2013-10-23 16:00:00,50,0.02
2013-10-23 17:00:00,51,0.0
2013-10-23 18:00:00,51,0.0
2013-10-23 19:00:00,51,0.0
2013-10-23 20:00:00,51,0.0
2013-10-23 21:00:00,50,0.0
2013-10-23 22:00:00,48,0.0
2013-10-23 23:00:00,34,0.0
2013-10-24 00:00:00,23,0.0
2013-10-24 01:00:00,4,0.0
2013-10-24 02:00:00,5,0.0
2013-10-24 03:00:00,5,0.0
2013-10-24 04:00:00,5,0.0
2013-10-24 05:00:00,5,0.0
2013-10-24 06:00:00,5,0.03
2013-10-24 07:00:00,18,0.1
2013-10-24 08:00:00,56,0.31
2013-10-24 09:00:00,55,0.39
2013-10-24 10:00:00,53,0.19
2013-10-24 11:00:00,52,0.13
2013-10-24 12:00:00,51,0.31
2013-10-24 13:00:00,50,0.3
2013-10-24 14:00:00,50,0.26
2013-10-24 15:00:00,50,0.14
2013-10-24 16:00:00,50,0.03
2013-10-24 17:00:00,52,0.0
2013-10-24 18:00:00,50,0.0
2013-10-24 19:00:00,50,0.0
2013-10-24 20:00:00,50,0.0
2013-10-24 21:00:00,50,0.0
2013-10-24 22:00:00,49,0.0
2013-10-24 23:00:00,34,0.0
2013-10-25 00:00:00,28,0.0
2013-10-25 01:00:00,4,0.0
2013-10-25 02:00:00,5,0.0
2013-10-25 03:00:00,5,0.0
2013-10-25 04:00:00,5,0.0
2013-10-25 05:00:00,5,0.0
2013-10-25 06:00:00,5,0.07
2013-10-25 07:00:00,18,0.28
2013-10-25 08:00:00,52,0.46
2013-10-25 09:00:00,49,0.61
2013-10-25 10:00:00,48,0.69
2013-10-25 11:00:00,48,0.73
2013-10-25 12:00:00,48,0.68
2013-10-25 13:00:00,48,0.57
2013-10-25 14:00:00,47,0.39
2013-10-25 15:00:00,48,0.17
2013-10-25 16:00:00,47,0.02
2013-10-25 17:00:00,48,0.0
2013-10-25 18:00:00,49,0.0
2013-10-25 19:00:00,48,0.0
2013-10-25 20:00:00,48,0.0
2013-10-25 21:00:00,47,0.0
2013-10-25 22:00:00,45,0.0
2013-10-25 23:00:00,35,0.0
2013-10-26 00:00:00,31,0.0
2013-10-26 01:00:00,6,0.0
2013-10-26 02:00:00,5,0.0
2013-10-26 03:00:00,5,0.0
2013-10-26 04:00:00,5,0.0
2013-10-26 05:00:00,5,0.0
2013-10-26 06:00:00,5,0.07
2013-10-26 07:00:00,14,0.27
2013-10-26 08:00:00,52,0.45
2013-10-26 09:00:00,45,0.61
2013-10-26 10:00:00,46,0.67
2013-10-26 11:00:00,47,0.72
2013-10-26 12:00:00,47,0.66
2013-10-26 13:00:00,47,0.55
2013-10-26 14:00:00,47,0.35
2013-10-26 15:00:00,48,0.16
2013-10-26 16:00:00,49,0.02
2013-10-26 17:00:00,49,0.0
2013-10-26 18:00:00,49,0.0
2013-10-26 19:00:00,49,0.0
2013-10-26 20:00:00,48,0.0
2013-10-26 21:00:00,50,0.0
2013-10-26 22:00:00,48,0.0
2013-10-26 23:00:00,35,0.0
2013-10-27 00:00:00,19,0.0
2013-10-27 01:00:00,4,0.0
2013-10-27 02:00:00,5,0.0
2013-10-27 03:00:00,5,0.0
2013-10-27 04:00:00,5,0.0
2013-10-27 05:00:00,5,0.0
2013-10-27 06:00:00,5,0.01
2013-10-27 07:00:00,11,0.03
2013-10-27 08:00:00,54,0.05
2013-10-27 09:00:00,57,0.09
2013-10-27 10:00:00,56,0.18
2013-10-27 11:00:00,54,0.15
2013-10-27 12:00:00,50,0.18
2013-10-27 13:00:00,48,0.26
2013-10-27 14:00:00,49,0.26
2013-10-27 15:00:00,49,0.1
2013-10-27 16:00:00,51,0.01
2013-10-27 17:00:00,51,0.0
2013-10-27 18:00:00,52,0.0
2013-10-27 19:00:00,51,0.0
2013-10-27 20:00:00,50,0.0
2013-10-27 21:00:00,52,0.0
2013-10-27 22:00:00,54,0.0
2013-10-27 23:00:00,35,0.0
2013-10-28 00:00:00,20,0.0
2013-10-28 01:00:00,4,0.0
2013-10-28 02:00:00,5,0.0
2013-10-28 03:00:00,5,0.0
2013-10-28 04:00:00,5,0.0
2013-10-28 05:00:00,5,0.0
2013-10-28 06:00:00,5,0.06
2013-10-28 07:00:00,11,0.2
2013-10-28 08:00:00,55,0.3
2013-10-28 09:00:00,62,0.53
2013-10-28 10:00:00,60,0.65
2013-10-28 11:00:00,57,0.67
2013-10-28 12:00:00,52,0.59
2013-10-28 13:00:00,49,0.21
2013-10-28 14:00:00,50,0.22
2013-10-28 15:00:00,48,0.07
2013-10-28 16:00:00,49,0.02
2013-10-28 17:00:00,52,0.0
2013-10-28 18:00:00,54,0.0
2013-10-28 19:00:00,54,0.0
2013-10-28 20:00:00,56,0.0
2013-10-28 21:00:00,56,0.0
2013-10-28 22:00:00,55,0.0
2013-10-28 23:00:00,36,0.0
2013-10-29 00:00:00,21,0.0
2013-10-29 01:00:00,4,0.0
2013-10-29 02:00:00,5,0.0
2013-10-29 03:00:00,5,0.0
2013-10-29 04:00:00,5,0.0
2013-10-29 05:00:00,5,0.0
2013-10-29 06:00:00,5,0.06
2013-10-29 07:00:00,10,0.25
2013-10-29 08:00:00,66,0.27
2013-10-29 09:00:00,64,0.36
2013-10-29 10:00:00,61,0.5
2013-10-29 11:00:00,55,0.45
2013-10-29 12:00:00,54,0.27
2013-10-29 13:00:00,49,0.2
2013-10-29 14:00:00,49,0.18
2013-10-29 15:00:00,49,0.09
2013-10-29 16:00:00,49,0.03
2013-10-29 17:00:00,52,0.0
2013-10-29 18:00:00,52,0.0
2013-10-29 19:00:00,52,0.0
2013-10-29 20:00:00,53,0.0
2013-10-29 21:00:00,52,0.0
2013-10-29 22:00:00,51,0.0
2013-10-29 23:00:00,34,0.0
2013-10-30 00:00:00,19,0.0
2013-10-30 01:00:00,4,0.0
2013-10-30 02:00:00,5,0.0
2013-10-30 03:00:00,5,0.0
2013-10-30 04:00:00,5,0.0
2013-10-30 05:00:00,5,0.0
2013-10-30 06:00:00,5,0.01
2013-10-30 07:00:00,20,0.08
2013-10-30 08:00:00,58,0.14
2013-10-30 09:00:00,57,0.2
2013-10-30 10:00:00,49,0.14
2013-10-30 11:00:00,49,0.21
2013-10-30 12:00:00,48,0.15
2013-10-30 13:00:00,47,0.1
2013-10-30 14:00:00,48,0.14
2013-10-30 15:00:00,48,0.07
2013-10-30 16:00:00,48,0.03
2013-10-30 17:00:00,49,0.0
2013-10-30 18:00:00,50,0.0
2013-10-30 19:00:00,50,0.0
2013-10-30 20:00:00,50,0.0
2013-10-30 21:00:00,50,0.0
2013-10-30 22:00:00,47,0.0
2013-10-30 23:00:00,35,0.0
2013-10-31 00:00:00,21,0.0
2013-10-31 01:00:00,4,0.0
2013-10-31 02:00:00,5,0.0
2013-10-31 03:00:00,5,0.0
2013-10-31 04:00:00,5,0.0
2013-10-31 05:00:00,5,0.0
2013-10-31 06:00:00,5,0.04
2013-10-31 07:00:00,17,0.06
2013-10-31 08:00:00,59,0.22
2013-10-31 09:00:00,58,0.52
2013-10-31 10:00:00,51,0.43
2013-10-31 11:00:00,52,0.29
2013-10-31 12:00:00,49,0.17
2013-10-31 13:00:00,48,0.19
2013-10-31 14:00:00,48,0.2
2013-10-31 15:00:00,49,0.07
2013-10-31 16:00:00,49,0.03
2013-10-31 17:00:00,51,0.0
2013-10-31 18:00:00,51,0.0
2013-10-31 19:00:00,49,0.0
2013-10-31 20:00:00,49,0.0
2013-10-31 21:00:00,48,0.0
2013-10-31 22:00:00,46,0.0
2013-10-31 23:00:00,33,0.0
2013-11-01 00:00:00,20,0.0
2013-11-01 01:00:00,4,0.0
2013-11-01 02:00:00,5,0.0
2013-11-01 03:00:00,5,0.0
2013-11-01 04:00:00,5,0.0
2013-11-01 05:00:00,5,0.0
2013-11-01 06:00:00,5,0.01
2013-11-01 07:00:00,19,0.05
2013-11-01 08:00:00,60,0.09
2013-11-01 09:00:00,59,0.09
2013-11-01 10:00:00,52,0.08
2013-11-01 11:00:00,51,0.05
2013-11-01 12:00:00,52,0.06
2013-11-01 13:00:00,50,0.08
2013-11-01 14:00:00,50,0.06
2013-11-01 15:00:00,49,0.03
2013-11-01 16:00:00,50,0.02
2013-11-01 17:00:00,53,0.0
2013-11-01 18:00:00,55,0.0
2013-11-01 19:00:00,55,0.0
2013-11-01 20:00:00,55,0.0
2013-11-01 21:00:00,55,0.0
2013-11-01 22:00:00,55,0.0
2013-11-01 23:00:00,34,0.0
2013-11-02 00:00:00,20,0.0
2013-11-02 01:00:00,4,0.0
2013-11-02 02:00:00,5,0.0
2013-11-02 03:00:00,5,0.0
2013-11-02 04:00:00,5,0.0
2013-11-02 05:00:00,5,0.0
2013-11-02 06:00:00,5,0.05
2013-11-02 07:00:00,11,0.17
2013-11-02 08:00:00,62,0.34
2013-11-02 09:00:00,64,0.55
2013-11-02 10:00:00,62,0.52
2013-11-02 11:00:00,58,0.37
2013-11-02 12:00:00,53,0.27
2013-11-02 13:00:00,51,0.3
2013-11-02 14:00:00,51,0.19
2013-11-02 15:00:00,51,0.14
2013-11-02 16:00:00,51,0.01
2013-11-02 17:00:00,51,0.0
2013-11-02 18:00:00,52,0.0
2013-11-02 19:00:00,54,0.0
2013-11-02 20:00:00,54,0.0
2013-11-02 21:00:00,54,0.0
2013-11-02 22:00:00,52,0.0
2013-11-02 23:00:00,33,0.0
2013-11-03 00:00:00,19,0.0
2013-11-03 01:00:00,4,0.0
2013-11-03 02:00:00,5,0.0
2013-11-03 03:00:00,5,0.0
2013-11-03 04:00:00,5,0.0
2013-11-03 05:00:00,5,0.0
2013-11-03 06:00:00,5,0.01
2013-11-03 07:00:00,12,0.03
2013-11-03 08:00:00,65,0.09
2013-11-03 09:00:00,58,0.3
2013-11-03 10:00:00,52,0.45
2013-11-03 11:00:00,51,0.54
2013-11-03 12:00:00,51,0.5
2013-11-03 13:00:00,50,0.44
2013-11-03 14:00:00,49,0.15
2013-11-03 15:00:00,49,0.06
2013-11-03 16:00:00,50,0.01
2013-11-03 17:00:00,51,0.0
2013-11-03 18:00:00,51,0.0
2013-11-03 19:00:00,49,0.0
2013-11-03 20:00:00,48,0.0
2013-11-03 21:00:00,47,0.0
2013-11-03 22:00:00,46,0.0
2013-11-03 23:00:00,33,0.0
2013-11-04 00:00:00,28,0.0
2013-11-04 01:00:00,4,0.0
2013-11-04 02:00:00,5,0.0
2013-11-04 03:00:00,5,0.0
2013-11-04 04:00:00,5,0.0
2013-11-04 05:00:00,5,0.0
2013-11-04 06:00:00,5,0.05
2013-11-04 07:00:00,18,0.22
2013-11-04 08:00:00,56,0.43
2013-11-04 09:00:00,53,0.59
2013-11-04 10:00:00,52,0.63
2013-11-04 11:00:00,52,0.66
2013-11-04 12:00:00,51,0.64
2013-11-04 13:00:00,51,0.51
2013-11-04 14:00:00,52,0.34
2013-11-04 15:00:00,51,0.12
2013-11-04 16:00:00,51,0.01
2013-11-04 17:00:00,51,0.0
2013-11-04 18:00:00,51,0.0
2013-11-04 19:00:00,51,0.0
2013-11-04 20:00:00,52,0.0
2013-11-04 21:00:00,52,0.0
2013-11-04 22:00:00,50,0.0
2013-11-04 23:00:00,34,0.0
2013-11-05 00:00:00,30,0.0
2013-11-05 01:00:00,6,0.0
2013-11-05 02:00:00,7,0.0
2013-11-05 03:00:00,7,0.0
2013-11-05 04:00:00,7,0.0
2013-11-05 05:00:00,7,0.0
2013-11-05 06:00:00,7,0.03
2013-11-05 07:00:00,24,0.13
2013-11-05 08:00:00,63,0.39
2013-11-05 09:00:00,65,0.53
2013-11-05 10:00:00,58,0.63
2013-11-05 11:00:00,56,0.65
2013-11-05 12:00:00,51,0.6
2013-11-05 13:00:00,48,0.49
2013-11-05 14:00:00,50,0.3
2013-11-05 15:00:00,48,0.08
2013-11-05 16:00:00,49,0.01
2013-11-05 17:00:00,52,0.0
2013-11-05 18:00:00,55,0.0
2013-11-05 19:00:00,56,0.0
2013-11-05 20:00:00,56,0.0
2013-11-05 21:00:00,55,0.0
2013-11-05 22:00:00,54,0.0
2013-11-05 23:00:00,37,0.0
2013-11-06 00:00:00,20,0.0
2013-11-06 01:00:00,4,0.0
2013-11-06 02:00:00,5,0.0
2013-11-06 03:00:00,5,0.0
2013-11-06 04:00:00,5,0.0
2013-11-06 05:00:00,5,0.0
2013-11-06 06:00:00,5,0.02
2013-11-06 07:00:00,22,0.1
2013-11-06 08:00:00,66,0.16
2013-11-06 09:00:00,65,0.21
2013-11-06 10:00:00,64,0.32
2013-11-06 11:00:00,57,0.44
2013-11-06 12:00:00,53,0.44
2013-11-06 13:00:00,48,0.23
2013-11-06 14:00:00,49,0.14
2013-11-06 15:00:00,47,0.05
2013-11-06 16:00:00,48,0.01
2013-11-06 17:00:00,51,0.0
2013-11-06 18:00:00,53,0.0
2013-11-06 19:00:00,55,0.0
2013-11-06 20:00:00,57,0.0
2013-11-06 21:00:00,60,0.0
2013-11-06 22:00:00,57,0.0
2013-11-06 23:00:00,39,0.0
2013-11-07 00:00:00,25,0.0
2013-11-07 01:00:00,6,0.0
2013-11-07 02:00:00,6,0.0
2013-11-07 03:00:00,6,0.0
2013-11-07 04:00:00,6,0.0
2013-11-07 05:00:00,6,0.0
2013-11-07 06:00:00,6,0.05
2013-11-07 07:00:00,21,0.22
2013-11-07 08:00:00,62,0.42
2013-11-07 09:00:00,60,0.56
2013-11-07 10:00:00,59,0.66
2013-11-07 11:00:00,62,0.68
2013-11-07 12:00:00,56,0.63
2013-11-07 13:00:00,55,0.52
2013-11-07 14:00:00,53,0.35
2013-11-07 15:00:00,55,0.13
2013-11-07 16:00:00,54,0.01
2013-11-07 17:00:00,52,0.0
2013-11-07 18:00:00,52,0.0
2013-11-07 19:00:00,52,0.0
2013-11-07 20:00:00,51,0.0
2013-11-07 21:00:00,52,0.0
2013-11-07 22:00:00,51,0.0
2013-11-07 23:00:00,37,0.0
2013-11-08 00:00:00,23,0.0
2013-11-08 01:00:00,5,0.0
2013-11-08 02:00:00,5,0.0
2013-11-08 03:00:00,5,0.0
2013-11-08 04:00:00,5,0.0
2013-11-08 05:00:00,5,0.0
2013-11-08 06:00:00,5,0.03
2013-11-08 07:00:00,11,0.11
2013-11-08 08:00:00,46,0.17
2013-11-08 09:00:00,59,0.14
2013-11-08 10:00:00,59,0.17
2013-11-08 11:00:00,54,0.28
2013-11-08 12:00:00,51,0.17
2013-11-08 13:00:00,50,0.1
2013-11-08 14:00:00,49,0.06
2013-11-08 15:00:00,48,0.03
2013-11-08 16:00:00,50,0.01
2013-11-08 17:00:00,53,0.0
2013-11-08 18:00:00,58,0.0
2013-11-08 19:00:00,54,0.0
2013-11-08 20:00:00,52,0.0
2013-11-08 21:00:00,53,0.0
2013-11-08 22:00:00,56,0.0
2013-11-08 23:00:00,36,0.0
2013-11-09 00:00:00,20,0.0
2013-11-09 01:00:00,4,0.0
2013-11-09 02:00:00,5,0.0
2013-11-09 03:00:00,5,0.0
2013-11-09 04:00:00,5,0.0
2013-11-09 05:00:00,5,0.0
2013-11-09 06:00:00,5,0.02
2013-11-09 07:00:00,19,0.08
2013-11-09 08:00:00,76,0.24
2013-11-09 09:00:00,70,0.24
2013-11-09 10:00:00,71,0.09
2013-11-09 11:00:00,65,0.13
2013-11-09 12:00:00,61,0.32
2013-11-09 13:00:00,54,0.3
2013-11-09 14:00:00,53,0.05
2013-11-09 15:00:00,53,0.03
2013-11-09 16:00:00,52,0.01
2013-11-09 17:00:00,57,0.0
2013-11-09 18:00:00,57,0.0
2013-11-09 19:00:00,58,0.0
2013-11-09 20:00:00,59,0.0
2013-11-09 21:00:00,61,0.0
2013-11-09 22:00:00,59,0.0
2013-11-09 23:00:00,37,0.0
2013-11-10 00:00:00,24,0.0
2013-11-10 01:00:00,5,0.0
2013-11-10 02:00:00,6,0.0
2013-11-10 03:00:00,6,0.0
2013-11-10 04:00:00,6,0.0
2013-11-10 05:00:00,6,0.0
2013-11-10 06:00:00,6,0.03
2013-11-10 07:00:00,19,0.09
2013-11-10 08:00:00,54,0.14
2013-11-10 09:00:00,53,0.22
2013-11-10 10:00:00,53,0.26
2013-11-10 11:00:00,52,0.23
2013-11-10 12:00:00,50,0.21
2013-11-10 13:00:00,50,0.18
2013-11-10 14:00:00,50,0.12
2013-11-10 15:00:00,50,0.05
2013-11-10 16:00:00,51,0.01
2013-11-10 17:00:00,53,0.0
2013-11-10 18:00:00,53,0.0
2013-11-10 19:00:00,55,0.0
2013-11-10 20:00:00,53,0.0
2013-11-10 21:00:00,52,0.0
2013-11-10 22:00:00,50,0.0
2013-11-10 23:00:00,34,0.0
2013-11-11 00:00:00,19,0.0
2013-11-11 01:00:00,4,0.0
2013-11-11 02:00:00,5,0.0
2013-11-11 03:00:00,5,0.0
2013-11-11 04:00:00,5,0.0
2013-11-11 05:00:00,5,0.0
2013-11-11 06:00:00,5,0.01
2013-11-11 07:00:00,20,0.02
2013-11-11 08:00:00,66,0.03
2013-11-11 09:00:00,66,0.06
2013-11-11 10:00:00,68,0.07
2013-11-11 11:00:00,62,0.08
2013-11-11 12:00:00,58,0.08
2013-11-11 13:00:00,56,0.06
2013-11-11 14:00:00,59,0.05
2013-11-11 15:00:00,59,0.01
2013-11-11 16:00:00,60,0.01
2013-11-11 17:00:00,66,0.0
2013-11-11 18:00:00,64,0.0
2013-11-11 19:00:00,70,0.0
2013-11-11 20:00:00,69,0.0
2013-11-11 21:00:00,68,0.0
2013-11-11 22:00:00,71,0.0
2013-11-11 23:00:00,40,0.0
2013-11-12 00:00:00,23,0.0
2013-11-12 01:00:00,5,0.0
2013-11-12 02:00:00,32,0.0
2013-11-12 03:00:00,39,0.0
2013-11-12 04:00:00,40,0.0
2013-11-12 05:00:00,40,0.0
2013-11-12 06:00:00,40,0.03
2013-11-12 07:00:00,54,0.17
2013-11-12 08:00:00,114,0.34
2013-11-12 09:00:00,112,0.47
2013-11-12 10:00:00,83,0.38
2013-11-12 11:00:00,74,0.38
2013-11-12 12:00:00,71,0.27
2013-11-12 13:00:00,68,0.22
2013-11-12 14:00:00,66,0.13
2013-11-12 15:00:00,66,0.05
2013-11-12 16:00:00,65,0.01
2013-11-12 17:00:00,70,0.0
2013-11-12 18:00:00,70,0.0
2013-11-12 19:00:00,71,0.0
2013-11-12 20:00:00,72,0.0
2013-11-12 21:00:00,71,0.0
2013-11-12 22:00:00,72,0.0
2013-11-12 23:00:00,38,0.0
2013-11-13 00:00:00,22,0.0
2013-11-13 01:00:00,5,0.0
2013-11-13 02:00:00,6,0.0
2013-11-13 03:00:00,6,0.0
2013-11-13 04:00:00,7,0.0
2013-11-13 05:00:00,41,0.0
2013-11-13 06:00:00,40,0.04
2013-11-13 07:00:00,50,0.18
2013-11-13 08:00:00,114,0.36
2013-11-13 09:00:00,84,0.5
2013-11-13 10:00:00,78,0.58
2013-11-13 11:00:00,69,0.61
2013-11-13 12:00:00,67,0.57
2013-11-13 13:00:00,69,0.38
2013-11-13 14:00:00,65,0.28
2013-11-13 15:00:00,64,0.08
2013-11-13 16:00:00,67,0.01
2013-11-13 17:00:00,69,0.0
2013-11-13 18:00:00,71,0.0
2013-11-13 19:00:00,69,0.0
2013-11-13 20:00:00,69,0.0
2013-11-13 21:00:00,72,0.0
2013-11-13 22:00:00,72,0.0
2013-11-13 23:00:00,42,0.0
2013-11-14 00:00:00,60,0.0
2013-11-14 01:00:00,43,0.0
2013-11-14 02:00:00,39,0.0
2013-11-14 03:00:00,39,0.0
2013-11-14 04:00:00,39,0.0
2013-11-14 05:00:00,39,0.0
2013-11-14 06:00:00,39,0.03
2013-11-14 07:00:00,47,0.18
2013-11-14 08:00:00,117,0.35
2013-11-14 09:00:00,93,0.2
2013-11-14 10:00:00,82,0.26
2013-11-14 11:00:00,70,0.14
2013-11-14 12:00:00,67,0.15
2013-11-14 13:00:00,65,0.12
2013-11-14 14:00:00,63,0.07
2013-11-14 15:00:00,63,0.03
2013-11-14 16:00:00,62,0.01
2013-11-14 17:00:00,69,0.0
2013-11-14 18:00:00,69,0.0
2013-11-14 19:00:00,68,0.0
2013-11-14 20:00:00,66,0.0
2013-11-14 21:00:00,68,0.0
2013-11-14 22:00:00,68,0.0
2013-11-14 23:00:00,42,0.0
2013-11-15 00:00:00,19,0.0
2013-11-15 01:00:00,4,0.0
2013-11-15 02:00:00,5,0.0
2013-11-15 03:00:00,5,0.0
2013-11-15 04:00:00,5,0.0
2013-11-15 05:00:00,5,0.0
2013-11-15 06:00:00,5,0.02
2013-11-15 07:00:00,11,0.07
2013-11-15 08:00:00,58,0.29
2013-11-15 09:00:00,71,0.5
2013-11-15 10:00:00,71,0.39
2013-11-15 11:00:00,66,0.23
2013-11-15 12:00:00,63,0.09
2013-11-15 13:00:00,59,0.14
2013-11-15 14:00:00,55,0.2
2013-11-15 15:00:00,53,0.06
2013-11-15 16:00:00,54,0.01
2013-11-15 17:00:00,57,0.0
2013-11-15 18:00:00,58,0.0
2013-11-15 19:00:00,56,0.0
2013-11-15 20:00:00,56,0.0
2013-11-15 21:00:00,54,0.0
2013-11-15 22:00:00,55,0.0
2013-11-15 23:00:00,36,0.0
2013-11-16 00:00:00,18,0.0
2013-11-16 01:00:00,4,0.0
2013-11-16 02:00:00,5,0.0
2013-11-16 03:00:00,5,0.0
2013-11-16 04:00:00,5,0.0
2013-11-16 05:00:00,5,0.0
2013-11-16 06:00:00,5,0.02
2013-11-16 07:00:00,14,0.18
2013-11-16 08:00:00,75,0.37
2013-11-16 09:00:00,68,0.53
2013-11-16 10:00:00,65,0.64
2013-11-16 11:00:00,58,0.67
2013-11-16 12:00:00,56,0.61
2013-11-16 13:00:00,50,0.5
2013-11-16 14:00:00,48,0.32
2013-11-16 15:00:00,48,0.09
2013-11-16 16:00:00,49,0.01
2013-11-16 17:00:00,51,0.0
2013-11-16 18:00:00,53,0.0
2013-11-16 19:00:00,53,0.0
2013-11-16 20:00:00,53,0.0
2013-11-16 21:00:00,54,0.0
2013-11-16 22:00:00,52,0.0
2013-11-16 23:00:00,34,0.0
2013-11-17 00:00:00,19,0.0
2013-11-17 01:00:00,4,0.0
2013-11-17 02:00:00,5,0.0
2013-11-17 03:00:00,5,0.0
2013-11-17 04:00:00,5,0.0
2013-11-17 05:00:00,6,0.0
2013-11-17 06:00:00,6,0.02
2013-11-17 07:00:00,23,0.07
2013-11-17 08:00:00,74,0.17
2013-11-17 09:00:00,66,0.29
2013-11-17 10:00:00,63,0.37
2013-11-17 11:00:00,55,0.46
2013-11-17 12:00:00,56,0.29
2013-11-17 13:00:00,50,0.25
2013-11-17 14:00:00,49,0.16
2013-11-17 15:00:00,48,0.05
2013-11-17 16:00:00,48,0.01
2013-11-17 17:00:00,49,0.0
2013-11-17 18:00:00,52,0.0
2013-11-17 19:00:00,52,0.0
2013-11-17 20:00:00,55,0.0
2013-11-17 21:00:00,54,0.0
2013-11-17 22:00:00,54,0.0
2013-11-17 23:00:00,34,0.0
2013-11-18 00:00:00,31,0.0
2013-11-18 01:00:00,11,0.0
2013-11-18 02:00:00,5,0.0
2013-11-18 03:00:00,5,0.0
2013-11-18 04:00:00,5,0.0
2013-11-18 05:00:00,5,0.0
2013-11-18 06:00:00,5,0.01
2013-11-18 07:00:00,22,0.17
2013-11-18 08:00:00,68,0.35
2013-11-18 09:00:00,67,0.5
2013-11-18 10:00:00,64,0.59
2013-11-18 11:00:00,55,0.62
2013-11-18 12:00:00,52,0.56
2013-11-18 13:00:00,49,0.45
2013-11-18 14:00:00,48,0.3
2013-11-18 15:00:00,49,0.1
2013-11-18 16:00:00,49,0.01
2013-11-18 17:00:00,51,0.0
2013-11-18 18:00:00,50,0.0
2013-11-18 19:00:00,50,0.0
2013-11-18 20:00:00,50,0.0
2013-11-18 21:00:00,50,0.0
2013-11-18 22:00:00,47,0.0
2013-11-18 23:00:00,33,0.0
2013-11-19 00:00:00,22,0.0
2013-11-19 01:00:00,4,0.0
2013-11-19 02:00:00,5,0.0
2013-11-19 03:00:00,5,0.0
2013-11-19 04:00:00,5,0.0
2013-11-19 05:00:00,5,0.0
2013-11-19 06:00:00,5,0.01
2013-11-19 07:00:00,19,0.04
2013-11-19 08:00:00,60,0.08
2013-11-19 09:00:00,60,0.11
2013-11-19 10:00:00,62,0.17
2013-11-19 11:00:00,56,0.06
2013-11-19 12:00:00,55,0.06
2013-11-19 13:00:00,56,0.06
2013-11-19 14:00:00,52,0.04
2013-11-19 15:00:00,52,0.02
2013-11-19 16:00:00,53,0.01
2013-11-19 17:00:00,56,0.0
2013-11-19 18:00:00,56,0.0
2013-11-19 19:00:00,56,0.0
2013-11-19 20:00:00,58,0.0
2013-11-19 21:00:00,65,0.0
2013-11-19 22:00:00,61,0.0
2013-11-19 23:00:00,38,0.0
2013-11-20 00:00:00,24,0.0
2013-11-20 01:00:00,5,0.0
2013-11-20 02:00:00,5,0.0
2013-11-20 03:00:00,5,0.0
2013-11-20 04:00:00,5,0.0
2013-11-20 05:00:00,5,0.0
2013-11-20 06:00:00,5,0.01
2013-11-20 07:00:00,21,0.04
2013-11-20 08:00:00,72,0.13
2013-11-20 09:00:00,69,0.17
2013-11-20 10:00:00,71,0.09
2013-11-20 11:00:00,63,0.18
2013-11-20 12:00:00,63,0.23
2013-11-20 13:00:00,59,0.15
2013-11-20 14:00:00,58,0.08
2013-11-20 15:00:00,58,0.03
2013-11-20 16:00:00,60,0.01
2013-11-20 17:00:00,64,0.0
2013-11-20 18:00:00,62,0.0
2013-11-20 19:00:00,62,0.0
2013-11-20 20:00:00,62,0.0
2013-11-20 21:00:00,62,0.0
2013-11-20 22:00:00,60,0.0
2013-11-20 23:00:00,36,0.0
2013-11-21 00:00:00,20,0.0
2013-11-21 01:00:00,5,0.0
2013-11-21 02:00:00,5,0.0
2013-11-21 03:00:00,5,0.0
2013-11-21 04:00:00,5,0.0
2013-11-21 05:00:00,5,0.0
2013-11-21 06:00:00,5,0.01
2013-11-21 07:00:00,11,0.09
2013-11-21 08:00:00,52,0.22
2013-11-21 09:00:00,70,0.45
2013-11-21 10:00:00,69,0.52
2013-11-21 11:00:00,66,0.58
2013-11-21 12:00:00,64,0.43
2013-11-21 13:00:00,60,0.41
2013-11-21 14:00:00,61,0.29
2013-11-21 15:00:00,60,0.1
2013-11-21 16:00:00,61,0.01
2013-11-21 17:00:00,64,0.0
2013-11-21 18:00:00,62,0.0
2013-11-21 19:00:00,61,0.0
2013-11-21 20:00:00,62,0.0
2013-11-21 21:00:00,60,0.0
2013-11-21 22:00:00,60,0.0
2013-11-21 23:00:00,39,0.0
2013-11-22 00:00:00,21,0.0
2013-11-22 01:00:00,4,0.0
2013-11-22 02:00:00,5,0.0
2013-11-22 03:00:00,5,0.0
2013-11-22 04:00:00,5,0.0
2013-11-22 05:00:00,5,0.0
2013-11-22 06:00:00,5,0.01
2013-11-22 07:00:00,18,0.1
2013-11-22 08:00:00,70,0.3
2013-11-22 09:00:00,68,0.46
2013-11-22 10:00:00,68,0.55
2013-11-22 11:00:00,65,0.59
2013-11-22 12:00:00,64,0.54
2013-11-22 13:00:00,60,0.25
2013-11-22 14:00:00,61,0.08
2013-11-22 15:00:00,61,0.04
2013-11-22 16:00:00,59,0.01
2013-11-22 17:00:00,61,0.0
2013-11-22 18:00:00,62,0.0
2013-11-22 19:00:00,61,0.0
2013-11-22 20:00:00,62,0.0
2013-11-22 21:00:00,62,0.0
2013-11-22 22:00:00,58,0.0
2013-11-22 23:00:00,35,0.0
2013-11-23 00:00:00,19,0.0
2013-11-23 01:00:00,4,0.0
2013-11-23 02:00:00,5,0.0
2013-11-23 03:00:00,5,0.0
2013-11-23 04:00:00,5,0.0
2013-11-23 05:00:00,5,0.0
2013-11-23 06:00:00,5,0.01
2013-11-23 07:00:00,22,0.04
2013-11-23 08:00:00,74,0.14
2013-11-23 09:00:00,68,0.25
2013-11-23 10:00:00,67,0.14
2013-11-23 11:00:00,63,0.22
2013-11-23 12:00:00,59,0.21
2013-11-23 13:00:00,57,0.11
2013-11-23 14:00:00,54,0.07
2013-11-23 15:00:00,54,0.03
2013-11-23 16:00:00,55,0.01
2013-11-23 17:00:00,59,0.0
2013-11-23 18:00:00,58,0.0
2013-11-23 19:00:00,58,0.0
2013-11-23 20:00:00,60,0.0
2013-11-23 21:00:00,64,0.0
2013-11-23 22:00:00,57,0.0
2013-11-23 23:00:00,36,0.0
2013-11-24 00:00:00,23,0.0
2013-11-24 01:00:00,6,0.0
2013-11-24 02:00:00,5,0.0
2013-11-24 03:00:00,5,0.0
2013-11-24 04:00:00,6,0.0
2013-11-24 05:00:00,5,0.0
2013-11-24 06:00:00,5,0.01
2013-11-24 07:00:00,24,0.04
2013-11-24 08:00:00,69,0.08
2013-11-24 09:00:00,64,0.12
2013-11-24 10:00:00,64,0.19
2013-11-24 11:00:00,58,0.17
2013-11-24 12:00:00,56,0.3
2013-11-24 13:00:00,52,0.24
2013-11-24 14:00:00,49,0.28
2013-11-24 15:00:00,49,0.07
2013-11-24 16:00:00,53,0.01
2013-11-24 17:00:00,56,0.0
2013-11-24 18:00:00,56,0.0
2013-11-24 19:00:00,56,0.0
2013-11-24 20:00:00,58,0.0
2013-11-24 21:00:00,58,0.0
2013-11-24 22:00:00,58,0.0
2013-11-24 23:00:00,36,0.0
2013-11-25 00:00:00,20,0.0
2013-11-25 01:00:00,5,0.0
2013-11-25 02:00:00,5,0.0
2013-11-25 03:00:00,5,0.0
2013-11-25 04:00:00,5,0.0
2013-11-25 05:00:00,5,0.0
2013-11-25 06:00:00,6,0.01
2013-11-25 07:00:00,17,0.05
2013-11-25 08:00:00,73,0.14
2013-11-25 09:00:00,69,0.35
2013-11-25 10:00:00,71,0.23
2013-11-25 11:00:00,63,0.18
2013-11-25 12:00:00,61,0.23
2013-11-25 13:00:00,60,0.14
2013-11-25 14:00:00,59,0.07
2013-11-25 15:00:00,58,0.03
2013-11-25 16:00:00,57,0.0
2013-11-25 17:00:00,59,0.0
2013-11-25 18:00:00,55,0.0
2013-11-25 19:00:00,52,0.0
2013-11-25 20:00:00,52,0.0
2013-11-25 21:00:00,51,0.0
2013-11-25 22:00:00,51,0.0
2013-11-25 23:00:00,35,0.0
2013-11-26 00:00:00,24,0.0
2013-11-26 01:00:00,4,0.0
2013-11-26 02:00:00,5,0.0
2013-11-26 03:00:00,5,0.0
2013-11-26 04:00:00,5,0.0
2013-11-26 05:00:00,5,0.0
2013-11-26 06:00:00,5,0.01
2013-11-26 07:00:00,11,0.15
2013-11-26 08:00:00,62,0.31
2013-11-26 09:00:00,58,0.47
2013-11-26 10:00:00,58,0.55
2013-11-26 11:00:00,55,0.55
2013-11-26 12:00:00,56,0.52
2013-11-26 13:00:00,55,0.35
2013-11-26 14:00:00,54,0.25
2013-11-26 15:00:00,55,0.05
2013-11-26 16:00:00,56,0.0
2013-11-26 17:00:00,59,0.0
2013-11-26 18:00:00,59,0.0
2013-11-26 19:00:00,56,0.0
2013-11-26 20:00:00,60,0.0
2013-11-26 21:00:00,58,0.0
2013-11-26 22:00:00,57,0.0
2013-11-26 23:00:00,34,0.0
2013-11-27 00:00:00,30,0.0
2013-11-27 01:00:00,7,0.0
2013-11-27 02:00:00,5,0.0
2013-11-27 03:00:00,5,0.0
2013-11-27 04:00:00,5,0.0
2013-11-27 05:00:00,5,0.0
2013-11-27 06:00:00,5,0.01
2013-11-27 07:00:00,11,0.05
2013-11-27 08:00:00,54,0.17
2013-11-27 09:00:00,72,0.1
2013-11-27 10:00:00,76,0.11
2013-11-27 11:00:00,69,0.12
2013-11-27 12:00:00,62,0.1
2013-11-27 13:00:00,61,0.07
2013-11-27 14:00:00,59,0.05
2013-11-27 15:00:00,58,0.02
2013-11-27 16:00:00,59,0.0
2013-11-27 17:00:00,61,0.0
2013-11-27 18:00:00,60,0.0
2013-11-27 19:00:00,60,0.0
2013-11-27 20:00:00,62,0.0
2013-11-27 21:00:00,62,0.0
2013-11-27 22:00:00,61,0.0
2013-11-27 23:00:00,37,0.0
2013-11-28 00:00:00,21,0.0
2013-11-28 01:00:00,4,0.0
2013-11-28 02:00:00,5,0.0
2013-11-28 03:00:00,5,0.0
2013-11-28 04:00:00,5,0.0
2013-11-28 05:00:00,5,0.0
2013-11-28 06:00:00,5,0.01
2013-11-28 07:00:00,19,0.08
2013-11-28 08:00:00,64,0.21
2013-11-28 09:00:00,68,0.35
2013-11-28 10:00:00,69,0.26
2013-11-28 11:00:00,65,0.43
2013-11-28 12:00:00,63,0.43
2013-11-28 13:00:00,60,0.3
2013-11-28 14:00:00,58,0.12
2013-11-28 15:00:00,59,0.03
2013-11-28 16:00:00,60,0.0
2013-11-28 17:00:00,63,0.0
2013-11-28 18:00:00,65,0.0
2013-11-28 19:00:00,66,0.0
2013-11-28 20:00:00,65,0.0
2013-11-28 21:00:00,65,0.0
2013-11-28 22:00:00,65,0.0
2013-11-28 23:00:00,53,0.0
2013-11-29 00:00:00,57,0.0
2013-11-29 01:00:00,42,0.0
2013-11-29 02:00:00,40,0.0
2013-11-29 03:00:00,39,0.0
2013-11-29 04:00:00,39,0.0
2013-11-29 05:00:00,39,0.0
2013-11-29 06:00:00,39,0.01
2013-11-29 07:00:00,52,0.04
2013-11-29 08:00:00,115,0.2
2013-11-29 09:00:00,102,0.42
2013-11-29 10:00:00,75,0.45
2013-11-29 11:00:00,68,0.31
2013-11-29 12:00:00,68,0.14
2013-11-29 13:00:00,67,0.1
2013-11-29 14:00:00,62,0.08
2013-11-29 15:00:00,60,0.03
2013-11-29 16:00:00,60,0.0
2013-11-29 17:00:00,66,0.0
2013-11-29 18:00:00,65,0.0
2013-11-29 19:00:00,64,0.0
2013-11-29 20:00:00,64,0.0
2013-11-29 21:00:00,66,0.0
2013-11-29 22:00:00,59,0.0
2013-11-29 23:00:00,36,0.0
2013-11-30 00:00:00,20,0.0
2013-11-30 01:00:00,4,0.0
2013-11-30 02:00:00,5,0.0
2013-11-30 03:00:00,32,0.0
2013-11-30 04:00:00,40,0.0
2013-11-30 05:00:00,39,0.0
2013-11-30 06:00:00,39,0.01
2013-11-30 07:00:00,59,0.04
2013-11-30 08:00:00,114,0.17
2013-11-30 09:00:00,116,0.46
2013-11-30 10:00:00,93,0.55
2013-11-30 11:00:00,72,0.58
2013-11-30 12:00:00,72,0.54
2013-11-30 13:00:00,68,0.26
2013-11-30 14:00:00,68,0.09
2013-11-30 15:00:00,64,0.03
2013-11-30 16:00:00,63,0.0
2013-11-30 17:00:00,65,0.0
2013-11-30 18:00:00,67,0.0
2013-11-30 19:00:00,67,0.0
2013-11-30 20:00:00,67,0.0
2013-11-30 21:00:00,64,0.0
2013-11-30 22:00:00,61,0.0
2013-11-30 23:00:00,35,0.0
2013-12-01 00:00:00,20,0.0
2013-12-01 01:00:00,5,0.0
2013-12-01 02:00:00,5,0.0
2013-12-01 03:00:00,8,0.0
2013-12-01 04:00:00,39,0.0
2013-12-01 05:00:00,14,0.0
2013-12-01 06:00:00,34,0.01
2013-12-01 07:00:00,60,0.03
2013-12-01 08:00:00,112,0.08
2013-12-01 09:00:00,81,0.13
2013-12-01 10:00:00,67,0.13
2013-12-01 11:00:00,64,0.32
2013-12-01 12:00:00,62,0.42
2013-12-01 13:00:00,58,0.3
2013-12-01 14:00:00,61,0.2
2013-12-01 15:00:00,58,0.03
2013-12-01 16:00:00,59,0.0
2013-12-01 17:00:00,63,0.0
2013-12-01 18:00:00,68,0.0
2013-12-01 19:00:00,67,0.0
2013-12-01 20:00:00,66,0.0
2013-12-01 21:00:00,68,0.0
2013-12-01 22:00:00,70,0.0
2013-12-01 23:00:00,39,0.0
2013-12-02 00:00:00,33,0.0
2013-12-02 01:00:00,7,0.0
2013-12-02 02:00:00,6,0.0
2013-12-02 03:00:00,6,0.0
2013-12-02 04:00:00,35,0.0
2013-12-02 05:00:00,39,0.0
2013-12-02 06:00:00,8,0.01
2013-12-02 07:00:00,24,0.04
2013-12-02 08:00:00,82,0.23
2013-12-02 09:00:00,79,0.45
2013-12-02 10:00:00,78,0.32
2013-12-02 11:00:00,70,0.26
2013-12-02 12:00:00,66,0.31
2013-12-02 13:00:00,65,0.12
2013-12-02 14:00:00,62,0.07
2013-12-02 15:00:00,62,0.03
2013-12-02 16:00:00,62,0.0
2013-12-02 17:00:00,63,0.0
2013-12-02 18:00:00,66,0.0
2013-12-02 19:00:00,64,0.0
2013-12-02 20:00:00,64,0.0
2013-12-02 21:00:00,66,0.0
2013-12-02 22:00:00,68,0.0
2013-12-02 23:00:00,39,0.0
2013-12-03 00:00:00,20,0.0
2013-12-03 01:00:00,5,0.0
2013-12-03 02:00:00,9,0.0
2013-12-03 03:00:00,39,0.0
2013-12-03 04:00:00,39,0.0
2013-12-03 05:00:00,39,0.0
2013-12-03 06:00:00,39,0.01
2013-12-03 07:00:00,45,0.12
2013-12-03 08:00:00,89,0.3
2013-12-03 09:00:00,115,0.42
2013-12-03 10:00:00,82,0.53
2013-12-03 11:00:00,71,0.56
2013-12-03 12:00:00,65,0.51
2013-12-03 13:00:00,63,0.27
2013-12-03 14:00:00,60,0.15
2013-12-03 15:00:00,59,0.04
2013-12-03 16:00:00,63,0.0
2013-12-03 17:00:00,62,0.0
2013-12-03 18:00:00,65,0.0
2013-12-03 19:00:00,66,0.0
2013-12-03 20:00:00,65,0.0
2013-12-03 21:00:00,65,0.0
2013-12-03 22:00:00,71,0.0
2013-12-03 23:00:00,39,0.0
2013-12-04 00:00:00,19,0.0
2013-12-04 01:00:00,5,0.0
2013-12-04 02:00:00,5,0.0
2013-12-04 03:00:00,5,0.0
2013-12-04 04:00:00,5,0.0
2013-12-04 05:00:00,5,0.0
2013-12-04 06:00:00,16,0.01
2013-12-04 07:00:00,44,0.02
2013-12-04 08:00:00,115,0.04
2013-12-04 09:00:00,104,0.04
2013-12-04 10:00:00,75,0.04
2013-12-04 11:00:00,69,0.07
2013-12-04 12:00:00,68,0.07
2013-12-04 13:00:00,62,0.06
2013-12-04 14:00:00,62,0.04
2013-12-04 15:00:00,62,0.01
2013-12-04 16:00:00,61,0.0
2013-12-04 17:00:00,63,0.0
2013-12-04 18:00:00,62,0.0
2013-12-04 19:00:00,62,0.0
2013-12-04 20:00:00,63,0.0
2013-12-04 21:00:00,65,0.0
2013-12-04 22:00:00,61,0.0
2013-12-04 23:00:00,36,0.0
2013-12-05 00:00:00,20,0.0
2013-12-05 01:00:00,4,0.0
2013-12-05 02:00:00,5,0.0
2013-12-05 03:00:00,6,0.0
2013-12-05 04:00:00,5,0.0
2013-12-05 05:00:00,5,0.0
2013-12-05 06:00:00,5,0.01
2013-12-05 07:00:00,39,0.03
2013-12-05 08:00:00,111,0.08
2013-12-05 09:00:00,86,0.09
2013-12-05 10:00:00,72,0.28
2013-12-05 11:00:00,64,0.33
2013-12-05 12:00:00,61,0.46
2013-12-05 13:00:00,59,0.18
2013-12-05 14:00:00,56,0.07
2013-12-05 15:00:00,58,0.03
2013-12-05 16:00:00,58,0.0
2013-12-05 17:00:00,61,0.0
2013-12-05 18:00:00,60,0.0
2013-12-05 19:00:00,62,0.0
2013-12-05 20:00:00,61,0.0
2013-12-05 21:00:00,60,0.0
2013-12-05 22:00:00,58,0.0
2013-12-05 23:00:00,37,0.0
2013-12-06 00:00:00,21,0.0
2013-12-06 01:00:00,5,0.0
2013-12-06 02:00:00,6,0.0
2013-12-06 03:00:00,5,0.0
2013-12-06 04:00:00,5,0.0
2013-12-06 05:00:00,5,0.0
2013-12-06 06:00:00,6,0.01
2013-12-06 07:00:00,24,0.03
2013-12-06 08:00:00,68,0.06
2013-12-06 09:00:00,66,0.24
2013-12-06 10:00:00,65,0.41
2013-12-06 11:00:00,59,0.37
2013-12-06 12:00:00,58,0.07
2013-12-06 13:00:00,57,0.07
2013-12-06 14:00:00,57,0.05
2013-12-06 15:00:00,57,0.02
2013-12-06 16:00:00,57,0.0
2013-12-06 17:00:00,63,0.0
2013-12-06 18:00:00,65,0.0
2013-12-06 19:00:00,64,0.0
2013-12-06 20:00:00,62,0.0
2013-12-06 21:00:00,65,0.0
2013-12-06 22:00:00,64,0.0
2013-12-06 23:00:00,45,0.0
2013-12-07 00:00:00,22,0.0
2013-12-07 01:00:00,4,0.0
2013-12-07 02:00:00,33,0.0
2013-12-07 03:00:00,39,0.0
2013-12-07 04:00:00,5,0.0
2013-12-07 05:00:00,5,0.0
2013-12-07 06:00:00,17,0.0
2013-12-07 07:00:00,62,0.04
2013-12-07 08:00:00,112,0.14
2013-12-07 09:00:00,89,0.38
2013-12-07 10:00:00,71,0.33
2013-12-07 11:00:00,68,0.14
2013-12-07 12:00:00,65,0.1
2013-12-07 13:00:00,65,0.1
2013-12-07 14:00:00,63,0.05
2013-12-07 15:00:00,63,0.02
2013-12-07 16:00:00,67,0.0
2013-12-07 17:00:00,69,0.0
2013-12-07 18:00:00,69,0.0
2013-12-07 19:00:00,69,0.0
2013-12-07 20:00:00,67,0.0
2013-12-07 21:00:00,70,0.0
2013-12-07 22:00:00,68,0.0
2013-12-07 23:00:00,70,0.0
2013-12-08 00:00:00,55,0.0
2013-12-08 01:00:00,38,0.0
2013-12-08 02:00:00,39,0.0
2013-12-08 03:00:00,40,0.0
2013-12-08 04:00:00,39,0.0
2013-12-08 05:00:00,39,0.0
2013-12-08 06:00:00,39,0.0
2013-12-08 07:00:00,52,0.01
2013-12-08 08:00:00,112,0.06
2013-12-08 09:00:00,100,0.08
2013-12-08 10:00:00,73,0.09
2013-12-08 11:00:00,67,0.1
2013-12-08 12:00:00,67,0.16
2013-12-08 13:00:00,63,0.14
2013-12-08 14:00:00,65,0.04
2013-12-08 15:00:00,61,0.01
2013-12-08 16:00:00,65,0.0
2013-12-08 17:00:00,67,0.0
2013-12-08 18:00:00,72,0.0
2013-12-08 19:00:00,70,0.0
2013-12-08 20:00:00,70,0.0
2013-12-08 21:00:00,72,0.0
2013-12-08 22:00:00,71,0.0
2013-12-08 23:00:00,39,0.0
2013-12-09 00:00:00,47,0.0
2013-12-09 01:00:00,38,0.0
2013-12-09 02:00:00,38,0.0
2013-12-09 03:00:00,39,0.0
2013-12-09 04:00:00,39,0.0
2013-12-09 05:00:00,39,0.0
2013-12-09 06:00:00,38,0.0
2013-12-09 07:00:00,45,0.02
2013-12-09 08:00:00,92,0.06
2013-12-09 09:00:00,117,0.08
2013-12-09 10:00:00,86,0.14
2013-12-09 11:00:00,79,0.17
2013-12-09 12:00:00,75,0.17
2013-12-09 13:00:00,72,0.14
2013-12-09 14:00:00,69,0.09
2013-12-09 15:00:00,67,0.03
2013-12-09 16:00:00,67,0.0
2013-12-09 17:00:00,70,0.0
2013-12-09 18:00:00,77,0.0
2013-12-09 19:00:00,75,0.0
2013-12-09 20:00:00,78,0.0
2013-12-09 21:00:00,79,0.0
2013-12-09 22:00:00,75,0.0
2013-12-09 23:00:00,40,0.0
2013-12-10 00:00:00,24,0.0
2013-12-10 01:00:00,7,0.0
2013-12-10 02:00:00,7,0.0
2013-12-10 03:00:00,7,0.0
2013-12-10 04:00:00,7,0.0
2013-12-10 05:00:00,7,0.0
2013-12-10 06:00:00,7,0.0
2013-12-10 07:00:00,23,0.09
2013-12-10 08:00:00,73,0.28
2013-12-10 09:00:00,63,0.41
2013-12-10 10:00:00,65,0.42
2013-12-10 11:00:00,65,0.58
2013-12-10 12:00:00,61,0.54
2013-12-10 13:00:00,60,0.36
2013-12-10 14:00:00,57,0.16
2013-12-10 15:00:00,57,0.07
2013-12-10 16:00:00,56,0.0
2013-12-10 17:00:00,62,0.0
2013-12-10 18:00:00,61,0.0
2013-12-10 19:00:00,65,0.0
2013-12-10 20:00:00,63,0.0
2013-12-10 21:00:00,64,0.0
2013-12-10 22:00:00,63,0.0
2013-12-10 23:00:00,40,0.0
2013-12-11 00:00:00,20,0.0
2013-12-11 01:00:00,4,0.0
2013-12-11 02:00:00,5,0.0
2013-12-11 03:00:00,5,0.0
2013-12-11 04:00:00,5,0.0
2013-12-11 05:00:00,5,0.0
2013-12-11 06:00:00,5,0.0
2013-12-11 07:00:00,25,0.03
2013-12-11 08:00:00,74,0.2
2013-12-11 09:00:00,72,0.28
2013-12-11 10:00:00,71,0.15
2013-12-11 11:00:00,67,0.19
2013-12-11 12:00:00,65,0.22
2013-12-11 13:00:00,65,0.17
2013-12-11 14:00:00,58,0.06
2013-12-11 15:00:00,60,0.04
2013-12-11 16:00:00,61,0.0
2013-12-11 17:00:00,63,0.0
2013-12-11 18:00:00,70,0.0
2013-12-11 19:00:00,73,0.0
2013-12-11 20:00:00,73,0.0
2013-12-11 21:00:00,73,0.0
2013-12-11 22:00:00,68,0.0
2013-12-11 23:00:00,36,0.0
2013-12-12 00:00:00,15,0.0
2013-12-12 01:00:00,6,0.0
2013-12-12 02:00:00,5,0.0
2013-12-12 03:00:00,5,0.0
2013-12-12 04:00:00,31,0.0
2013-12-12 05:00:00,39,0.0
2013-12-12 06:00:00,39,0.0
2013-12-12 07:00:00,59,0.03
2013-12-12 08:00:00,110,0.12
2013-12-12 09:00:00,98,0.27
2013-12-12 10:00:00,75,0.32
2013-12-12 11:00:00,69,0.51
2013-12-12 12:00:00,68,0.52
2013-12-12 13:00:00,68,0.32
2013-12-12 14:00:00,68,0.15
2013-12-12 15:00:00,68,0.04
2013-12-12 16:00:00,69,0.0
2013-12-12 17:00:00,73,0.0
2013-12-12 18:00:00,76,0.0
2013-12-12 19:00:00,105,0.0
2013-12-12 20:00:00,92,0.0
2013-12-12 21:00:00,80,0.0
2013-12-12 22:00:00,97,0.0
2013-12-12 23:00:00,69,0.0
2013-12-13 00:00:00,48,0.0
2013-12-13 01:00:00,38,0.0
2013-12-13 02:00:00,39,0.0
2013-12-13 03:00:00,39,0.0
2013-12-13 04:00:00,39,0.0
2013-12-13 05:00:00,40,0.0
2013-12-13 06:00:00,39,0.0
2013-12-13 07:00:00,48,0.03
2013-12-13 08:00:00,117,0.09
2013-12-13 09:00:00,112,0.15
2013-12-13 10:00:00,93,0.23
2013-12-13 11:00:00,75,0.32
2013-12-13 12:00:00,70,0.21
2013-12-13 13:00:00,65,0.23
2013-12-13 14:00:00,65,0.22
2013-12-13 15:00:00,64,0.05
2013-12-13 16:00:00,65,0.0
2013-12-13 17:00:00,67,0.0
2013-12-13 18:00:00,73,0.0
2013-12-13 19:00:00,75,0.0
2013-12-13 20:00:00,72,0.0
2013-12-13 21:00:00,94,0.0
2013-12-13 22:00:00,107,0.0
2013-12-13 23:00:00,71,0.0
2013-12-14 00:00:00,56,0.0
2013-12-14 01:00:00,39,0.0
2013-12-14 02:00:00,39,0.0
2013-12-14 03:00:00,39,0.0
2013-12-14 04:00:00,39,0.0
2013-12-14 05:00:00,39,0.0
2013-12-14 06:00:00,39,0.0
2013-12-14 07:00:00,45,0.08
2013-12-14 08:00:00,88,0.26
2013-12-14 09:00:00,119,0.37
2013-12-14 10:00:00,89,0.44
2013-12-14 11:00:00,81,0.56
2013-12-14 12:00:00,75,0.49
2013-12-14 13:00:00,75,0.41
2013-12-14 14:00:00,77,0.25
2013-12-14 15:00:00,74,0.05
2013-12-14 16:00:00,75,0.0
2013-12-14 17:00:00,84,0.0
2013-12-14 18:00:00,84,0.0
2013-12-14 19:00:00,84,0.0
2013-12-14 20:00:00,89,0.0
2013-12-14 21:00:00,113,0.0
2013-12-14 22:00:00,114,0.0
2013-12-14 23:00:00,79,0.0
2013-12-15 00:00:00,53,0.0
2013-12-15 01:00:00,39,0.0
2013-12-15 02:00:00,39,0.0
2013-12-15 03:00:00,40,0.0
2013-12-15 04:00:00,40,0.0
2013-12-15 05:00:00,40,0.0
2013-12-15 06:00:00,40,0.0
2013-12-15 07:00:00,56,0.03
2013-12-15 08:00:00,119,0.04
2013-12-15 09:00:00,116,0.06
2013-12-15 10:00:00,98,0.08
2013-12-15 11:00:00,83,0.09
2013-12-15 12:00:00,77,0.09
2013-12-15 13:00:00,77,0.08
2013-12-15 14:00:00,77,0.04
2013-12-15 15:00:00,78,0.02
2013-12-15 16:00:00,75,0.0
2013-12-15 17:00:00,85,0.0
2013-12-15 18:00:00,103,0.0
2013-12-15 19:00:00,114,0.0
2013-12-15 20:00:00,115,0.0
2013-12-15 21:00:00,115,0.0
2013-12-15 22:00:00,116,0.0
2013-12-15 23:00:00,75,0.0
2013-12-16 00:00:00,69,0.0
2013-12-16 01:00:00,64,0.0
2013-12-16 02:00:00,39,0.0
2013-12-16 03:00:00,40,0.0
2013-12-16 04:00:00,39,0.0
2013-12-16 05:00:00,39,0.0
2013-12-16 06:00:00,39,0.0
2013-12-16 07:00:00,52,0.07
2013-12-16 08:00:00,117,0.17
2013-12-16 09:00:00,116,0.29
2013-12-16 10:00:00,84,0.26
2013-12-16 11:00:00,77,0.31
2013-12-16 12:00:00,72,0.3
2013-12-16 13:00:00,69,0.14
2013-12-16 14:00:00,67,0.12
2013-12-16 15:00:00,67,0.04
2013-12-16 16:00:00,70,0.0
2013-12-16 17:00:00,70,0.0
2013-12-16 18:00:00,73,0.0
2013-12-16 19:00:00,73,0.0
2013-12-16 20:00:00,75,0.0
2013-12-16 21:00:00,71,0.0
2013-12-16 22:00:00,67,0.0
2013-12-16 23:00:00,38,0.0
2013-12-17 00:00:00,14,0.0
2013-12-17 01:00:00,8,0.0
2013-12-17 02:00:00,39,0.0
2013-12-17 03:00:00,40,0.0
2013-12-17 04:00:00,39,0.0
2013-12-17 05:00:00,39,0.0
2013-12-17 06:00:00,39,0.0
2013-12-17 07:00:00,52,0.08
2013-12-17 08:00:00,115,0.24
2013-12-17 09:00:00,109,0.42
2013-12-17 10:00:00,82,0.51
2013-12-17 11:00:00,75,0.55
2013-12-17 12:00:00,68,0.52
2013-12-17 13:00:00,65,0.27
2013-12-17 14:00:00,65,0.1
2013-12-17 15:00:00,64,0.04
2013-12-17 16:00:00,63,0.0
2013-12-17 17:00:00,75,0.0
2013-12-17 18:00:00,75,0.0
2013-12-17 19:00:00,77,0.0
2013-12-17 20:00:00,77,0.0
2013-12-17 21:00:00,80,0.0
2013-12-17 22:00:00,79,0.0
2013-12-17 23:00:00,43,0.0
2013-12-18 00:00:00,18,0.0
2013-12-18 01:00:00,30,0.0
2013-12-18 02:00:00,39,0.0
2013-12-18 03:00:00,39,0.0
2013-12-18 04:00:00,39,0.0
2013-12-18 05:00:00,39,0.0
2013-12-18 06:00:00,39,0.0
2013-12-18 07:00:00,58,0.05
2013-12-18 08:00:00,117,0.25
2013-12-18 09:00:00,118,0.41
2013-12-18 10:00:00,92,0.52
2013-12-18 11:00:00,79,0.56
2013-12-18 12:00:00,76,0.48
2013-12-18 13:00:00,70,0.17
2013-12-18 14:00:00,70,0.09
2013-12-18 15:00:00,70,0.03
2013-12-18 16:00:00,69,0.0
2013-12-18 17:00:00,78,0.0
2013-12-18 18:00:00,77,0.0
2013-12-18 19:00:00,77,0.0
2013-12-18 20:00:00,80,0.0
2013-12-18 21:00:00,77,0.0
2013-12-18 22:00:00,76,0.0
2013-12-18 23:00:00,43,0.0
2013-12-19 00:00:00,25,0.0
2013-12-19 01:00:00,8,0.0
2013-12-19 02:00:00,10,0.0
2013-12-19 03:00:00,10,0.0
2013-12-19 04:00:00,11,0.0
2013-12-19 05:00:00,9,0.0
2013-12-19 06:00:00,5,0.0
2013-12-19 07:00:00,18,0.04
2013-12-19 08:00:00,81,0.08
2013-12-19 09:00:00,77,0.12
2013-12-19 10:00:00,78,0.17
2013-12-19 11:00:00,78,0.19
2013-12-19 12:00:00,75,0.23
2013-12-19 13:00:00,72,0.15
2013-12-19 14:00:00,73,0.1
2013-12-19 15:00:00,71,0.03
2013-12-19 16:00:00,71,0.0
2013-12-19 17:00:00,79,0.0
2013-12-19 18:00:00,77,0.0
2013-12-19 19:00:00,76,0.0
2013-12-19 20:00:00,74,0.0
2013-12-19 21:00:00,75,0.0
2013-12-19 22:00:00,72,0.0
2013-12-19 23:00:00,42,0.0
2013-12-20 00:00:00,16,0.0
2013-12-20 01:00:00,30,0.0
2013-12-20 02:00:00,40,0.0
2013-12-20 03:00:00,40,0.0
2013-12-20 04:00:00,39,0.0
2013-12-20 05:00:00,39,0.0
2013-12-20 06:00:00,39,0.0
2013-12-20 07:00:00,54,0.03
2013-12-20 08:00:00,111,0.17
2013-12-20 09:00:00,83,0.36
2013-12-20 10:00:00,77,0.52
2013-12-20 11:00:00,73,0.52
2013-12-20 12:00:00,77,0.29
2013-12-20 13:00:00,76,0.3
2013-12-20 14:00:00,74,0.1
2013-12-20 15:00:00,73,0.04
2013-12-20 16:00:00,72,0.0
2013-12-20 17:00:00,79,0.0
2013-12-20 18:00:00,90,0.0
2013-12-20 19:00:00,111,0.0
2013-12-20 20:00:00,110,0.0
2013-12-20 21:00:00,108,0.0
2013-12-20 22:00:00,111,0.0
2013-12-20 23:00:00,75,0.0
2013-12-21 00:00:00,56,0.0
2013-12-21 01:00:00,38,0.0
2013-12-21 02:00:00,39,0.0
2013-12-21 03:00:00,39,0.0
2013-12-21 04:00:00,39,0.0
2013-12-21 05:00:00,39,0.0
2013-12-21 06:00:00,40,0.0
2013-12-21 07:00:00,45,0.06
2013-12-21 08:00:00,87,0.13
2013-12-21 09:00:00,114,0.28
2013-12-21 10:00:00,86,0.39
2013-12-21 11:00:00,78,0.21
2013-12-21 12:00:00,76,0.2
2013-12-21 13:00:00,76,0.15
2013-12-21 14:00:00,76,0.1
2013-12-21 15:00:00,68,0.03
2013-12-21 16:00:00,70,0.0
2013-12-21 17:00:00,73,0.0
2013-12-21 18:00:00,90,0.0
2013-12-21 19:00:00,102,0.0
2013-12-21 20:00:00,79,0.0
2013-12-21 21:00:00,99,0.0
2013-12-21 22:00:00,113,0.0
2013-12-21 23:00:00,72,0.0
2013-12-22 00:00:00,53,0.0
2013-12-22 01:00:00,38,0.0
2013-12-22 02:00:00,39,0.0
2013-12-22 03:00:00,39,0.0
2013-12-22 04:00:00,39,0.0
2013-12-22 05:00:00,39,0.0
2013-12-22 06:00:00,40,0.0
2013-12-22 07:00:00,52,0.02
2013-12-22 08:00:00,120,0.08
2013-12-22 09:00:00,114,0.11
2013-12-22 10:00:00,115,0.11
2013-12-22 11:00:00,108,0.15
2013-12-22 12:00:00,79,0.16
2013-12-22 13:00:00,75,0.14
2013-12-22 14:00:00,73,0.07
2013-12-22 15:00:00,67,0.03
2013-12-22 16:00:00,71,0.01
2013-12-22 17:00:00,79,0.0
2013-12-22 18:00:00,90,0.0
2013-12-22 19:00:00,112,0.0
2013-12-22 20:00:00,114,0.0
2013-12-22 21:00:00,115,0.0
2013-12-22 22:00:00,114,0.0
2013-12-22 23:00:00,74,0.0
2013-12-23 00:00:00,50,0.0
2013-12-23 01:00:00,38,0.0
2013-12-23 02:00:00,38,0.0
2013-12-23 03:00:00,39,0.0
2013-12-23 04:00:00,40,0.0
2013-12-23 05:00:00,40,0.0
2013-12-23 06:00:00,39,0.0
2013-12-23 07:00:00,57,0.07
2013-12-23 08:00:00,119,0.26
2013-12-23 09:00:00,116,0.42
2013-12-23 10:00:00,95,0.53
2013-12-23 11:00:00,84,0.57
2013-12-23 12:00:00,79,0.54
2013-12-23 13:00:00,78,0.45
2013-12-23 14:00:00,77,0.3
2013-12-23 15:00:00,76,0.05
2013-12-23 16:00:00,79,0.01
2013-12-23 17:00:00,84,0.0
2013-12-23 18:00:00,84,0.0
2013-12-23 19:00:00,85,0.0
2013-12-23 20:00:00,84,0.0
2013-12-23 21:00:00,83,0.0
2013-12-23 22:00:00,108,0.0
2013-12-23 23:00:00,53,0.0
2013-12-24 00:00:00,59,0.0
2013-12-24 01:00:00,38,0.0
2013-12-24 02:00:00,39,0.0
2013-12-24 03:00:00,39,0.0
2013-12-24 04:00:00,39,0.0
2013-12-24 05:00:00,39,0.0
2013-12-24 06:00:00,39,0.0
2013-12-24 07:00:00,52,0.08
2013-12-24 08:00:00,119,0.17
2013-12-24 09:00:00,118,0.18
2013-12-24 10:00:00,121,0.17
2013-12-24 11:00:00,114,0.12
2013-12-24 12:00:00,85,0.2
2013-12-24 13:00:00,86,0.16
2013-12-24 14:00:00,111,0.16
2013-12-24 15:00:00,79,0.05
2013-12-24 16:00:00,79,0.01
2013-12-24 17:00:00,118,0.0
2013-12-24 18:00:00,121,0.0
2013-12-24 19:00:00,119,0.0
2013-12-24 20:00:00,117,0.0
2013-12-24 21:00:00,120,0.0
2013-12-24 22:00:00,116,0.0
2013-12-24 23:00:00,76,0.0
2013-12-25 00:00:00,53,0.0
2013-12-25 01:00:00,38,0.0
2013-12-25 02:00:00,39,0.0
2013-12-25 03:00:00,39,0.0
2013-12-25 04:00:00,39,0.0
2013-12-25 05:00:00,39,0.0
2013-12-25 06:00:00,39,0.0
2013-12-25 07:00:00,51,0.04
2013-12-25 08:00:00,118,0.08
2013-12-25 09:00:00,122,0.14
2013-12-25 10:00:00,102,0.09
2013-12-25 11:00:00,86,0.08
2013-12-25 12:00:00,81,0.09
2013-12-25 13:00:00,75,0.13
2013-12-25 14:00:00,71,0.04
2013-12-25 15:00:00,70,0.02
2013-12-25 16:00:00,71,0.01
2013-12-25 17:00:00,79,0.0
2013-12-25 18:00:00,81,0.0
2013-12-25 19:00:00,78,0.0
2013-12-25 20:00:00,77,0.0
2013-12-25 21:00:00,75,0.0
2013-12-25 22:00:00,77,0.0
2013-12-25 23:00:00,37,0.0
2013-12-26 00:00:00,22,0.0
2013-12-26 01:00:00,5,0.0
2013-12-26 02:00:00,5,0.0
2013-12-26 03:00:00,18,0.0
2013-12-26 04:00:00,39,0.0
2013-12-26 05:00:00,39,0.0
2013-12-26 06:00:00,39,0.0
2013-12-26 07:00:00,45,0.01
2013-12-26 08:00:00,78,0.05
2013-12-26 09:00:00,119,0.1
2013-12-26 10:00:00,118,0.16
2013-12-26 11:00:00,86,0.14
2013-12-26 12:00:00,78,0.13
2013-12-26 13:00:00,72,0.18
2013-12-26 14:00:00,69,0.09
2013-12-26 15:00:00,67,0.04
2013-12-26 16:00:00,68,0.01
2013-12-26 17:00:00,76,0.0
2013-12-26 18:00:00,78,0.0
2013-12-26 19:00:00,78,0.0
2013-12-26 20:00:00,77,0.0
2013-12-26 21:00:00,72,0.0
2013-12-26 22:00:00,76,0.0
2013-12-26 23:00:00,44,0.0
2013-12-27 00:00:00,21,0.0
2013-12-27 01:00:00,5,0.0
2013-12-27 02:00:00,31,0.0
2013-12-27 03:00:00,31,0.0
2013-12-27 04:00:00,6,0.0
2013-12-27 05:00:00,6,0.0
2013-12-27 06:00:00,5,0.0
2013-12-27 07:00:00,11,0.05
2013-12-27 08:00:00,58,0.11
2013-12-27 09:00:00,78,0.14
2013-12-27 10:00:00,77,0.32
2013-12-27 11:00:00,74,0.34
2013-12-27 12:00:00,72,0.36
2013-12-27 13:00:00,73,0.32
2013-12-27 14:00:00,73,0.2
2013-12-27 15:00:00,74,0.05
2013-12-27 16:00:00,71,0.01
2013-12-27 17:00:00,77,0.0
2013-12-27 18:00:00,103,0.0
2013-12-27 19:00:00,110,0.0
2013-12-27 20:00:00,109,0.0
2013-12-27 21:00:00,108,0.0
2013-12-27 22:00:00,108,0.0
2013-12-27 23:00:00,70,0.0
2013-12-28 00:00:00,55,0.0
2013-12-28 01:00:00,39,0.0
2013-12-28 02:00:00,39,0.0
2013-12-28 03:00:00,39,0.0
2013-12-28 04:00:00,39,0.0
2013-12-28 05:00:00,39,0.0
2013-12-28 06:00:00,40,0.0
2013-12-28 07:00:00,45,0.07
2013-12-28 08:00:00,87,0.12
2013-12-28 09:00:00,115,0.25
2013-12-28 10:00:00,87,0.25
2013-12-28 11:00:00,75,0.28
2013-12-28 12:00:00,73,0.21
2013-12-28 13:00:00,72,0.17
2013-12-28 14:00:00,70,0.1
2013-12-28 15:00:00,74,0.04
2013-12-28 16:00:00,80,0.01
2013-12-28 17:00:00,111,0.0
2013-12-28 18:00:00,117,0.0
2013-12-28 19:00:00,97,0.0
2013-12-28 20:00:00,114,0.0
2013-12-28 21:00:00,112,0.0
2013-12-28 22:00:00,112,0.0
2013-12-28 23:00:00,74,0.0
2013-12-29 00:00:00,53,0.0
2013-12-29 01:00:00,38,0.0
2013-12-29 02:00:00,39,0.0
2013-12-29 03:00:00,39,0.0
2013-12-29 04:00:00,39,0.0
2013-12-29 05:00:00,39,0.0
2013-12-29 06:00:00,39,0.0
2013-12-29 07:00:00,63,0.08
2013-12-29 08:00:00,119,0.25
2013-12-29 09:00:00,115,0.34
2013-12-29 10:00:00,90,0.42
2013-12-29 11:00:00,80,0.32
2013-12-29 12:00:00,78,0.35
2013-12-29 13:00:00,75,0.26
2013-12-29 14:00:00,73,0.12
2013-12-29 15:00:00,84,0.05
2013-12-29 16:00:00,91,0.01
2013-12-29 17:00:00,81,0.0
2013-12-29 18:00:00,79,0.0
2013-12-29 19:00:00,81,0.0
2013-12-29 20:00:00,80,0.0
2013-12-29 21:00:00,94,0.0
2013-12-29 22:00:00,114,0.0
2013-12-29 23:00:00,70,0.0
2013-12-30 00:00:00,51,0.0
2013-12-30 01:00:00,38,0.0
2013-12-30 02:00:00,38,0.0
2013-12-30 03:00:00,39,0.0
2013-12-30 04:00:00,39,0.0
2013-12-30 05:00:00,39,0.0
2013-12-30 06:00:00,40,0.0
2013-12-30 07:00:00,58,0.02
2013-12-30 08:00:00,115,0.08
2013-12-30 09:00:00,113,0.1
2013-12-30 10:00:00,112,0.12
2013-12-30 11:00:00,112,0.12
2013-12-30 12:00:00,109,0.15
2013-12-30 13:00:00,109,0.13
2013-12-30 14:00:00,74,0.07
2013-12-30 15:00:00,73,0.03
2013-12-30 16:00:00,72,0.01
2013-12-30 17:00:00,77,0.0
2013-12-30 18:00:00,94,0.0
2013-12-30 19:00:00,98,0.0
2013-12-30 20:00:00,89,0.0
2013-12-30 21:00:00,111,0.0
2013-12-30 22:00:00,95,0.0
2013-12-30 23:00:00,73,0.0
2013-12-31 00:00:00,64,0.0
2013-12-31 01:00:00,30,0.0
2013-12-31 02:00:00,39,0.0
2013-12-31 03:00:00,40,0.0
2013-12-31 04:00:00,40,0.0
2013-12-31 05:00:00,40,0.0
2013-12-31 06:00:00,40,0.0
2013-12-31 07:00:00,52,0.03
2013-12-31 08:00:00,116,0.07
2013-12-31 09:00:00,115,0.14
2013-12-31 10:00:00,88,0.27
2013-12-31 11:00:00,80,0.3
2013-12-31 12:00:00,74,0.17
2013-12-31 13:00:00,70,0.12
2013-12-31 14:00:00,70,0.07
2013-12-31 15:00:00,68,0.03
2013-12-31 16:00:00,69,0.01
2013-12-31 17:00:00,76,0.0
2013-12-31 18:00:00,75,0.0
2013-12-31 19:00:00,36,0.0
2013-12-31 20:00:00,6,0.0
2013-12-31 21:00:00,6,0.0
2013-12-31 22:00:00,6,0.0
2013-12-31 23:00:00,5,0.0
2014-01-01 00:00:00,17,0.0
