,Demand_Power,RE_Power
2014-01-01 02:00:00,61,0.0
2014-01-01 03:00:00,65,0.0
2014-01-01 04:00:00,70,0.0
2014-01-01 05:00:00,74,0.0
2014-01-01 06:00:00,93,0.0
2014-01-01 07:00:00,96,0.05
2014-01-01 08:00:00,97,0.24
2014-01-01 09:00:00,88,0.4
2014-01-01 10:00:00,77,0.52
2014-01-01 11:00:00,65,0.56
2014-01-01 12:00:00,56,0.56
2014-01-01 13:00:00,52,0.46
2014-01-01 14:00:00,42,0.35
2014-01-01 15:00:00,49,0.09
2014-01-01 16:00:00,50,0.02
2014-01-01 17:00:00,62,0.0
2014-01-01 18:00:00,54,0.0
2014-01-01 19:00:00,53,0.0
2014-01-01 20:00:00,53,0.0
2014-01-01 21:00:00,49,0.0
2014-01-01 22:00:00,54,0.0
2014-01-01 23:00:00,54,0.0
2014-01-02 00:00:00,62,0.0
2014-01-02 01:00:00,54,0.0
2014-01-02 02:00:00,53,0.0
2014-01-02 03:00:00,60,0.0
2014-01-02 04:00:00,61,0.0
2014-01-02 05:00:00,70,0.0
2014-01-02 06:00:00,77,0.0
2014-01-02 07:00:00,86,0.04
2014-01-02 08:00:00,84,0.25
2014-01-02 09:00:00,62,0.34
2014-01-02 10:00:00,59,0.33
2014-01-02 11:00:00,50,0.21
2014-01-02 12:00:00,54,0.16
2014-01-02 13:00:00,54,0.13
2014-01-02 14:00:00,46,0.1
2014-01-02 15:00:00,48,0.05
2014-01-02 16:00:00,54,0.01
2014-01-02 17:00:00,66,0.0
2014-01-02 18:00:00,68,0.0
2014-01-02 19:00:00,59,0.0
2014-01-02 20:00:00,55,0.0
2014-01-02 21:00:00,48,0.0
2014-01-02 22:00:00,43,0.0
2014-01-02 23:00:00,48,0.0
2014-01-03 00:00:00,44,0.0
2014-01-03 01:00:00,52,0.0
2014-01-03 02:00:00,49,0.0
2014-01-03 03:00:00,53,0.0
2014-01-03 04:00:00,56,0.0
2014-01-03 05:00:00,63,0.0
2014-01-03 06:00:00,83,0.0
2014-01-03 07:00:00,85,0.02
2014-01-03 08:00:00,90,0.1
2014-01-03 09:00:00,78,0.42
2014-01-03 10:00:00,70,0.55
2014-01-03 11:00:00,51,0.59
2014-01-03 12:00:00,56,0.55
2014-01-03 13:00:00,48,0.46
2014-01-03 14:00:00,45,0.36
2014-01-03 15:00:00,57,0.1
2014-01-03 16:00:00,57,0.01
2014-01-03 17:00:00,55,0.0
2014-01-03 18:00:00,56,0.0
2014-01-03 19:00:00,57,0.0
2014-01-03 20:00:00,66,0.0
2014-01-03 21:00:00,60,0.0
2014-01-03 22:00:00,62,0.0
2014-01-03 23:00:00,61,0.0
2014-01-04 00:00:00,60,0.0
2014-01-04 01:00:00,70,0.0
2014-01-04 02:00:00,68,0.0
2014-01-04 03:00:00,66,0.0
2014-01-04 04:00:00,68,0.0
2014-01-04 05:00:00,68,0.0
2014-01-04 06:00:00,58,0.0
2014-01-04 07:00:00,83,0.04
2014-01-04 08:00:00,87,0.25
2014-01-04 09:00:00,91,0.41
2014-01-04 10:00:00,98,0.54
2014-01-04 11:00:00,73,0.59
2014-01-04 12:00:00,64,0.58
2014-01-04 13:00:00,67,0.5
2014-01-04 14:00:00,52,0.37
2014-01-04 15:00:00,44,0.12
2014-01-04 16:00:00,25,0.02
2014-01-04 17:00:00,31,0.0
2014-01-04 18:00:00,59,0.0
2014-01-04 19:00:00,56,0.0
2014-01-04 20:00:00,52,0.0
2014-01-04 21:00:00,44,0.0
2014-01-04 22:00:00,47,0.0
2014-01-04 23:00:00,46,0.0
2014-01-05 00:00:00,47,0.0
2014-01-05 01:00:00,52,0.0
2014-01-05 02:00:00,58,0.0
2014-01-05 03:00:00,71,0.0
2014-01-05 04:00:00,71,0.0
2014-01-05 05:00:00,73,0.0
2014-01-05 06:00:00,88,0.0
2014-01-05 07:00:00,86,0.04
2014-01-05 08:00:00,84,0.11
2014-01-05 09:00:00,73,0.21
2014-01-05 10:00:00,40,0.36
2014-01-05 11:00:00,43,0.58
2014-01-05 12:00:00,42,0.51
2014-01-05 13:00:00,40,0.45
2014-01-05 14:00:00,44,0.35
2014-01-05 15:00:00,37,0.13
2014-01-05 16:00:00,46,0.02
2014-01-05 17:00:00,55,0.0
2014-01-05 18:00:00,61,0.0
2014-01-05 19:00:00,60,0.0
2014-01-05 20:00:00,63,0.0
2014-01-05 21:00:00,54,0.0
2014-01-05 22:00:00,58,0.0
2014-01-05 23:00:00,57,0.0
2014-01-06 00:00:00,59,0.0
2014-01-06 01:00:00,62,0.0
2014-01-06 02:00:00,56,0.0
2014-01-06 03:00:00,58,0.0
2014-01-06 04:00:00,63,0.0
2014-01-06 05:00:00,54,0.0
2014-01-06 06:00:00,90,0.0
2014-01-06 07:00:00,91,0.04
2014-01-06 08:00:00,91,0.24
2014-01-06 09:00:00,91,0.4
2014-01-06 10:00:00,89,0.5
2014-01-06 11:00:00,86,0.49
2014-01-06 12:00:00,78,0.42
2014-01-06 13:00:00,79,0.2
2014-01-06 14:00:00,69,0.1
2014-01-06 15:00:00,67,0.05
2014-01-06 16:00:00,58,0.01
2014-01-06 17:00:00,72,0.0
2014-01-06 18:00:00,62,0.0
2014-01-06 19:00:00,64,0.0
2014-01-06 20:00:00,69,0.0
2014-01-06 21:00:00,57,0.0
2014-01-06 22:00:00,65,0.0
2014-01-06 23:00:00,69,0.0
2014-01-07 00:00:00,71,0.0
2014-01-07 01:00:00,72,0.0
2014-01-07 02:00:00,72,0.0
2014-01-07 03:00:00,73,0.0
2014-01-07 04:00:00,76,0.0
2014-01-07 05:00:00,82,0.0
2014-01-07 06:00:00,96,0.0
2014-01-07 07:00:00,94,0.02
2014-01-07 08:00:00,89,0.09
2014-01-07 09:00:00,86,0.22
2014-01-07 10:00:00,83,0.5
2014-01-07 11:00:00,90,0.43
2014-01-07 12:00:00,82,0.34
2014-01-07 13:00:00,71,0.22
2014-01-07 14:00:00,64,0.25
2014-01-07 15:00:00,63,0.13
2014-01-07 16:00:00,78,0.02
2014-01-07 17:00:00,92,0.0
2014-01-07 18:00:00,85,0.0
2014-01-07 19:00:00,74,0.0
2014-01-07 20:00:00,71,0.0
2014-01-07 21:00:00,62,0.0
2014-01-07 22:00:00,63,0.0
2014-01-07 23:00:00,61,0.0
2014-01-08 00:00:00,60,0.0
2014-01-08 01:00:00,60,0.0
2014-01-08 02:00:00,64,0.0
2014-01-08 03:00:00,59,0.0
2014-01-08 04:00:00,61,0.0
2014-01-08 05:00:00,63,0.0
2014-01-08 06:00:00,85,0.0
2014-01-08 07:00:00,82,0.04
2014-01-08 08:00:00,92,0.24
2014-01-08 09:00:00,91,0.4
2014-01-08 10:00:00,95,0.51
2014-01-08 11:00:00,93,0.59
2014-01-08 12:00:00,83,0.57
2014-01-08 13:00:00,81,0.48
2014-01-08 14:00:00,77,0.36
2014-01-08 15:00:00,86,0.13
2014-01-08 16:00:00,93,0.02
2014-01-08 17:00:00,94,0.0
2014-01-08 18:00:00,86,0.0
2014-01-08 19:00:00,82,0.0
2014-01-08 20:00:00,71,0.0
2014-01-08 21:00:00,59,0.0
2014-01-08 22:00:00,52,0.0
2014-01-08 23:00:00,53,0.0
2014-01-09 00:00:00,53,0.0
2014-01-09 01:00:00,45,0.0
2014-01-09 02:00:00,44,0.0
2014-01-09 03:00:00,45,0.0
2014-01-09 04:00:00,51,0.0
2014-01-09 05:00:00,50,0.0
2014-01-09 06:00:00,68,0.0
2014-01-09 07:00:00,84,0.04
2014-01-09 08:00:00,87,0.24
2014-01-09 09:00:00,88,0.4
2014-01-09 10:00:00,97,0.4
2014-01-09 11:00:00,89,0.53
2014-01-09 12:00:00,73,0.53
2014-01-09 13:00:00,64,0.45
2014-01-09 14:00:00,55,0.36
2014-01-09 15:00:00,65,0.14
2014-01-09 16:00:00,64,0.01
2014-01-09 17:00:00,69,0.0
2014-01-09 18:00:00,63,0.0
2014-01-09 19:00:00,73,0.0
2014-01-09 20:00:00,68,0.0
2014-01-09 21:00:00,58,0.0
2014-01-09 22:00:00,50,0.0
2014-01-09 23:00:00,50,0.0
2014-01-10 00:00:00,49,0.0
2014-01-10 01:00:00,50,0.0
2014-01-10 02:00:00,54,0.0
2014-01-10 03:00:00,53,0.0
2014-01-10 04:00:00,57,0.0
2014-01-10 05:00:00,61,0.0
2014-01-10 06:00:00,78,0.0
2014-01-10 07:00:00,75,0.03
2014-01-10 08:00:00,70,0.23
2014-01-10 09:00:00,63,0.39
2014-01-10 10:00:00,78,0.42
2014-01-10 11:00:00,82,0.46
2014-01-10 12:00:00,82,0.58
2014-01-10 13:00:00,72,0.5
2014-01-10 14:00:00,66,0.37
2014-01-10 15:00:00,64,0.15
2014-01-10 16:00:00,57,0.02
2014-01-10 17:00:00,66,0.0
2014-01-10 18:00:00,65,0.0
2014-01-10 19:00:00,69,0.0
2014-01-10 20:00:00,67,0.0
2014-01-10 21:00:00,56,0.0
2014-01-10 22:00:00,53,0.0
2014-01-10 23:00:00,55,0.0
2014-01-11 00:00:00,53,0.0
2014-01-11 01:00:00,57,0.0
2014-01-11 02:00:00,59,0.0
2014-01-11 03:00:00,62,0.0
2014-01-11 04:00:00,67,0.0
2014-01-11 05:00:00,73,0.0
2014-01-11 06:00:00,87,0.0
2014-01-11 07:00:00,94,0.04
2014-01-11 08:00:00,86,0.24
2014-01-11 09:00:00,76,0.41
2014-01-11 10:00:00,98,0.52
2014-01-11 11:00:00,82,0.58
2014-01-11 12:00:00,62,0.52
2014-01-11 13:00:00,52,0.48
2014-01-11 14:00:00,63,0.37
2014-01-11 15:00:00,59,0.13
2014-01-11 16:00:00,57,0.02
2014-01-11 17:00:00,73,0.0
2014-01-11 18:00:00,67,0.0
2014-01-11 19:00:00,67,0.0
2014-01-11 20:00:00,62,0.0
2014-01-11 21:00:00,60,0.0
2014-01-11 22:00:00,69,0.0
2014-01-11 23:00:00,68,0.0
2014-01-12 00:00:00,72,0.0
2014-01-12 01:00:00,72,0.0
2014-01-12 02:00:00,74,0.0
2014-01-12 03:00:00,76,0.0
2014-01-12 04:00:00,76,0.0
2014-01-12 05:00:00,82,0.0
2014-01-12 06:00:00,87,0.0
2014-01-12 07:00:00,85,0.04
2014-01-12 08:00:00,71,0.24
2014-01-12 09:00:00,58,0.4
2014-01-12 10:00:00,63,0.52
2014-01-12 11:00:00,55,0.32
2014-01-12 12:00:00,41,0.53
2014-01-12 13:00:00,47,0.46
2014-01-12 14:00:00,44,0.35
2014-01-12 15:00:00,52,0.15
2014-01-12 16:00:00,63,0.03
2014-01-12 17:00:00,72,0.0
2014-01-12 18:00:00,70,0.0
2014-01-12 19:00:00,72,0.0
2014-01-12 20:00:00,67,0.0
2014-01-12 21:00:00,67,0.0
2014-01-12 22:00:00,66,0.0
2014-01-12 23:00:00,65,0.0
2014-01-13 00:00:00,63,0.0
2014-01-13 01:00:00,61,0.0
2014-01-13 02:00:00,61,0.0
2014-01-13 03:00:00,66,0.0
2014-01-13 04:00:00,69,0.0
2014-01-13 05:00:00,73,0.0
2014-01-13 06:00:00,89,0.0
2014-01-13 07:00:00,88,0.04
2014-01-13 08:00:00,88,0.24
2014-01-13 09:00:00,84,0.4
2014-01-13 10:00:00,85,0.5
2014-01-13 11:00:00,63,0.57
2014-01-13 12:00:00,56,0.54
2014-01-13 13:00:00,61,0.41
2014-01-13 14:00:00,64,0.33
2014-01-13 15:00:00,62,0.09
2014-01-13 16:00:00,60,0.02
2014-01-13 17:00:00,74,0.0
2014-01-13 18:00:00,66,0.0
2014-01-13 19:00:00,67,0.0
2014-01-13 20:00:00,68,0.0
2014-01-13 21:00:00,62,0.0
2014-01-13 22:00:00,64,0.0
2014-01-13 23:00:00,65,0.0
2014-01-14 00:00:00,64,0.0
2014-01-14 01:00:00,65,0.0
2014-01-14 02:00:00,65,0.0
2014-01-14 03:00:00,63,0.0
2014-01-14 04:00:00,63,0.0
2014-01-14 05:00:00,74,0.0
2014-01-14 06:00:00,91,0.0
2014-01-14 07:00:00,91,0.01
2014-01-14 08:00:00,89,0.03
2014-01-14 09:00:00,93,0.04
2014-01-14 10:00:00,99,0.04
2014-01-14 11:00:00,92,0.04
2014-01-14 12:00:00,91,0.05
2014-01-14 13:00:00,77,0.07
2014-01-14 14:00:00,72,0.03
2014-01-14 15:00:00,77,0.03
2014-01-14 16:00:00,79,0.01
2014-01-14 17:00:00,94,0.0
2014-01-14 18:00:00,72,0.0
2014-01-14 19:00:00,68,0.0
2014-01-14 20:00:00,76,0.0
2014-01-14 21:00:00,68,0.0
2014-01-14 22:00:00,67,0.0
2014-01-14 23:00:00,69,0.0
2014-01-15 00:00:00,68,0.0
2014-01-15 01:00:00,66,0.0
2014-01-15 02:00:00,65,0.0
2014-01-15 03:00:00,64,0.0
2014-01-15 04:00:00,61,0.0
2014-01-15 05:00:00,64,0.0
2014-01-15 06:00:00,90,0.0
2014-01-15 07:00:00,85,0.03
2014-01-15 08:00:00,76,0.22
2014-01-15 09:00:00,90,0.32
2014-01-15 10:00:00,103,0.3
2014-01-15 11:00:00,102,0.38
2014-01-15 12:00:00,103,0.5
2014-01-15 13:00:00,102,0.29
2014-01-15 14:00:00,96,0.12
2014-01-15 15:00:00,87,0.08
2014-01-15 16:00:00,81,0.02
2014-01-15 17:00:00,98,0.0
2014-01-15 18:00:00,78,0.0
2014-01-15 19:00:00,77,0.0
2014-01-15 20:00:00,72,0.0
2014-01-15 21:00:00,73,0.0
2014-01-15 22:00:00,70,0.0
2014-01-15 23:00:00,73,0.0
2014-01-16 00:00:00,75,0.0
2014-01-16 01:00:00,75,0.0
2014-01-16 02:00:00,73,0.0
2014-01-16 03:00:00,74,0.0
2014-01-16 04:00:00,76,0.0
2014-01-16 05:00:00,81,0.0
2014-01-16 06:00:00,96,0.0
2014-01-16 07:00:00,89,0.03
2014-01-16 08:00:00,72,0.15
2014-01-16 09:00:00,74,0.42
2014-01-16 10:00:00,91,0.52
2014-01-16 11:00:00,92,0.61
2014-01-16 12:00:00,86,0.58
2014-01-16 13:00:00,66,0.52
2014-01-16 14:00:00,60,0.38
2014-01-16 15:00:00,58,0.15
2014-01-16 16:00:00,55,0.03
2014-01-16 17:00:00,71,0.0
2014-01-16 18:00:00,83,0.0
2014-01-16 19:00:00,94,0.0
2014-01-16 20:00:00,94,0.0
2014-01-16 21:00:00,73,0.0
2014-01-16 22:00:00,72,0.0
2014-01-16 23:00:00,70,0.0
2014-01-17 00:00:00,73,0.0
2014-01-17 01:00:00,70,0.0
2014-01-17 02:00:00,71,0.0
2014-01-17 03:00:00,80,0.0
2014-01-17 04:00:00,82,0.0
2014-01-17 05:00:00,84,0.0
2014-01-17 06:00:00,96,0.0
2014-01-17 07:00:00,99,0.03
2014-01-17 08:00:00,91,0.24
2014-01-17 09:00:00,90,0.42
2014-01-17 10:00:00,97,0.46
2014-01-17 11:00:00,91,0.34
2014-01-17 12:00:00,83,0.44
2014-01-17 13:00:00,71,0.49
2014-01-17 14:00:00,66,0.38
2014-01-17 15:00:00,68,0.17
2014-01-17 16:00:00,70,0.03
2014-01-17 17:00:00,85,0.0
2014-01-17 18:00:00,81,0.0
2014-01-17 19:00:00,71,0.0
2014-01-17 20:00:00,70,0.0
2014-01-17 21:00:00,59,0.0
2014-01-17 22:00:00,62,0.0
2014-01-17 23:00:00,59,0.0
2014-01-18 00:00:00,65,0.0
2014-01-18 01:00:00,66,0.0
2014-01-18 02:00:00,68,0.0
2014-01-18 03:00:00,72,0.0
2014-01-18 04:00:00,74,0.0
2014-01-18 05:00:00,78,0.0
2014-01-18 06:00:00,92,0.0
2014-01-18 07:00:00,96,0.04
2014-01-18 08:00:00,90,0.26
2014-01-18 09:00:00,88,0.43
2014-01-18 10:00:00,92,0.58
2014-01-18 11:00:00,82,0.66
2014-01-18 12:00:00,76,0.66
2014-01-18 13:00:00,78,0.57
2014-01-18 14:00:00,71,0.42
2014-01-18 15:00:00,75,0.19
2014-01-18 16:00:00,63,0.03
2014-01-18 17:00:00,75,0.0
2014-01-18 18:00:00,65,0.0
2014-01-18 19:00:00,81,0.0
2014-01-18 20:00:00,69,0.0
2014-01-18 21:00:00,67,0.0
2014-01-18 22:00:00,62,0.0
2014-01-18 23:00:00,64,0.0
2014-01-19 00:00:00,66,0.0
2014-01-19 01:00:00,65,0.0
2014-01-19 02:00:00,64,0.0
2014-01-19 03:00:00,64,0.0
2014-01-19 04:00:00,72,0.0
2014-01-19 05:00:00,77,0.0
2014-01-19 06:00:00,91,0.0
2014-01-19 07:00:00,88,0.05
2014-01-19 08:00:00,89,0.24
2014-01-19 09:00:00,66,0.42
2014-01-19 10:00:00,52,0.54
2014-01-19 11:00:00,56,0.62
2014-01-19 12:00:00,53,0.64
2014-01-19 13:00:00,47,0.51
2014-01-19 14:00:00,62,0.37
2014-01-19 15:00:00,57,0.19
2014-01-19 16:00:00,52,0.03
2014-01-19 17:00:00,74,0.0
2014-01-19 18:00:00,72,0.0
2014-01-19 19:00:00,64,0.0
2014-01-19 20:00:00,69,0.0
2014-01-19 21:00:00,62,0.0
2014-01-19 22:00:00,62,0.0
2014-01-19 23:00:00,65,0.0
2014-01-20 00:00:00,69,0.0
2014-01-20 01:00:00,64,0.0
2014-01-20 02:00:00,69,0.0
2014-01-20 03:00:00,65,0.0
2014-01-20 04:00:00,68,0.0
2014-01-20 05:00:00,72,0.0
2014-01-20 06:00:00,89,0.0
2014-01-20 07:00:00,87,0.04
2014-01-20 08:00:00,84,0.25
2014-01-20 09:00:00,83,0.42
2014-01-20 10:00:00,92,0.54
2014-01-20 11:00:00,93,0.62
2014-01-20 12:00:00,64,0.61
2014-01-20 13:00:00,55,0.52
2014-01-20 14:00:00,66,0.4
2014-01-20 15:00:00,59,0.19
2014-01-20 16:00:00,75,0.03
2014-01-20 17:00:00,94,0.0
2014-01-20 18:00:00,91,0.0
2014-01-20 19:00:00,82,0.0
2014-01-20 20:00:00,78,0.0
2014-01-20 21:00:00,71,0.0
2014-01-20 22:00:00,63,0.0
2014-01-20 23:00:00,69,0.0
2014-01-21 00:00:00,68,0.0
2014-01-21 01:00:00,71,0.0
2014-01-21 02:00:00,73,0.0
2014-01-21 03:00:00,75,0.0
2014-01-21 04:00:00,72,0.0
2014-01-21 05:00:00,71,0.0
2014-01-21 06:00:00,92,0.0
2014-01-21 07:00:00,93,0.04
2014-01-21 08:00:00,82,0.21
2014-01-21 09:00:00,81,0.42
2014-01-21 10:00:00,80,0.53
2014-01-21 11:00:00,84,0.58
2014-01-21 12:00:00,66,0.6
2014-01-21 13:00:00,53,0.52
2014-01-21 14:00:00,63,0.19
2014-01-21 15:00:00,81,0.09
2014-01-21 16:00:00,83,0.03
2014-01-21 17:00:00,90,0.0
2014-01-21 18:00:00,76,0.0
2014-01-21 19:00:00,62,0.0
2014-01-21 20:00:00,65,0.0
2014-01-21 21:00:00,52,0.0
2014-01-21 22:00:00,53,0.0
2014-01-21 23:00:00,56,0.0
2014-01-22 00:00:00,58,0.0
2014-01-22 01:00:00,60,0.0
2014-01-22 02:00:00,60,0.0
2014-01-22 03:00:00,61,0.0
2014-01-22 04:00:00,66,0.0
2014-01-22 05:00:00,74,0.0
2014-01-22 06:00:00,90,0.0
2014-01-22 07:00:00,86,0.01
2014-01-22 08:00:00,93,0.02
2014-01-22 09:00:00,89,0.05
2014-01-22 10:00:00,101,0.06
2014-01-22 11:00:00,86,0.19
2014-01-22 12:00:00,73,0.21
2014-01-22 13:00:00,74,0.5
2014-01-22 14:00:00,73,0.4
2014-01-22 15:00:00,72,0.2
2014-01-22 16:00:00,54,0.03
2014-01-22 17:00:00,70,0.0
2014-01-22 18:00:00,73,0.0
2014-01-22 19:00:00,78,0.0
2014-01-22 20:00:00,67,0.0
2014-01-22 21:00:00,63,0.0
2014-01-22 22:00:00,61,0.0
2014-01-22 23:00:00,65,0.0
2014-01-23 00:00:00,65,0.0
2014-01-23 01:00:00,57,0.0
2014-01-23 02:00:00,55,0.0
2014-01-23 03:00:00,52,0.0
2014-01-23 04:00:00,58,0.0
2014-01-23 05:00:00,59,0.0
2014-01-23 06:00:00,81,0.0
2014-01-23 07:00:00,76,0.02
2014-01-23 08:00:00,67,0.07
2014-01-23 09:00:00,69,0.11
2014-01-23 10:00:00,85,0.13
2014-01-23 11:00:00,92,0.15
2014-01-23 12:00:00,81,0.12
2014-01-23 13:00:00,57,0.09
2014-01-23 14:00:00,63,0.08
2014-01-23 15:00:00,66,0.06
2014-01-23 16:00:00,54,0.01
2014-01-23 17:00:00,64,0.0
2014-01-23 18:00:00,65,0.0
2014-01-23 19:00:00,62,0.0
2014-01-23 20:00:00,68,0.0
2014-01-23 21:00:00,57,0.0
2014-01-23 22:00:00,61,0.0
2014-01-23 23:00:00,64,0.0
2014-01-24 00:00:00,63,0.0
2014-01-24 01:00:00,60,0.0
2014-01-24 02:00:00,62,0.0
2014-01-24 03:00:00,61,0.0
2014-01-24 04:00:00,60,0.0
2014-01-24 05:00:00,64,0.0
2014-01-24 06:00:00,84,0.0
2014-01-24 07:00:00,80,0.03
2014-01-24 08:00:00,77,0.1
2014-01-24 09:00:00,93,0.34
2014-01-24 10:00:00,92,0.56
2014-01-24 11:00:00,82,0.61
2014-01-24 12:00:00,67,0.27
2014-01-24 13:00:00,58,0.51
2014-01-24 14:00:00,60,0.42
2014-01-24 15:00:00,65,0.19
2014-01-24 16:00:00,66,0.03
2014-01-24 17:00:00,77,0.0
2014-01-24 18:00:00,59,0.0
2014-01-24 19:00:00,56,0.0
2014-01-24 20:00:00,60,0.0
2014-01-24 21:00:00,57,0.0
2014-01-24 22:00:00,58,0.0
2014-01-24 23:00:00,65,0.0
2014-01-25 00:00:00,62,0.0
2014-01-25 01:00:00,66,0.0
2014-01-25 02:00:00,69,0.0
2014-01-25 03:00:00,72,0.0
2014-01-25 04:00:00,70,0.0
2014-01-25 05:00:00,76,0.0
2014-01-25 06:00:00,95,0.0
2014-01-25 07:00:00,77,0.03
2014-01-25 08:00:00,58,0.11
2014-01-25 09:00:00,69,0.11
2014-01-25 10:00:00,72,0.29
2014-01-25 11:00:00,81,0.59
2014-01-25 12:00:00,68,0.53
2014-01-25 13:00:00,63,0.57
2014-01-25 14:00:00,66,0.36
2014-01-25 15:00:00,71,0.24
2014-01-25 16:00:00,60,0.03
2014-01-25 17:00:00,72,0.0
2014-01-25 18:00:00,58,0.0
2014-01-25 19:00:00,59,0.0
2014-01-25 20:00:00,56,0.0
2014-01-25 21:00:00,53,0.0
2014-01-25 22:00:00,50,0.0
2014-01-25 23:00:00,50,0.0
2014-01-26 00:00:00,53,0.0
2014-01-26 01:00:00,57,0.0
2014-01-26 02:00:00,56,0.0
2014-01-26 03:00:00,58,0.0
2014-01-26 04:00:00,54,0.0
2014-01-26 05:00:00,60,0.0
2014-01-26 06:00:00,74,0.0
2014-01-26 07:00:00,74,0.03
2014-01-26 08:00:00,72,0.09
2014-01-26 09:00:00,63,0.21
2014-01-26 10:00:00,44,0.28
2014-01-26 11:00:00,46,0.21
2014-01-26 12:00:00,28,0.17
2014-01-26 13:00:00,31,0.16
2014-01-26 14:00:00,27,0.12
2014-01-26 15:00:00,41,0.1
2014-01-26 16:00:00,39,0.02
2014-01-26 17:00:00,60,0.0
2014-01-26 18:00:00,59,0.0
2014-01-26 19:00:00,54,0.0
2014-01-26 20:00:00,52,0.0
2014-01-26 21:00:00,48,0.0
2014-01-26 22:00:00,51,0.0
2014-01-26 23:00:00,57,0.0
2014-01-27 00:00:00,57,0.0
2014-01-27 01:00:00,59,0.0
2014-01-27 02:00:00,62,0.0
2014-01-27 03:00:00,64,0.0
2014-01-27 04:00:00,65,0.0
2014-01-27 05:00:00,72,0.0
2014-01-27 06:00:00,89,0.0
2014-01-27 07:00:00,82,0.05
2014-01-27 08:00:00,86,0.28
2014-01-27 09:00:00,90,0.46
2014-01-27 10:00:00,90,0.59
2014-01-27 11:00:00,66,0.65
2014-01-27 12:00:00,59,0.65
2014-01-27 13:00:00,55,0.58
2014-01-27 14:00:00,57,0.46
2014-01-27 15:00:00,69,0.27
2014-01-27 16:00:00,68,0.05
2014-01-27 17:00:00,81,0.0
2014-01-27 18:00:00,69,0.0
2014-01-27 19:00:00,67,0.0
2014-01-27 20:00:00,71,0.0
2014-01-27 21:00:00,63,0.0
2014-01-27 22:00:00,65,0.0
2014-01-27 23:00:00,63,0.0
2014-01-28 00:00:00,61,0.0
2014-01-28 01:00:00,67,0.0
2014-01-28 02:00:00,68,0.0
2014-01-28 03:00:00,69,0.0
2014-01-28 04:00:00,71,0.0
2014-01-28 05:00:00,75,0.0
2014-01-28 06:00:00,95,0.0
2014-01-28 07:00:00,90,0.05
2014-01-28 08:00:00,93,0.29
2014-01-28 09:00:00,91,0.46
2014-01-28 10:00:00,89,0.59
2014-01-28 11:00:00,73,0.62
2014-01-28 12:00:00,69,0.61
2014-01-28 13:00:00,51,0.58
2014-01-28 14:00:00,62,0.44
2014-01-28 15:00:00,56,0.27
2014-01-28 16:00:00,55,0.05
2014-01-28 17:00:00,62,0.0
2014-01-28 18:00:00,65,0.0
2014-01-28 19:00:00,63,0.0
2014-01-28 20:00:00,58,0.0
2014-01-28 21:00:00,52,0.0
2014-01-28 22:00:00,50,0.0
2014-01-28 23:00:00,48,0.0
2014-01-29 00:00:00,52,0.0
2014-01-29 01:00:00,49,0.0
2014-01-29 02:00:00,48,0.0
2014-01-29 03:00:00,46,0.0
2014-01-29 04:00:00,47,0.0
2014-01-29 05:00:00,51,0.0
2014-01-29 06:00:00,66,0.0
2014-01-29 07:00:00,61,0.05
2014-01-29 08:00:00,64,0.27
2014-01-29 09:00:00,71,0.45
2014-01-29 10:00:00,88,0.61
2014-01-29 11:00:00,87,0.67
2014-01-29 12:00:00,75,0.69
2014-01-29 13:00:00,56,0.59
2014-01-29 14:00:00,46,0.42
2014-01-29 15:00:00,60,0.25
2014-01-29 16:00:00,54,0.07
2014-01-29 17:00:00,61,0.0
2014-01-29 18:00:00,75,0.0
2014-01-29 19:00:00,70,0.0
2014-01-29 20:00:00,59,0.0
2014-01-29 21:00:00,47,0.0
2014-01-29 22:00:00,55,0.0
2014-01-29 23:00:00,49,0.0
2014-01-30 00:00:00,54,0.0
2014-01-30 01:00:00,52,0.0
2014-01-30 02:00:00,55,0.0
2014-01-30 03:00:00,57,0.0
2014-01-30 04:00:00,60,0.0
2014-01-30 05:00:00,59,0.0
2014-01-30 06:00:00,75,0.0
2014-01-30 07:00:00,71,0.05
2014-01-30 08:00:00,59,0.27
2014-01-30 09:00:00,61,0.45
2014-01-30 10:00:00,78,0.58
2014-01-30 11:00:00,77,0.66
2014-01-30 12:00:00,55,0.65
2014-01-30 13:00:00,58,0.58
2014-01-30 14:00:00,68,0.44
2014-01-30 15:00:00,70,0.25
2014-01-30 16:00:00,62,0.07
2014-01-30 17:00:00,69,0.0
2014-01-30 18:00:00,52,0.0
2014-01-30 19:00:00,59,0.0
2014-01-30 20:00:00,61,0.0
2014-01-30 21:00:00,51,0.0
2014-01-30 22:00:00,56,0.0
2014-01-30 23:00:00,55,0.0
2014-01-31 00:00:00,58,0.0
2014-01-31 01:00:00,56,0.0
2014-01-31 02:00:00,62,0.0
2014-01-31 03:00:00,58,0.0
2014-01-31 04:00:00,51,0.0
2014-01-31 05:00:00,55,0.0
2014-01-31 06:00:00,62,0.0
2014-01-31 07:00:00,57,0.05
2014-01-31 08:00:00,61,0.28
2014-01-31 09:00:00,62,0.45
2014-01-31 10:00:00,59,0.58
2014-01-31 11:00:00,58,0.69
2014-01-31 12:00:00,49,0.64
2014-01-31 13:00:00,55,0.56
2014-01-31 14:00:00,45,0.38
2014-01-31 15:00:00,54,0.23
2014-01-31 16:00:00,55,0.04
2014-01-31 17:00:00,50,0.0
2014-01-31 18:00:00,57,0.0
2014-01-31 19:00:00,53,0.0
2014-01-31 20:00:00,59,0.0
2014-01-31 21:00:00,48,0.0
2014-01-31 22:00:00,50,0.0
2014-01-31 23:00:00,45,0.0
2014-02-01 00:00:00,44,0.0
2014-02-01 01:00:00,48,0.0
2014-02-01 02:00:00,49,0.0
2014-02-01 03:00:00,54,0.0
2014-02-01 04:00:00,56,0.0
2014-02-01 05:00:00,63,0.0
2014-02-01 06:00:00,79,0.0
2014-02-01 07:00:00,72,0.05
2014-02-01 08:00:00,76,0.28
2014-02-01 09:00:00,69,0.46
2014-02-01 10:00:00,78,0.62
2014-02-01 11:00:00,77,0.69
2014-02-01 12:00:00,69,0.69
2014-02-01 13:00:00,61,0.57
2014-02-01 14:00:00,40,0.43
2014-02-01 15:00:00,48,0.27
2014-02-01 16:00:00,56,0.08
2014-02-01 17:00:00,65,0.0
2014-02-01 18:00:00,66,0.0
2014-02-01 19:00:00,70,0.0
2014-02-01 20:00:00,59,0.0
2014-02-01 21:00:00,50,0.0
2014-02-01 22:00:00,53,0.0
2014-02-01 23:00:00,52,0.0
2014-02-02 00:00:00,53,0.0
2014-02-02 01:00:00,58,0.0
2014-02-02 02:00:00,59,0.0
2014-02-02 03:00:00,59,0.0
2014-02-02 04:00:00,50,0.0
2014-02-02 05:00:00,54,0.0
2014-02-02 06:00:00,71,0.0
2014-02-02 07:00:00,65,0.05
2014-02-02 08:00:00,95,0.19
2014-02-02 09:00:00,78,0.35
2014-02-02 10:00:00,78,0.54
2014-02-02 11:00:00,87,0.59
2014-02-02 12:00:00,79,0.62
2014-02-02 13:00:00,64,0.43
2014-02-02 14:00:00,54,0.44
2014-02-02 15:00:00,62,0.29
2014-02-02 16:00:00,44,0.08
2014-02-02 17:00:00,51,0.0
2014-02-02 18:00:00,51,0.0
2014-02-02 19:00:00,60,0.0
2014-02-02 20:00:00,61,0.0
2014-02-02 21:00:00,58,0.0
2014-02-02 22:00:00,55,0.0
2014-02-02 23:00:00,58,0.0
2014-02-03 00:00:00,62,0.0
2014-02-03 01:00:00,63,0.0
2014-02-03 02:00:00,68,0.0
2014-02-03 03:00:00,65,0.0
2014-02-03 04:00:00,68,0.0
2014-02-03 05:00:00,71,0.0
2014-02-03 06:00:00,85,0.0
2014-02-03 07:00:00,81,0.05
2014-02-03 08:00:00,81,0.29
2014-02-03 09:00:00,80,0.47
2014-02-03 10:00:00,67,0.6
2014-02-03 11:00:00,63,0.66
2014-02-03 12:00:00,60,0.65
2014-02-03 13:00:00,56,0.56
2014-02-03 14:00:00,63,0.44
2014-02-03 15:00:00,71,0.19
2014-02-03 16:00:00,60,0.04
2014-02-03 17:00:00,64,0.0
2014-02-03 18:00:00,56,0.0
2014-02-03 19:00:00,51,0.0
2014-02-03 20:00:00,52,0.0
2014-02-03 21:00:00,46,0.0
2014-02-03 22:00:00,39,0.0
2014-02-03 23:00:00,44,0.0
2014-02-04 00:00:00,40,0.0
2014-02-04 01:00:00,39,0.0
2014-02-04 02:00:00,42,0.0
2014-02-04 03:00:00,40,0.0
2014-02-04 04:00:00,40,0.0
2014-02-04 05:00:00,42,0.0
2014-02-04 06:00:00,55,0.0
2014-02-04 07:00:00,60,0.06
2014-02-04 08:00:00,58,0.29
2014-02-04 09:00:00,77,0.47
2014-02-04 10:00:00,97,0.6
2014-02-04 11:00:00,101,0.69
2014-02-04 12:00:00,103,0.68
2014-02-04 13:00:00,101,0.58
2014-02-04 14:00:00,103,0.45
2014-02-04 15:00:00,101,0.29
2014-02-04 16:00:00,101,0.09
2014-02-04 17:00:00,100,0.01
2014-02-04 18:00:00,91,0.0
2014-02-04 19:00:00,81,0.0
2014-02-04 20:00:00,83,0.0
2014-02-04 21:00:00,78,0.0
2014-02-04 22:00:00,83,0.0
2014-02-04 23:00:00,81,0.0
2014-02-05 00:00:00,84,0.0
2014-02-05 01:00:00,86,0.0
2014-02-05 02:00:00,86,0.0
2014-02-05 03:00:00,87,0.0
2014-02-05 04:00:00,86,0.0
2014-02-05 05:00:00,93,0.0
2014-02-05 06:00:00,97,0.01
2014-02-05 07:00:00,101,0.05
2014-02-05 08:00:00,96,0.26
2014-02-05 09:00:00,98,0.45
2014-02-05 10:00:00,101,0.56
2014-02-05 11:00:00,102,0.3
2014-02-05 12:00:00,98,0.49
2014-02-05 13:00:00,98,0.32
2014-02-05 14:00:00,91,0.27
2014-02-05 15:00:00,78,0.19
2014-02-05 16:00:00,88,0.05
2014-02-05 17:00:00,95,0.01
2014-02-05 18:00:00,90,0.0
2014-02-05 19:00:00,85,0.0
2014-02-05 20:00:00,82,0.0
2014-02-05 21:00:00,70,0.0
2014-02-05 22:00:00,65,0.0
2014-02-05 23:00:00,63,0.0
2014-02-06 00:00:00,65,0.0
2014-02-06 01:00:00,69,0.0
2014-02-06 02:00:00,73,0.0
2014-02-06 03:00:00,75,0.0
2014-02-06 04:00:00,79,0.0
2014-02-06 05:00:00,83,0.0
2014-02-06 06:00:00,101,0.01
2014-02-06 07:00:00,96,0.06
2014-02-06 08:00:00,76,0.28
2014-02-06 09:00:00,74,0.46
2014-02-06 10:00:00,81,0.48
2014-02-06 11:00:00,77,0.61
2014-02-06 12:00:00,74,0.61
2014-02-06 13:00:00,84,0.49
2014-02-06 14:00:00,85,0.19
2014-02-06 15:00:00,99,0.09
2014-02-06 16:00:00,98,0.03
2014-02-06 17:00:00,90,0.01
2014-02-06 18:00:00,78,0.0
2014-02-06 19:00:00,85,0.0
2014-02-06 20:00:00,80,0.0
2014-02-06 21:00:00,64,0.0
2014-02-06 22:00:00,68,0.0
2014-02-06 23:00:00,65,0.0
2014-02-07 00:00:00,67,0.0
2014-02-07 01:00:00,73,0.0
2014-02-07 02:00:00,72,0.0
2014-02-07 03:00:00,72,0.0
2014-02-07 04:00:00,71,0.0
2014-02-07 05:00:00,79,0.0
2014-02-07 06:00:00,91,0.01
2014-02-07 07:00:00,89,0.06
2014-02-07 08:00:00,83,0.3
2014-02-07 09:00:00,88,0.48
2014-02-07 10:00:00,85,0.6
2014-02-07 11:00:00,96,0.67
2014-02-07 12:00:00,80,0.68
2014-02-07 13:00:00,74,0.6
2014-02-07 14:00:00,81,0.48
2014-02-07 15:00:00,76,0.3
2014-02-07 16:00:00,79,0.09
2014-02-07 17:00:00,82,0.01
2014-02-07 18:00:00,87,0.0
2014-02-07 19:00:00,74,0.0
2014-02-07 20:00:00,75,0.0
2014-02-07 21:00:00,68,0.0
2014-02-07 22:00:00,62,0.0
2014-02-07 23:00:00,66,0.0
2014-02-08 00:00:00,60,0.0
2014-02-08 01:00:00,59,0.0
2014-02-08 02:00:00,58,0.0
2014-02-08 03:00:00,62,0.0
2014-02-08 04:00:00,63,0.0
2014-02-08 05:00:00,75,0.0
2014-02-08 06:00:00,91,0.01
2014-02-08 07:00:00,90,0.05
2014-02-08 08:00:00,93,0.18
2014-02-08 09:00:00,96,0.34
2014-02-08 10:00:00,100,0.6
2014-02-08 11:00:00,100,0.67
2014-02-08 12:00:00,98,0.66
2014-02-08 13:00:00,98,0.6
2014-02-08 14:00:00,102,0.46
2014-02-08 15:00:00,103,0.3
2014-02-08 16:00:00,102,0.06
2014-02-08 17:00:00,102,0.01
2014-02-08 18:00:00,103,0.0
2014-02-08 19:00:00,102,0.0
2014-02-08 20:00:00,99,0.0
2014-02-08 21:00:00,91,0.0
2014-02-08 22:00:00,92,0.0
2014-02-08 23:00:00,83,0.0
2014-02-09 00:00:00,84,0.0
2014-02-09 01:00:00,78,0.0
2014-02-09 02:00:00,77,0.0
2014-02-09 03:00:00,77,0.0
2014-02-09 04:00:00,82,0.0
2014-02-09 05:00:00,77,0.0
2014-02-09 06:00:00,92,0.01
2014-02-09 07:00:00,92,0.03
2014-02-09 08:00:00,86,0.15
2014-02-09 09:00:00,74,0.48
2014-02-09 10:00:00,71,0.62
2014-02-09 11:00:00,54,0.66
2014-02-09 12:00:00,60,0.65
2014-02-09 13:00:00,48,0.62
2014-02-09 14:00:00,47,0.48
2014-02-09 15:00:00,62,0.33
2014-02-09 16:00:00,51,0.1
2014-02-09 17:00:00,55,0.01
2014-02-09 18:00:00,66,0.0
2014-02-09 19:00:00,71,0.0
2014-02-09 20:00:00,76,0.0
2014-02-09 21:00:00,67,0.0
2014-02-09 22:00:00,59,0.0
2014-02-09 23:00:00,57,0.0
2014-02-10 00:00:00,60,0.0
2014-02-10 01:00:00,58,0.0
2014-02-10 02:00:00,59,0.0
2014-02-10 03:00:00,58,0.0
2014-02-10 04:00:00,57,0.0
2014-02-10 05:00:00,66,0.0
2014-02-10 06:00:00,77,0.01
2014-02-10 07:00:00,82,0.06
2014-02-10 08:00:00,78,0.32
2014-02-10 09:00:00,73,0.47
2014-02-10 10:00:00,74,0.47
2014-02-10 11:00:00,68,0.23
2014-02-10 12:00:00,53,0.21
2014-02-10 13:00:00,48,0.32
2014-02-10 14:00:00,56,0.13
2014-02-10 15:00:00,53,0.11
2014-02-10 16:00:00,43,0.03
2014-02-10 17:00:00,54,0.01
2014-02-10 18:00:00,60,0.0
2014-02-10 19:00:00,64,0.0
2014-02-10 20:00:00,71,0.0
2014-02-10 21:00:00,64,0.0
2014-02-10 22:00:00,64,0.0
2014-02-10 23:00:00,69,0.0
2014-02-11 00:00:00,66,0.0
2014-02-11 01:00:00,65,0.0
2014-02-11 02:00:00,64,0.0
2014-02-11 03:00:00,69,0.0
2014-02-11 04:00:00,66,0.0
2014-02-11 05:00:00,81,0.0
2014-02-11 06:00:00,90,0.01
2014-02-11 07:00:00,93,0.01
2014-02-11 08:00:00,82,0.04
2014-02-11 09:00:00,87,0.08
2014-02-11 10:00:00,89,0.09
2014-02-11 11:00:00,89,0.09
2014-02-11 12:00:00,80,0.11
2014-02-11 13:00:00,75,0.11
2014-02-11 14:00:00,70,0.1
2014-02-11 15:00:00,61,0.07
2014-02-11 16:00:00,55,0.03
2014-02-11 17:00:00,66,0.01
2014-02-11 18:00:00,61,0.0
2014-02-11 19:00:00,57,0.0
2014-02-11 20:00:00,69,0.0
2014-02-11 21:00:00,60,0.0
2014-02-11 22:00:00,57,0.0
2014-02-11 23:00:00,58,0.0
2014-02-12 00:00:00,60,0.0
2014-02-12 01:00:00,61,0.0
2014-02-12 02:00:00,62,0.0
2014-02-12 03:00:00,65,0.0
2014-02-12 04:00:00,56,0.0
2014-02-12 05:00:00,64,0.0
2014-02-12 06:00:00,77,0.01
2014-02-12 07:00:00,74,0.03
2014-02-12 08:00:00,65,0.1
2014-02-12 09:00:00,71,0.31
2014-02-12 10:00:00,73,0.38
2014-02-12 11:00:00,77,0.4
2014-02-12 12:00:00,69,0.24
2014-02-12 13:00:00,59,0.27
2014-02-12 14:00:00,57,0.18
2014-02-12 15:00:00,70,0.11
2014-02-12 16:00:00,69,0.03
2014-02-12 17:00:00,76,0.01
2014-02-12 18:00:00,65,0.0
2014-02-12 19:00:00,62,0.0
2014-02-12 20:00:00,57,0.0
2014-02-12 21:00:00,56,0.0
2014-02-12 22:00:00,57,0.0
2014-02-12 23:00:00,57,0.0
2014-02-13 00:00:00,59,0.0
2014-02-13 01:00:00,60,0.0
2014-02-13 02:00:00,63,0.0
2014-02-13 03:00:00,64,0.0
2014-02-13 04:00:00,66,0.0
2014-02-13 05:00:00,73,0.0
2014-02-13 06:00:00,90,0.01
2014-02-13 07:00:00,90,0.07
2014-02-13 08:00:00,93,0.34
2014-02-13 09:00:00,88,0.53
2014-02-13 10:00:00,83,0.66
2014-02-13 11:00:00,91,0.75
2014-02-13 12:00:00,83,0.73
2014-02-13 13:00:00,72,0.66
2014-02-13 14:00:00,65,0.53
2014-02-13 15:00:00,72,0.35
2014-02-13 16:00:00,71,0.12
2014-02-13 17:00:00,58,0.01
2014-02-13 18:00:00,61,0.0
2014-02-13 19:00:00,58,0.0
2014-02-13 20:00:00,64,0.0
2014-02-13 21:00:00,57,0.0
2014-02-13 22:00:00,62,0.0
2014-02-13 23:00:00,63,0.0
2014-02-14 00:00:00,58,0.0
2014-02-14 01:00:00,61,0.0
2014-02-14 02:00:00,62,0.0
2014-02-14 03:00:00,61,0.0
2014-02-14 04:00:00,65,0.0
2014-02-14 05:00:00,72,0.0
2014-02-14 06:00:00,83,0.01
2014-02-14 07:00:00,75,0.06
2014-02-14 08:00:00,70,0.19
2014-02-14 09:00:00,84,0.41
2014-02-14 10:00:00,100,0.58
2014-02-14 11:00:00,100,0.35
2014-02-14 12:00:00,100,0.21
2014-02-14 13:00:00,98,0.14
2014-02-14 14:00:00,101,0.1
2014-02-14 15:00:00,96,0.03
2014-02-14 16:00:00,95,0.01
2014-02-14 17:00:00,97,0.01
2014-02-14 18:00:00,91,0.0
2014-02-14 19:00:00,91,0.0
2014-02-14 20:00:00,96,0.0
2014-02-14 21:00:00,81,0.0
2014-02-14 22:00:00,83,0.0
2014-02-14 23:00:00,82,0.0
2014-02-15 00:00:00,81,0.0
2014-02-15 01:00:00,75,0.0
2014-02-15 02:00:00,69,0.0
2014-02-15 03:00:00,63,0.0
2014-02-15 04:00:00,64,0.0
2014-02-15 05:00:00,24,0.0
2014-02-15 06:00:00,51,0.01
2014-02-15 07:00:00,64,0.06
2014-02-15 08:00:00,73,0.18
2014-02-15 09:00:00,77,0.49
2014-02-15 10:00:00,93,0.6
2014-02-15 11:00:00,98,0.59
2014-02-15 12:00:00,101,0.62
2014-02-15 13:00:00,102,0.48
2014-02-15 14:00:00,102,0.46
2014-02-15 15:00:00,100,0.26
2014-02-15 16:00:00,98,0.11
2014-02-15 17:00:00,99,0.01
2014-02-15 18:00:00,86,0.0
2014-02-15 19:00:00,83,0.0
2014-02-15 20:00:00,83,0.0
2014-02-15 21:00:00,78,0.0
2014-02-15 22:00:00,74,0.0
2014-02-15 23:00:00,72,0.0
2014-02-16 00:00:00,68,0.0
2014-02-16 01:00:00,73,0.0
2014-02-16 02:00:00,76,0.0
2014-02-16 03:00:00,64,0.0
2014-02-16 04:00:00,60,0.0
2014-02-16 05:00:00,67,0.0
2014-02-16 06:00:00,71,0.01
2014-02-16 07:00:00,64,0.1
2014-02-16 08:00:00,63,0.34
2014-02-16 09:00:00,66,0.53
2014-02-16 10:00:00,67,0.69
2014-02-16 11:00:00,59,0.77
2014-02-16 12:00:00,54,0.76
2014-02-16 13:00:00,55,0.63
2014-02-16 14:00:00,41,0.53
2014-02-16 15:00:00,41,0.33
2014-02-16 16:00:00,43,0.11
2014-02-16 17:00:00,58,0.01
2014-02-16 18:00:00,59,0.0
2014-02-16 19:00:00,59,0.0
2014-02-16 20:00:00,63,0.0
2014-02-16 21:00:00,57,0.0
2014-02-16 22:00:00,63,0.0
2014-02-16 23:00:00,67,0.0
2014-02-17 00:00:00,65,0.0
2014-02-17 01:00:00,61,0.0
2014-02-17 02:00:00,58,0.0
2014-02-17 03:00:00,63,0.0
2014-02-17 04:00:00,64,0.0
2014-02-17 05:00:00,63,0.0
2014-02-17 06:00:00,76,0.01
2014-02-17 07:00:00,78,0.04
2014-02-17 08:00:00,73,0.11
2014-02-17 09:00:00,80,0.18
2014-02-17 10:00:00,78,0.23
2014-02-17 11:00:00,79,0.24
2014-02-17 12:00:00,68,0.42
2014-02-17 13:00:00,56,0.19
2014-02-17 14:00:00,69,0.11
2014-02-17 15:00:00,61,0.06
2014-02-17 16:00:00,54,0.05
2014-02-17 17:00:00,52,0.01
2014-02-17 18:00:00,60,0.0
2014-02-17 19:00:00,67,0.0
2014-02-17 20:00:00,60,0.0
2014-02-17 21:00:00,53,0.0
2014-02-17 22:00:00,51,0.0
2014-02-17 23:00:00,54,0.0
2014-02-18 00:00:00,57,0.0
2014-02-18 01:00:00,56,0.0
2014-02-18 02:00:00,58,0.0
2014-02-18 03:00:00,57,0.0
2014-02-18 04:00:00,58,0.0
2014-02-18 05:00:00,63,0.0
2014-02-18 06:00:00,76,0.01
2014-02-18 07:00:00,68,0.06
2014-02-18 08:00:00,68,0.3
2014-02-18 09:00:00,79,0.52
2014-02-18 10:00:00,86,0.65
2014-02-18 11:00:00,77,0.72
2014-02-18 12:00:00,73,0.69
2014-02-18 13:00:00,67,0.57
2014-02-18 14:00:00,65,0.51
2014-02-18 15:00:00,62,0.35
2014-02-18 16:00:00,57,0.13
2014-02-18 17:00:00,58,0.01
2014-02-18 18:00:00,58,0.0
2014-02-18 19:00:00,63,0.0
2014-02-18 20:00:00,60,0.0
2014-02-18 21:00:00,59,0.0
2014-02-18 22:00:00,60,0.0
2014-02-18 23:00:00,62,0.0
2014-02-19 00:00:00,63,0.0
2014-02-19 01:00:00,63,0.0
2014-02-19 02:00:00,66,0.0
2014-02-19 03:00:00,61,0.0
2014-02-19 04:00:00,61,0.0
2014-02-19 05:00:00,67,0.0
2014-02-19 06:00:00,88,0.01
2014-02-19 07:00:00,93,0.07
2014-02-19 08:00:00,89,0.16
2014-02-19 09:00:00,89,0.33
2014-02-19 10:00:00,93,0.53
2014-02-19 11:00:00,86,0.61
2014-02-19 12:00:00,80,0.51
2014-02-19 13:00:00,76,0.56
2014-02-19 14:00:00,67,0.49
2014-02-19 15:00:00,74,0.19
2014-02-19 16:00:00,62,0.06
2014-02-19 17:00:00,60,0.01
2014-02-19 18:00:00,59,0.0
2014-02-19 19:00:00,58,0.0
2014-02-19 20:00:00,58,0.0
2014-02-19 21:00:00,58,0.0
2014-02-19 22:00:00,62,0.0
2014-02-19 23:00:00,64,0.0
2014-02-20 00:00:00,62,0.0
2014-02-20 01:00:00,60,0.0
2014-02-20 02:00:00,59,0.0
2014-02-20 03:00:00,65,0.0
2014-02-20 04:00:00,68,0.0
2014-02-20 05:00:00,72,0.0
2014-02-20 06:00:00,89,0.01
2014-02-20 07:00:00,85,0.09
2014-02-20 08:00:00,66,0.34
2014-02-20 09:00:00,72,0.51
2014-02-20 10:00:00,75,0.64
2014-02-20 11:00:00,68,0.58
2014-02-20 12:00:00,63,0.56
2014-02-20 13:00:00,63,0.3
2014-02-20 14:00:00,76,0.18
2014-02-20 15:00:00,55,0.09
2014-02-20 16:00:00,54,0.05
2014-02-20 17:00:00,58,0.01
2014-02-20 18:00:00,61,0.0
2014-02-20 19:00:00,62,0.0
2014-02-20 20:00:00,61,0.0
2014-02-20 21:00:00,62,0.0
2014-02-20 22:00:00,59,0.0
2014-02-20 23:00:00,65,0.0
2014-02-21 00:00:00,68,0.0
2014-02-21 01:00:00,71,0.0
2014-02-21 02:00:00,73,0.0
2014-02-21 03:00:00,75,0.0
2014-02-21 04:00:00,75,0.0
2014-02-21 05:00:00,80,0.0
2014-02-21 06:00:00,93,0.01
2014-02-21 07:00:00,90,0.08
2014-02-21 08:00:00,87,0.34
2014-02-21 09:00:00,81,0.51
2014-02-21 10:00:00,77,0.66
2014-02-21 11:00:00,72,0.68
2014-02-21 12:00:00,72,0.48
2014-02-21 13:00:00,63,0.42
2014-02-21 14:00:00,63,0.15
2014-02-21 15:00:00,47,0.14
2014-02-21 16:00:00,51,0.06
2014-02-21 17:00:00,58,0.01
2014-02-21 18:00:00,58,0.0
2014-02-21 19:00:00,57,0.0
2014-02-21 20:00:00,59,0.0
2014-02-21 21:00:00,52,0.0
2014-02-21 22:00:00,60,0.0
2014-02-21 23:00:00,63,0.0
2014-02-22 00:00:00,60,0.0
2014-02-22 01:00:00,65,0.0
2014-02-22 02:00:00,65,0.0
2014-02-22 03:00:00,65,0.0
2014-02-22 04:00:00,66,0.0
2014-02-22 05:00:00,72,0.0
2014-02-22 06:00:00,84,0.01
2014-02-22 07:00:00,81,0.1
2014-02-22 08:00:00,78,0.37
2014-02-22 09:00:00,69,0.55
2014-02-22 10:00:00,72,0.69
2014-02-22 11:00:00,80,0.77
2014-02-22 12:00:00,68,0.75
2014-02-22 13:00:00,67,0.68
2014-02-22 14:00:00,55,0.53
2014-02-22 15:00:00,55,0.35
2014-02-22 16:00:00,50,0.13
2014-02-22 17:00:00,58,0.01
2014-02-22 18:00:00,58,0.0
2014-02-22 19:00:00,64,0.0
2014-02-22 20:00:00,67,0.0
2014-02-22 21:00:00,53,0.0
2014-02-22 22:00:00,54,0.0
2014-02-22 23:00:00,57,0.0
2014-02-23 00:00:00,63,0.0
2014-02-23 01:00:00,67,0.0
2014-02-23 02:00:00,69,0.0
2014-02-23 03:00:00,68,0.0
2014-02-23 04:00:00,70,0.0
2014-02-23 05:00:00,76,0.0
2014-02-23 06:00:00,92,0.01
2014-02-23 07:00:00,90,0.11
2014-02-23 08:00:00,85,0.37
2014-02-23 09:00:00,74,0.55
2014-02-23 10:00:00,66,0.68
2014-02-23 11:00:00,66,0.74
2014-02-23 12:00:00,58,0.75
2014-02-23 13:00:00,54,0.66
2014-02-23 14:00:00,48,0.54
2014-02-23 15:00:00,56,0.34
2014-02-23 16:00:00,52,0.11
2014-02-23 17:00:00,47,0.01
2014-02-23 18:00:00,45,0.0
2014-02-23 19:00:00,53,0.0
2014-02-23 20:00:00,50,0.0
2014-02-23 21:00:00,55,0.0
2014-02-23 22:00:00,55,0.0
2014-02-23 23:00:00,59,0.0
2014-02-24 00:00:00,55,0.0
2014-02-24 01:00:00,60,0.0
2014-02-24 02:00:00,61,0.0
2014-02-24 03:00:00,59,0.0
2014-02-24 04:00:00,60,0.0
2014-02-24 05:00:00,66,0.0
2014-02-24 06:00:00,80,0.01
2014-02-24 07:00:00,68,0.04
2014-02-24 08:00:00,66,0.07
2014-02-24 09:00:00,71,0.13
2014-02-24 10:00:00,86,0.14
2014-02-24 11:00:00,75,0.12
2014-02-24 12:00:00,68,0.13
2014-02-24 13:00:00,57,0.21
2014-02-24 14:00:00,58,0.11
2014-02-24 15:00:00,53,0.05
2014-02-24 16:00:00,44,0.03
2014-02-24 17:00:00,47,0.01
2014-02-24 18:00:00,47,0.0
2014-02-24 19:00:00,54,0.0
2014-02-24 20:00:00,58,0.0
2014-02-24 21:00:00,55,0.0
2014-02-24 22:00:00,55,0.0
2014-02-24 23:00:00,61,0.0
2014-02-25 00:00:00,62,0.0
2014-02-25 01:00:00,64,0.0
2014-02-25 02:00:00,65,0.0
2014-02-25 03:00:00,74,0.0
2014-02-25 04:00:00,74,0.0
2014-02-25 05:00:00,79,0.0
2014-02-25 06:00:00,91,0.03
2014-02-25 07:00:00,91,0.1
2014-02-25 08:00:00,89,0.35
2014-02-25 09:00:00,92,0.47
2014-02-25 10:00:00,86,0.57
2014-02-25 11:00:00,74,0.57
2014-02-25 12:00:00,68,0.53
2014-02-25 13:00:00,57,0.57
2014-02-25 14:00:00,46,0.4
2014-02-25 15:00:00,44,0.13
2014-02-25 16:00:00,42,0.07
2014-02-25 17:00:00,47,0.01
2014-02-25 18:00:00,48,0.0
2014-02-25 19:00:00,49,0.0
2014-02-25 20:00:00,54,0.0
2014-02-25 21:00:00,41,0.0
2014-02-25 22:00:00,49,0.0
2014-02-25 23:00:00,58,0.0
2014-02-26 00:00:00,59,0.0
2014-02-26 01:00:00,61,0.0
2014-02-26 02:00:00,63,0.0
2014-02-26 03:00:00,65,0.0
2014-02-26 04:00:00,66,0.0
2014-02-26 05:00:00,71,0.0
2014-02-26 06:00:00,86,0.01
2014-02-26 07:00:00,85,0.12
2014-02-26 08:00:00,80,0.39
2014-02-26 09:00:00,79,0.53
2014-02-26 10:00:00,86,0.72
2014-02-26 11:00:00,79,0.72
2014-02-26 12:00:00,63,0.52
2014-02-26 13:00:00,52,0.35
2014-02-26 14:00:00,45,0.3
2014-02-26 15:00:00,45,0.17
2014-02-26 16:00:00,48,0.16
2014-02-26 17:00:00,49,0.01
2014-02-26 18:00:00,52,0.0
2014-02-26 19:00:00,49,0.0
2014-02-26 20:00:00,54,0.0
2014-02-26 21:00:00,49,0.0
2014-02-26 22:00:00,47,0.0
2014-02-26 23:00:00,48,0.0
2014-02-27 00:00:00,52,0.0
2014-02-27 01:00:00,54,0.0
2014-02-27 02:00:00,56,0.0
2014-02-27 03:00:00,57,0.0
2014-02-27 04:00:00,58,0.0
2014-02-27 05:00:00,63,0.0
2014-02-27 06:00:00,72,0.01
2014-02-27 07:00:00,73,0.12
2014-02-27 08:00:00,65,0.24
2014-02-27 09:00:00,64,0.53
2014-02-27 10:00:00,77,0.68
2014-02-27 11:00:00,75,0.72
2014-02-27 12:00:00,65,0.63
2014-02-27 13:00:00,67,0.46
2014-02-27 14:00:00,70,0.48
2014-02-27 15:00:00,59,0.32
2014-02-27 16:00:00,56,0.1
2014-02-27 17:00:00,59,0.01
2014-02-27 18:00:00,52,0.0
2014-02-27 19:00:00,51,0.0
2014-02-27 20:00:00,48,0.0
2014-02-27 21:00:00,43,0.0
2014-02-27 22:00:00,38,0.0
2014-02-27 23:00:00,44,0.0
2014-02-28 00:00:00,41,0.0
2014-02-28 01:00:00,42,0.0
2014-02-28 02:00:00,40,0.0
2014-02-28 03:00:00,41,0.0
2014-02-28 04:00:00,40,0.0
2014-02-28 05:00:00,44,0.0
2014-02-28 06:00:00,62,0.0
2014-02-28 07:00:00,60,0.02
2014-02-28 08:00:00,61,0.03
2014-02-28 09:00:00,46,0.04
2014-02-28 10:00:00,54,0.05
2014-02-28 11:00:00,50,0.06
2014-02-28 12:00:00,46,0.05
2014-02-28 13:00:00,40,0.05
2014-02-28 14:00:00,35,0.04
2014-02-28 15:00:00,39,0.04
2014-02-28 16:00:00,39,0.03
2014-02-28 17:00:00,40,0.01
2014-02-28 18:00:00,41,0.0
2014-02-28 19:00:00,37,0.0
2014-02-28 20:00:00,30,0.0
2014-02-28 21:00:00,24,0.0
2014-02-28 22:00:00,22,0.0
2014-02-28 23:00:00,22,0.0
2014-03-01 00:00:00,29,0.0
2014-03-01 01:00:00,25,0.0
2014-03-01 02:00:00,30,0.0
2014-03-01 03:00:00,24,0.0
2014-03-01 04:00:00,30,0.0
2014-03-01 05:00:00,31,0.0
2014-03-01 06:00:00,41,0.02
2014-03-01 07:00:00,40,0.11
2014-03-01 08:00:00,36,0.43
2014-03-01 09:00:00,51,0.62
2014-03-01 10:00:00,66,0.75
2014-03-01 11:00:00,72,0.81
2014-03-01 12:00:00,63,0.82
2014-03-01 13:00:00,75,0.76
2014-03-01 14:00:00,72,0.59
2014-03-01 15:00:00,81,0.42
2014-03-01 16:00:00,70,0.17
2014-03-01 17:00:00,69,0.02
2014-03-01 18:00:00,54,0.0
2014-03-01 19:00:00,55,0.0
2014-03-01 20:00:00,57,0.0
2014-03-01 21:00:00,55,0.0
2014-03-01 22:00:00,63,0.0
2014-03-01 23:00:00,56,0.0
2014-03-02 00:00:00,59,0.0
2014-03-02 01:00:00,54,0.0
2014-03-02 02:00:00,56,0.0
2014-03-02 03:00:00,59,0.0
2014-03-02 04:00:00,56,0.0
2014-03-02 05:00:00,66,0.0
2014-03-02 06:00:00,62,0.02
2014-03-02 07:00:00,65,0.12
2014-03-02 08:00:00,65,0.42
2014-03-02 09:00:00,62,0.61
2014-03-02 10:00:00,57,0.76
2014-03-02 11:00:00,63,0.84
2014-03-02 12:00:00,60,0.85
2014-03-02 13:00:00,63,0.7
2014-03-02 14:00:00,71,0.59
2014-03-02 15:00:00,69,0.4
2014-03-02 16:00:00,64,0.17
2014-03-02 17:00:00,76,0.02
2014-03-02 18:00:00,68,0.0
2014-03-02 19:00:00,67,0.0
2014-03-02 20:00:00,68,0.0
2014-03-02 21:00:00,59,0.0
2014-03-02 22:00:00,58,0.0
2014-03-02 23:00:00,56,0.0
2014-03-03 00:00:00,50,0.0
2014-03-03 01:00:00,52,0.0
2014-03-03 02:00:00,57,0.0
2014-03-03 03:00:00,58,0.0
2014-03-03 04:00:00,55,0.0
2014-03-03 05:00:00,61,0.0
2014-03-03 06:00:00,74,0.02
2014-03-03 07:00:00,73,0.13
2014-03-03 08:00:00,73,0.42
2014-03-03 09:00:00,83,0.59
2014-03-03 10:00:00,88,0.72
2014-03-03 11:00:00,77,0.76
2014-03-03 12:00:00,74,0.76
2014-03-03 13:00:00,63,0.69
2014-03-03 14:00:00,57,0.56
2014-03-03 15:00:00,49,0.39
2014-03-03 16:00:00,45,0.17
2014-03-03 17:00:00,48,0.02
2014-03-03 18:00:00,53,0.0
2014-03-03 19:00:00,57,0.0
2014-03-03 20:00:00,62,0.0
2014-03-03 21:00:00,54,0.0
2014-03-03 22:00:00,59,0.0
2014-03-03 23:00:00,62,0.0
2014-03-04 00:00:00,68,0.0
2014-03-04 01:00:00,63,0.0
2014-03-04 02:00:00,67,0.0
2014-03-04 03:00:00,63,0.0
2014-03-04 04:00:00,66,0.0
2014-03-04 05:00:00,75,0.0
2014-03-04 06:00:00,89,0.03
2014-03-04 07:00:00,82,0.12
2014-03-04 08:00:00,80,0.4
2014-03-04 09:00:00,85,0.59
2014-03-04 10:00:00,82,0.7
2014-03-04 11:00:00,76,0.73
2014-03-04 12:00:00,68,0.72
2014-03-04 13:00:00,63,0.61
2014-03-04 14:00:00,65,0.39
2014-03-04 15:00:00,53,0.16
2014-03-04 16:00:00,50,0.07
2014-03-04 17:00:00,55,0.02
2014-03-04 18:00:00,62,0.0
2014-03-04 19:00:00,61,0.0
2014-03-04 20:00:00,60,0.0
2014-03-04 21:00:00,53,0.0
2014-03-04 22:00:00,52,0.0
2014-03-04 23:00:00,52,0.0
2014-03-05 00:00:00,51,0.0
2014-03-05 01:00:00,53,0.0
2014-03-05 02:00:00,56,0.0
2014-03-05 03:00:00,54,0.0
2014-03-05 04:00:00,54,0.0
2014-03-05 05:00:00,60,0.0
2014-03-05 06:00:00,76,0.03
2014-03-05 07:00:00,63,0.11
2014-03-05 08:00:00,65,0.32
2014-03-05 09:00:00,72,0.58
2014-03-05 10:00:00,91,0.7
2014-03-05 11:00:00,89,0.72
2014-03-05 12:00:00,91,0.72
2014-03-05 13:00:00,86,0.51
2014-03-05 14:00:00,79,0.13
2014-03-05 15:00:00,87,0.14
2014-03-05 16:00:00,78,0.07
2014-03-05 17:00:00,80,0.01
2014-03-05 18:00:00,73,0.0
2014-03-05 19:00:00,65,0.0
2014-03-05 20:00:00,66,0.0
2014-03-05 21:00:00,58,0.0
2014-03-05 22:00:00,42,0.0
2014-03-05 23:00:00,40,0.0
2014-03-06 00:00:00,42,0.0
2014-03-06 01:00:00,44,0.0
2014-03-06 02:00:00,54,0.0
2014-03-06 03:00:00,53,0.0
2014-03-06 04:00:00,54,0.0
2014-03-06 05:00:00,62,0.0
2014-03-06 06:00:00,73,0.02
2014-03-06 07:00:00,71,0.1
2014-03-06 08:00:00,70,0.34
2014-03-06 09:00:00,69,0.35
2014-03-06 10:00:00,82,0.49
2014-03-06 11:00:00,77,0.3
2014-03-06 12:00:00,67,0.19
2014-03-06 13:00:00,69,0.09
2014-03-06 14:00:00,63,0.09
2014-03-06 15:00:00,63,0.11
2014-03-06 16:00:00,51,0.04
2014-03-06 17:00:00,55,0.01
2014-03-06 18:00:00,63,0.0
2014-03-06 19:00:00,62,0.0
2014-03-06 20:00:00,58,0.0
2014-03-06 21:00:00,58,0.0
2014-03-06 22:00:00,55,0.0
2014-03-06 23:00:00,57,0.0
2014-03-07 00:00:00,57,0.0
2014-03-07 01:00:00,61,0.0
2014-03-07 02:00:00,60,0.0
2014-03-07 03:00:00,60,0.0
2014-03-07 04:00:00,59,0.0
2014-03-07 05:00:00,66,0.0
2014-03-07 06:00:00,77,0.01
2014-03-07 07:00:00,71,0.04
2014-03-07 08:00:00,63,0.08
2014-03-07 09:00:00,58,0.13
2014-03-07 10:00:00,66,0.18
2014-03-07 11:00:00,68,0.16
2014-03-07 12:00:00,69,0.11
2014-03-07 13:00:00,70,0.08
2014-03-07 14:00:00,61,0.08
2014-03-07 15:00:00,69,0.05
2014-03-07 16:00:00,66,0.02
2014-03-07 17:00:00,60,0.01
2014-03-07 18:00:00,65,0.0
2014-03-07 19:00:00,58,0.0
2014-03-07 20:00:00,63,0.0
2014-03-07 21:00:00,59,0.0
2014-03-07 22:00:00,54,0.0
2014-03-07 23:00:00,61,0.0
2014-03-08 00:00:00,59,0.0
2014-03-08 01:00:00,60,0.0
2014-03-08 02:00:00,61,0.0
2014-03-08 03:00:00,58,0.0
2014-03-08 04:00:00,58,0.0
2014-03-08 05:00:00,66,0.0
2014-03-08 06:00:00,86,0.03
2014-03-08 07:00:00,81,0.15
2014-03-08 08:00:00,70,0.42
2014-03-08 09:00:00,70,0.6
2014-03-08 10:00:00,83,0.73
2014-03-08 11:00:00,74,0.78
2014-03-08 12:00:00,71,0.79
2014-03-08 13:00:00,62,0.7
2014-03-08 14:00:00,54,0.45
2014-03-08 15:00:00,54,0.25
2014-03-08 16:00:00,65,0.14
2014-03-08 17:00:00,70,0.03
2014-03-08 18:00:00,67,0.0
2014-03-08 19:00:00,61,0.0
2014-03-08 20:00:00,58,0.0
2014-03-08 21:00:00,48,0.0
2014-03-08 22:00:00,48,0.0
2014-03-08 23:00:00,51,0.0
2014-03-09 00:00:00,53,0.0
2014-03-09 01:00:00,52,0.0
2014-03-09 02:00:00,56,0.0
2014-03-09 03:00:00,57,0.0
2014-03-09 04:00:00,55,0.0
2014-03-09 05:00:00,62,0.0
2014-03-09 06:00:00,76,0.01
2014-03-09 07:00:00,76,0.07
2014-03-09 08:00:00,70,0.08
2014-03-09 09:00:00,53,0.06
2014-03-09 10:00:00,29,0.07
2014-03-09 11:00:00,29,0.05
2014-03-09 12:00:00,26,0.06
2014-03-09 13:00:00,30,0.05
2014-03-09 14:00:00,31,0.04
2014-03-09 15:00:00,27,0.03
2014-03-09 16:00:00,29,0.02
2014-03-09 17:00:00,37,0.01
2014-03-09 18:00:00,51,0.0
2014-03-09 19:00:00,52,0.0
2014-03-09 20:00:00,56,0.0
2014-03-09 21:00:00,51,0.0
2014-03-09 22:00:00,56,0.0
2014-03-09 23:00:00,56,0.0
2014-03-10 00:00:00,58,0.0
2014-03-10 01:00:00,65,0.0
2014-03-10 02:00:00,62,0.0
2014-03-10 03:00:00,60,0.0
2014-03-10 04:00:00,55,0.0
2014-03-10 05:00:00,57,0.0
2014-03-10 06:00:00,66,0.01
2014-03-10 07:00:00,63,0.06
2014-03-10 08:00:00,64,0.14
2014-03-10 09:00:00,58,0.18
2014-03-10 10:00:00,73,0.27
2014-03-10 11:00:00,59,0.3
2014-03-10 12:00:00,52,0.34
2014-03-10 13:00:00,55,0.16
2014-03-10 14:00:00,44,0.13
2014-03-10 15:00:00,51,0.09
2014-03-10 16:00:00,49,0.05
2014-03-10 17:00:00,54,0.01
2014-03-10 18:00:00,60,0.0
2014-03-10 19:00:00,61,0.0
2014-03-10 20:00:00,64,0.0
2014-03-10 21:00:00,56,0.0
2014-03-10 22:00:00,55,0.0
2014-03-10 23:00:00,59,0.0
2014-03-11 00:00:00,63,0.0
2014-03-11 01:00:00,64,0.0
2014-03-11 02:00:00,63,0.0
2014-03-11 03:00:00,61,0.0
2014-03-11 04:00:00,60,0.0
2014-03-11 05:00:00,61,0.0
2014-03-11 06:00:00,78,0.01
2014-03-11 07:00:00,73,0.06
2014-03-11 08:00:00,56,0.11
2014-03-11 09:00:00,57,0.16
2014-03-11 10:00:00,61,0.13
2014-03-11 11:00:00,64,0.24
2014-03-11 12:00:00,62,0.32
2014-03-11 13:00:00,63,0.27
2014-03-11 14:00:00,58,0.39
2014-03-11 15:00:00,52,0.11
2014-03-11 16:00:00,51,0.06
2014-03-11 17:00:00,48,0.01
2014-03-11 18:00:00,47,0.0
2014-03-11 19:00:00,49,0.0
2014-03-11 20:00:00,60,0.0
2014-03-11 21:00:00,50,0.0
2014-03-11 22:00:00,50,0.0
2014-03-11 23:00:00,51,0.0
2014-03-12 00:00:00,51,0.0
2014-03-12 01:00:00,54,0.0
2014-03-12 02:00:00,60,0.0
2014-03-12 03:00:00,59,0.0
2014-03-12 04:00:00,61,0.0
2014-03-12 05:00:00,63,0.0
2014-03-12 06:00:00,75,0.03
2014-03-12 07:00:00,70,0.16
2014-03-12 08:00:00,64,0.42
2014-03-12 09:00:00,52,0.59
2014-03-12 10:00:00,62,0.6
2014-03-12 11:00:00,57,0.79
2014-03-12 12:00:00,47,0.8
2014-03-12 13:00:00,41,0.57
2014-03-12 14:00:00,42,0.48
2014-03-12 15:00:00,45,0.19
2014-03-12 16:00:00,38,0.1
2014-03-12 17:00:00,40,0.03
2014-03-12 18:00:00,53,0.0
2014-03-12 19:00:00,47,0.0
2014-03-12 20:00:00,50,0.0
2014-03-12 21:00:00,42,0.0
2014-03-12 22:00:00,39,0.0
2014-03-12 23:00:00,38,0.0
2014-03-13 00:00:00,38,0.0
2014-03-13 01:00:00,40,0.0
2014-03-13 02:00:00,40,0.0
2014-03-13 03:00:00,43,0.0
2014-03-13 04:00:00,48,0.0
2014-03-13 05:00:00,52,0.0
2014-03-13 06:00:00,61,0.03
2014-03-13 07:00:00,60,0.12
2014-03-13 08:00:00,49,0.4
2014-03-13 09:00:00,41,0.61
2014-03-13 10:00:00,64,0.78
2014-03-13 11:00:00,62,0.45
2014-03-13 12:00:00,60,0.71
2014-03-13 13:00:00,68,0.73
2014-03-13 14:00:00,68,0.6
2014-03-13 15:00:00,62,0.39
2014-03-13 16:00:00,52,0.14
2014-03-13 17:00:00,61,0.03
2014-03-13 18:00:00,54,0.0
2014-03-13 19:00:00,51,0.0
2014-03-13 20:00:00,50,0.0
2014-03-13 21:00:00,46,0.0
2014-03-13 22:00:00,39,0.0
2014-03-13 23:00:00,42,0.0
2014-03-14 00:00:00,42,0.0
2014-03-14 01:00:00,39,0.0
2014-03-14 02:00:00,43,0.0
2014-03-14 03:00:00,42,0.0
2014-03-14 04:00:00,43,0.0
2014-03-14 05:00:00,43,0.0
2014-03-14 06:00:00,62,0.01
2014-03-14 07:00:00,68,0.03
2014-03-14 08:00:00,67,0.06
2014-03-14 09:00:00,60,0.08
2014-03-14 10:00:00,71,0.09
2014-03-14 11:00:00,58,0.08
2014-03-14 12:00:00,48,0.08
2014-03-14 13:00:00,47,0.06
2014-03-14 14:00:00,41,0.04
2014-03-14 15:00:00,46,0.04
2014-03-14 16:00:00,45,0.03
2014-03-14 17:00:00,56,0.01
2014-03-14 18:00:00,42,0.0
2014-03-14 19:00:00,43,0.0
2014-03-14 20:00:00,44,0.0
2014-03-14 21:00:00,44,0.0
2014-03-14 22:00:00,42,0.0
2014-03-14 23:00:00,45,0.0
2014-03-15 00:00:00,47,0.0
2014-03-15 01:00:00,50,0.0
2014-03-15 02:00:00,50,0.0
2014-03-15 03:00:00,57,0.0
2014-03-15 04:00:00,56,0.0
2014-03-15 05:00:00,70,0.0
2014-03-15 06:00:00,91,0.02
2014-03-15 07:00:00,90,0.1
2014-03-15 08:00:00,74,0.47
2014-03-15 09:00:00,69,0.6
2014-03-15 10:00:00,75,0.58
2014-03-15 11:00:00,69,0.6
2014-03-15 12:00:00,64,0.34
2014-03-15 13:00:00,50,0.32
2014-03-15 14:00:00,34,0.22
2014-03-15 15:00:00,38,0.17
2014-03-15 16:00:00,33,0.1
2014-03-15 17:00:00,33,0.03
2014-03-15 18:00:00,32,0.0
2014-03-15 19:00:00,36,0.0
2014-03-15 20:00:00,41,0.0
2014-03-15 21:00:00,35,0.0
2014-03-15 22:00:00,32,0.0
2014-03-15 23:00:00,49,0.0
2014-03-16 00:00:00,53,0.0
2014-03-16 01:00:00,58,0.0
2014-03-16 02:00:00,58,0.0
2014-03-16 03:00:00,57,0.0
2014-03-16 04:00:00,56,0.0
2014-03-16 05:00:00,64,0.0
2014-03-16 06:00:00,71,0.04
2014-03-16 07:00:00,67,0.2
2014-03-16 08:00:00,61,0.32
2014-03-16 09:00:00,42,0.62
2014-03-16 10:00:00,34,0.74
2014-03-16 11:00:00,30,0.74
2014-03-16 12:00:00,25,0.32
2014-03-16 13:00:00,21,0.23
2014-03-16 14:00:00,18,0.2
2014-03-16 15:00:00,24,0.12
2014-03-16 16:00:00,26,0.06
2014-03-16 17:00:00,37,0.01
2014-03-16 18:00:00,34,0.0
2014-03-16 19:00:00,38,0.0
2014-03-16 20:00:00,41,0.0
2014-03-16 21:00:00,36,0.0
2014-03-16 22:00:00,36,0.0
2014-03-16 23:00:00,39,0.0
2014-03-17 00:00:00,36,0.0
2014-03-17 01:00:00,37,0.0
2014-03-17 02:00:00,37,0.0
2014-03-17 03:00:00,48,0.0
2014-03-17 04:00:00,51,0.0
2014-03-17 05:00:00,57,0.0
2014-03-17 06:00:00,72,0.06
2014-03-17 07:00:00,72,0.27
2014-03-17 08:00:00,63,0.48
2014-03-17 09:00:00,59,0.66
2014-03-17 10:00:00,69,0.79
2014-03-17 11:00:00,48,0.86
2014-03-17 12:00:00,38,0.84
2014-03-17 13:00:00,36,0.75
2014-03-17 14:00:00,31,0.62
2014-03-17 15:00:00,31,0.44
2014-03-17 16:00:00,30,0.21
2014-03-17 17:00:00,31,0.03
2014-03-17 18:00:00,34,0.0
2014-03-17 19:00:00,38,0.0
2014-03-17 20:00:00,35,0.0
2014-03-17 21:00:00,28,0.0
2014-03-17 22:00:00,25,0.0
2014-03-17 23:00:00,27,0.0
2014-03-18 00:00:00,29,0.0
2014-03-18 01:00:00,32,0.0
2014-03-18 02:00:00,33,0.0
2014-03-18 03:00:00,28,0.0
2014-03-18 04:00:00,34,0.0
2014-03-18 05:00:00,34,0.0
2014-03-18 06:00:00,50,0.07
2014-03-18 07:00:00,46,0.24
2014-03-18 08:00:00,36,0.46
2014-03-18 09:00:00,47,0.6
2014-03-18 10:00:00,52,0.81
2014-03-18 11:00:00,53,0.82
2014-03-18 12:00:00,46,0.68
2014-03-18 13:00:00,34,0.68
2014-03-18 14:00:00,30,0.56
2014-03-18 15:00:00,40,0.36
2014-03-18 16:00:00,32,0.13
2014-03-18 17:00:00,38,0.03
2014-03-18 18:00:00,35,0.0
2014-03-18 19:00:00,35,0.0
2014-03-18 20:00:00,37,0.0
2014-03-18 21:00:00,29,0.0
2014-03-18 22:00:00,29,0.0
2014-03-18 23:00:00,29,0.0
2014-03-19 00:00:00,28,0.0
2014-03-19 01:00:00,33,0.0
2014-03-19 02:00:00,32,0.0
2014-03-19 03:00:00,30,0.0
2014-03-19 04:00:00,29,0.0
2014-03-19 05:00:00,35,0.0
2014-03-19 06:00:00,67,0.01
2014-03-19 07:00:00,61,0.02
2014-03-19 08:00:00,62,0.04
2014-03-19 09:00:00,49,0.05
2014-03-19 10:00:00,41,0.2
2014-03-19 11:00:00,50,0.81
2014-03-19 12:00:00,34,0.83
2014-03-19 13:00:00,32,0.74
2014-03-19 14:00:00,30,0.62
2014-03-19 15:00:00,37,0.45
2014-03-19 16:00:00,40,0.22
2014-03-19 17:00:00,42,0.03
2014-03-19 18:00:00,38,0.0
2014-03-19 19:00:00,43,0.0
2014-03-19 20:00:00,44,0.0
2014-03-19 21:00:00,39,0.0
2014-03-19 22:00:00,28,0.0
2014-03-19 23:00:00,31,0.0
2014-03-20 00:00:00,30,0.0
2014-03-20 01:00:00,34,0.0
2014-03-20 02:00:00,36,0.0
2014-03-20 03:00:00,34,0.0
2014-03-20 04:00:00,37,0.0
2014-03-20 05:00:00,40,0.0
2014-03-20 06:00:00,53,0.03
2014-03-20 07:00:00,50,0.17
2014-03-20 08:00:00,44,0.36
2014-03-20 09:00:00,43,0.76
2014-03-20 10:00:00,60,0.77
2014-03-20 11:00:00,58,0.72
2014-03-20 12:00:00,57,0.61
2014-03-20 13:00:00,64,0.47
2014-03-20 14:00:00,76,0.18
2014-03-20 15:00:00,67,0.1
2014-03-20 16:00:00,68,0.06
2014-03-20 17:00:00,67,0.02
2014-03-20 18:00:00,59,0.0
2014-03-20 19:00:00,58,0.0
2014-03-20 20:00:00,53,0.0
2014-03-20 21:00:00,48,0.0
2014-03-20 22:00:00,40,0.0
2014-03-20 23:00:00,41,0.0
2014-03-21 00:00:00,41,0.0
2014-03-21 01:00:00,46,0.0
2014-03-21 02:00:00,39,0.0
2014-03-21 03:00:00,45,0.0
2014-03-21 04:00:00,45,0.0
2014-03-21 05:00:00,49,0.0
2014-03-21 06:00:00,56,0.03
2014-03-21 07:00:00,55,0.19
2014-03-21 08:00:00,45,0.44
2014-03-21 09:00:00,44,0.44
2014-03-21 10:00:00,46,0.51
2014-03-21 11:00:00,42,0.58
2014-03-21 12:00:00,40,0.65
2014-03-21 13:00:00,29,0.61
2014-03-21 14:00:00,36,0.18
2014-03-21 15:00:00,37,0.14
2014-03-21 16:00:00,40,0.05
2014-03-21 17:00:00,35,0.02
2014-03-21 18:00:00,34,0.0
2014-03-21 19:00:00,41,0.0
2014-03-21 20:00:00,41,0.0
2014-03-21 21:00:00,38,0.0
2014-03-21 22:00:00,43,0.0
2014-03-21 23:00:00,38,0.0
2014-03-22 00:00:00,43,0.0
2014-03-22 01:00:00,41,0.0
2014-03-22 02:00:00,41,0.0
2014-03-22 03:00:00,46,0.0
2014-03-22 04:00:00,44,0.0
2014-03-22 05:00:00,52,0.0
2014-03-22 06:00:00,64,0.04
2014-03-22 07:00:00,62,0.19
2014-03-22 08:00:00,45,0.44
2014-03-22 09:00:00,47,0.32
2014-03-22 10:00:00,48,0.6
2014-03-22 11:00:00,44,0.89
2014-03-22 12:00:00,46,0.84
2014-03-22 13:00:00,35,0.76
2014-03-22 14:00:00,29,0.64
2014-03-22 15:00:00,32,0.47
2014-03-22 16:00:00,34,0.22
2014-03-22 17:00:00,35,0.03
2014-03-22 18:00:00,36,0.0
2014-03-22 19:00:00,38,0.0
2014-03-22 20:00:00,40,0.0
2014-03-22 21:00:00,33,0.0
2014-03-22 22:00:00,33,0.0
2014-03-22 23:00:00,36,0.0
2014-03-23 00:00:00,38,0.0
2014-03-23 01:00:00,42,0.0
2014-03-23 02:00:00,44,0.0
2014-03-23 03:00:00,43,0.0
2014-03-23 04:00:00,44,0.0
2014-03-23 05:00:00,46,0.0
2014-03-23 06:00:00,55,0.03
2014-03-23 07:00:00,48,0.12
2014-03-23 08:00:00,45,0.21
2014-03-23 09:00:00,38,0.41
2014-03-23 10:00:00,34,0.76
2014-03-23 11:00:00,32,0.82
2014-03-23 12:00:00,31,0.6
2014-03-23 13:00:00,31,0.76
2014-03-23 14:00:00,19,0.63
2014-03-23 15:00:00,26,0.46
2014-03-23 16:00:00,26,0.23
2014-03-23 17:00:00,44,0.03
2014-03-23 18:00:00,45,0.0
2014-03-23 19:00:00,35,0.0
2014-03-23 20:00:00,35,0.0
2014-03-23 21:00:00,39,0.0
2014-03-23 22:00:00,37,0.0
2014-03-23 23:00:00,45,0.0
2014-03-24 00:00:00,49,0.0
2014-03-24 01:00:00,48,0.0
2014-03-24 02:00:00,44,0.0
2014-03-24 03:00:00,49,0.0
2014-03-24 04:00:00,51,0.0
2014-03-24 05:00:00,52,0.0
2014-03-24 06:00:00,63,0.05
2014-03-24 07:00:00,60,0.2
2014-03-24 08:00:00,63,0.21
2014-03-24 09:00:00,50,0.38
2014-03-24 10:00:00,51,0.74
2014-03-24 11:00:00,50,0.81
2014-03-24 12:00:00,39,0.78
2014-03-24 13:00:00,33,0.42
2014-03-24 14:00:00,39,0.19
2014-03-24 15:00:00,32,0.15
2014-03-24 16:00:00,33,0.09
2014-03-24 17:00:00,32,0.02
2014-03-24 18:00:00,34,0.0
2014-03-24 19:00:00,35,0.0
2014-03-24 20:00:00,37,0.0
2014-03-24 21:00:00,29,0.0
2014-03-24 22:00:00,29,0.0
2014-03-24 23:00:00,31,0.0
2014-03-25 00:00:00,35,0.0
2014-03-25 01:00:00,38,0.0
2014-03-25 02:00:00,35,0.0
2014-03-25 03:00:00,40,0.0
2014-03-25 04:00:00,41,0.0
2014-03-25 05:00:00,45,0.01
2014-03-25 06:00:00,59,0.08
2014-03-25 07:00:00,62,0.27
2014-03-25 08:00:00,61,0.5
2014-03-25 09:00:00,50,0.62
2014-03-25 10:00:00,53,0.52
2014-03-25 11:00:00,48,0.39
2014-03-25 12:00:00,42,0.36
2014-03-25 13:00:00,36,0.2
2014-03-25 14:00:00,29,0.26
2014-03-25 15:00:00,31,0.14
2014-03-25 16:00:00,33,0.09
2014-03-25 17:00:00,32,0.02
2014-03-25 18:00:00,35,0.0
2014-03-25 19:00:00,32,0.0
2014-03-25 20:00:00,31,0.0
2014-03-25 21:00:00,25,0.0
2014-03-25 22:00:00,22,0.0
2014-03-25 23:00:00,22,0.0
2014-03-26 00:00:00,23,0.0
2014-03-26 01:00:00,24,0.0
2014-03-26 02:00:00,26,0.0
2014-03-26 03:00:00,26,0.0
2014-03-26 04:00:00,24,0.0
2014-03-26 05:00:00,34,0.01
2014-03-26 06:00:00,40,0.09
2014-03-26 07:00:00,50,0.19
2014-03-26 08:00:00,35,0.46
2014-03-26 09:00:00,34,0.7
2014-03-26 10:00:00,41,0.76
2014-03-26 11:00:00,43,0.84
2014-03-26 12:00:00,35,0.86
2014-03-26 13:00:00,33,0.67
2014-03-26 14:00:00,34,0.34
2014-03-26 15:00:00,36,0.21
2014-03-26 16:00:00,42,0.1
2014-03-26 17:00:00,38,0.03
2014-03-26 18:00:00,35,0.0
2014-03-26 19:00:00,36,0.0
2014-03-26 20:00:00,33,0.0
2014-03-26 21:00:00,24,0.0
2014-03-26 22:00:00,20,0.0
2014-03-26 23:00:00,25,0.0
2014-03-27 00:00:00,24,0.0
2014-03-27 01:00:00,29,0.0
2014-03-27 02:00:00,29,0.0
2014-03-27 03:00:00,33,0.0
2014-03-27 04:00:00,32,0.0
2014-03-27 05:00:00,40,0.01
2014-03-27 06:00:00,41,0.1
2014-03-27 07:00:00,42,0.32
2014-03-27 08:00:00,41,0.54
2014-03-27 09:00:00,45,0.72
2014-03-27 10:00:00,64,0.82
2014-03-27 11:00:00,64,0.89
2014-03-27 12:00:00,51,0.87
2014-03-27 13:00:00,45,0.79
2014-03-27 14:00:00,52,0.4
2014-03-27 15:00:00,51,0.45
2014-03-27 16:00:00,53,0.13
2014-03-27 17:00:00,50,0.03
2014-03-27 18:00:00,36,0.0
2014-03-27 19:00:00,40,0.0
2014-03-27 20:00:00,37,0.0
2014-03-27 21:00:00,32,0.0
2014-03-27 22:00:00,36,0.0
2014-03-27 23:00:00,36,0.0
2014-03-28 00:00:00,33,0.0
2014-03-28 01:00:00,24,0.0
2014-03-28 02:00:00,19,0.0
2014-03-28 03:00:00,20,0.0
2014-03-28 04:00:00,18,0.0
2014-03-28 05:00:00,33,0.01
2014-03-28 06:00:00,53,0.05
2014-03-28 07:00:00,49,0.14
2014-03-28 08:00:00,35,0.43
2014-03-28 09:00:00,33,0.59
2014-03-28 10:00:00,48,0.65
2014-03-28 11:00:00,40,0.58
2014-03-28 12:00:00,32,0.45
2014-03-28 13:00:00,28,0.52
2014-03-28 14:00:00,23,0.17
2014-03-28 15:00:00,30,0.09
2014-03-28 16:00:00,30,0.03
2014-03-28 17:00:00,31,0.02
2014-03-28 18:00:00,33,0.0
2014-03-28 19:00:00,30,0.0
2014-03-28 20:00:00,30,0.0
2014-03-28 21:00:00,24,0.0
2014-03-28 22:00:00,23,0.0
2014-03-28 23:00:00,23,0.0
2014-03-29 00:00:00,23,0.0
2014-03-29 01:00:00,23,0.0
2014-03-29 02:00:00,23,0.0
2014-03-29 03:00:00,31,0.0
2014-03-29 04:00:00,34,0.0
2014-03-29 05:00:00,38,0.01
2014-03-29 06:00:00,63,0.11
2014-03-29 07:00:00,48,0.33
2014-03-29 08:00:00,41,0.53
2014-03-29 09:00:00,36,0.69
2014-03-29 10:00:00,34,0.75
2014-03-29 11:00:00,37,0.57
2014-03-29 12:00:00,31,0.45
2014-03-29 13:00:00,24,0.39
2014-03-29 14:00:00,24,0.25
2014-03-29 15:00:00,27,0.16
2014-03-29 16:00:00,30,0.09
2014-03-29 17:00:00,29,0.03
2014-03-29 18:00:00,30,0.0
2014-03-29 19:00:00,29,0.0
2014-03-29 20:00:00,30,0.0
2014-03-29 21:00:00,23,0.0
2014-03-29 22:00:00,21,0.0
2014-03-29 23:00:00,20,0.0
2014-03-30 00:00:00,23,0.0
2014-03-30 01:00:00,21,0.0
2014-03-30 02:00:00,22,0.0
2014-03-30 03:00:00,21,0.0
2014-03-30 04:00:00,23,0.0
2014-03-30 05:00:00,28,0.01
2014-03-30 06:00:00,29,0.11
2014-03-30 07:00:00,36,0.34
2014-03-30 08:00:00,34,0.55
2014-03-30 09:00:00,32,0.71
2014-03-30 10:00:00,38,0.7
2014-03-30 11:00:00,43,0.56
2014-03-30 12:00:00,42,0.78
2014-03-30 13:00:00,36,0.78
2014-03-30 14:00:00,38,0.52
2014-03-30 15:00:00,42,0.3
2014-03-30 16:00:00,38,0.22
2014-03-30 17:00:00,44,0.04
2014-03-30 18:00:00,38,0.0
2014-03-30 19:00:00,39,0.0
2014-03-30 20:00:00,34,0.0
2014-03-30 21:00:00,29,0.0
2014-03-30 22:00:00,30,0.0
2014-03-30 23:00:00,25,0.0
2014-03-31 00:00:00,27,0.0
2014-03-31 01:00:00,28,0.0
2014-03-31 02:00:00,34,0.0
2014-03-31 03:00:00,29,0.0
2014-03-31 04:00:00,33,0.0
2014-03-31 05:00:00,37,0.01
2014-03-31 06:00:00,45,0.1
2014-03-31 07:00:00,41,0.34
2014-03-31 08:00:00,34,0.54
2014-03-31 09:00:00,29,0.69
2014-03-31 10:00:00,37,0.71
2014-03-31 11:00:00,34,0.36
2014-03-31 12:00:00,28,0.78
2014-03-31 13:00:00,29,0.66
2014-03-31 14:00:00,26,0.46
2014-03-31 15:00:00,29,0.23
2014-03-31 16:00:00,33,0.1
2014-03-31 17:00:00,33,0.03
2014-03-31 18:00:00,33,0.0
2014-03-31 19:00:00,34,0.0
2014-03-31 20:00:00,33,0.0
2014-03-31 21:00:00,27,0.0
2014-03-31 22:00:00,23,0.0
2014-03-31 23:00:00,24,0.0
2014-04-01 00:00:00,30,0.0
2014-04-01 01:00:00,26,0.0
2014-04-01 02:00:00,38,0.0
2014-04-01 03:00:00,29,0.0
2014-04-01 04:00:00,33,0.0
2014-04-01 05:00:00,37,0.01
2014-04-01 06:00:00,45,0.02
2014-04-01 07:00:00,36,0.06
2014-04-01 08:00:00,30,0.11
2014-04-01 09:00:00,28,0.2
2014-04-01 10:00:00,39,0.24
2014-04-01 11:00:00,38,0.14
2014-04-01 12:00:00,30,0.19
2014-04-01 13:00:00,31,0.13
2014-04-01 14:00:00,26,0.14
2014-04-01 15:00:00,29,0.06
2014-04-01 16:00:00,31,0.04
2014-04-01 17:00:00,33,0.01
2014-04-01 18:00:00,34,0.0
2014-04-01 19:00:00,37,0.0
2014-04-01 20:00:00,35,0.0
2014-04-01 21:00:00,27,0.0
2014-04-01 22:00:00,24,0.0
2014-04-01 23:00:00,27,0.0
2014-04-02 00:00:00,32,0.0
2014-04-02 01:00:00,38,0.0
2014-04-02 02:00:00,34,0.0
2014-04-02 03:00:00,33,0.0
2014-04-02 04:00:00,39,0.0
2014-04-02 05:00:00,44,0.01
2014-04-02 06:00:00,50,0.06
2014-04-02 07:00:00,49,0.18
2014-04-02 08:00:00,41,0.39
2014-04-02 09:00:00,37,0.66
2014-04-02 10:00:00,43,0.7
2014-04-02 11:00:00,33,0.73
2014-04-02 12:00:00,32,0.64
2014-04-02 13:00:00,30,0.46
2014-04-02 14:00:00,28,0.19
2014-04-02 15:00:00,34,0.13
2014-04-02 16:00:00,37,0.04
2014-04-02 17:00:00,33,0.02
2014-04-02 18:00:00,34,0.0
2014-04-02 19:00:00,32,0.0
2014-04-02 20:00:00,31,0.0
2014-04-02 21:00:00,24,0.0
2014-04-02 22:00:00,20,0.0
2014-04-02 23:00:00,22,0.0
2014-04-03 00:00:00,23,0.0
2014-04-03 01:00:00,21,0.0
2014-04-03 02:00:00,20,0.0
2014-04-03 03:00:00,26,0.0
2014-04-03 04:00:00,23,0.0
2014-04-03 05:00:00,34,0.01
2014-04-03 06:00:00,41,0.08
2014-04-03 07:00:00,42,0.27
2014-04-03 08:00:00,42,0.56
2014-04-03 09:00:00,41,0.74
2014-04-03 10:00:00,41,0.8
2014-04-03 11:00:00,45,0.9
2014-04-03 12:00:00,41,0.87
2014-04-03 13:00:00,39,0.54
2014-04-03 14:00:00,43,0.55
2014-04-03 15:00:00,41,0.43
2014-04-03 16:00:00,44,0.14
2014-04-03 17:00:00,42,0.01
2014-04-03 18:00:00,39,0.0
2014-04-03 19:00:00,31,0.0
2014-04-03 20:00:00,34,0.0
2014-04-03 21:00:00,27,0.0
2014-04-03 22:00:00,23,0.0
2014-04-03 23:00:00,21,0.0
2014-04-04 00:00:00,21,0.0
2014-04-04 01:00:00,21,0.0
2014-04-04 02:00:00,25,0.0
2014-04-04 03:00:00,31,0.0
2014-04-04 04:00:00,22,0.0
2014-04-04 05:00:00,26,0.01
2014-04-04 06:00:00,45,0.13
2014-04-04 07:00:00,40,0.36
2014-04-04 08:00:00,42,0.57
2014-04-04 09:00:00,34,0.74
2014-04-04 10:00:00,39,0.84
2014-04-04 11:00:00,38,0.89
2014-04-04 12:00:00,33,0.86
2014-04-04 13:00:00,30,0.73
2014-04-04 14:00:00,26,0.31
2014-04-04 15:00:00,34,0.21
2014-04-04 16:00:00,34,0.23
2014-04-04 17:00:00,32,0.05
2014-04-04 18:00:00,30,0.0
2014-04-04 19:00:00,32,0.0
2014-04-04 20:00:00,29,0.0
2014-04-04 21:00:00,22,0.0
2014-04-04 22:00:00,20,0.0
2014-04-04 23:00:00,21,0.0
2014-04-05 00:00:00,23,0.0
2014-04-05 01:00:00,32,0.0
2014-04-05 02:00:00,38,0.0
2014-04-05 03:00:00,32,0.0
2014-04-05 04:00:00,32,0.0
2014-04-05 05:00:00,38,0.01
2014-04-05 06:00:00,43,0.13
2014-04-05 07:00:00,46,0.36
2014-04-05 08:00:00,36,0.57
2014-04-05 09:00:00,32,0.74
2014-04-05 10:00:00,42,0.84
2014-04-05 11:00:00,40,0.91
2014-04-05 12:00:00,34,0.87
2014-04-05 13:00:00,25,0.76
2014-04-05 14:00:00,27,0.37
2014-04-05 15:00:00,34,0.17
2014-04-05 16:00:00,29,0.1
2014-04-05 17:00:00,28,0.03
2014-04-05 18:00:00,27,0.0
2014-04-05 19:00:00,30,0.0
2014-04-05 20:00:00,27,0.0
2014-04-05 21:00:00,22,0.0
2014-04-05 22:00:00,22,0.0
2014-04-05 23:00:00,24,0.0
2014-04-06 00:00:00,34,0.0
2014-04-06 01:00:00,33,0.0
2014-04-06 02:00:00,27,0.0
2014-04-06 03:00:00,30,0.0
2014-04-06 04:00:00,31,0.0
2014-04-06 05:00:00,39,0.01
2014-04-06 06:00:00,60,0.07
2014-04-06 07:00:00,46,0.14
2014-04-06 08:00:00,37,0.27
2014-04-06 09:00:00,33,0.29
2014-04-06 10:00:00,23,0.52
2014-04-06 11:00:00,30,0.84
2014-04-06 12:00:00,26,0.38
2014-04-06 13:00:00,26,0.14
2014-04-06 14:00:00,22,0.08
2014-04-06 15:00:00,29,0.05
2014-04-06 16:00:00,26,0.02
2014-04-06 17:00:00,34,0.01
2014-04-06 18:00:00,40,0.0
2014-04-06 19:00:00,38,0.0
2014-04-06 20:00:00,50,0.0
2014-04-06 21:00:00,40,0.0
2014-04-06 22:00:00,40,0.0
2014-04-06 23:00:00,40,0.0
2014-04-07 00:00:00,34,0.0
2014-04-07 01:00:00,34,0.0
2014-04-07 02:00:00,42,0.0
2014-04-07 03:00:00,41,0.0
2014-04-07 04:00:00,42,0.0
2014-04-07 05:00:00,46,0.01
2014-04-07 06:00:00,54,0.02
2014-04-07 07:00:00,48,0.04
2014-04-07 08:00:00,35,0.06
2014-04-07 09:00:00,34,0.1
2014-04-07 10:00:00,40,0.11
2014-04-07 11:00:00,35,0.18
2014-04-07 12:00:00,39,0.19
2014-04-07 13:00:00,27,0.18
2014-04-07 14:00:00,25,0.3
2014-04-07 15:00:00,30,0.21
2014-04-07 16:00:00,31,0.09
2014-04-07 17:00:00,32,0.03
2014-04-07 18:00:00,34,0.0
2014-04-07 19:00:00,32,0.0
2014-04-07 20:00:00,35,0.0
2014-04-07 21:00:00,27,0.0
2014-04-07 22:00:00,29,0.0
2014-04-07 23:00:00,28,0.0
2014-04-08 00:00:00,32,0.0
2014-04-08 01:00:00,33,0.0
2014-04-08 02:00:00,29,0.0
2014-04-08 03:00:00,30,0.0
2014-04-08 04:00:00,30,0.0
2014-04-08 05:00:00,39,0.01
2014-04-08 06:00:00,49,0.01
2014-04-08 07:00:00,38,0.04
2014-04-08 08:00:00,28,0.09
2014-04-08 09:00:00,28,0.1
2014-04-08 10:00:00,31,0.17
2014-04-08 11:00:00,29,0.11
2014-04-08 12:00:00,29,0.13
2014-04-08 13:00:00,30,0.11
2014-04-08 14:00:00,27,0.09
2014-04-08 15:00:00,30,0.07
2014-04-08 16:00:00,30,0.04
2014-04-08 17:00:00,34,0.01
2014-04-08 18:00:00,33,0.0
2014-04-08 19:00:00,31,0.0
2014-04-08 20:00:00,29,0.0
2014-04-08 21:00:00,23,0.0
2014-04-08 22:00:00,20,0.0
2014-04-08 23:00:00,20,0.0
2014-04-09 00:00:00,19,0.0
2014-04-09 01:00:00,22,0.0
2014-04-09 02:00:00,25,0.0
2014-04-09 03:00:00,22,0.0
2014-04-09 04:00:00,22,0.0
2014-04-09 05:00:00,29,0.01
2014-04-09 06:00:00,38,0.04
2014-04-09 07:00:00,35,0.1
2014-04-09 08:00:00,35,0.12
2014-04-09 09:00:00,29,0.28
2014-04-09 10:00:00,33,0.52
2014-04-09 11:00:00,31,0.5
2014-04-09 12:00:00,26,0.29
2014-04-09 13:00:00,27,0.26
2014-04-09 14:00:00,25,0.14
2014-04-09 15:00:00,32,0.12
2014-04-09 16:00:00,37,0.06
2014-04-09 17:00:00,35,0.01
2014-04-09 18:00:00,32,0.0
2014-04-09 19:00:00,32,0.0
2014-04-09 20:00:00,31,0.0
2014-04-09 21:00:00,22,0.0
2014-04-09 22:00:00,21,0.0
2014-04-09 23:00:00,25,0.0
2014-04-10 00:00:00,22,0.0
2014-04-10 01:00:00,26,0.0
2014-04-10 02:00:00,29,0.0
2014-04-10 03:00:00,26,0.0
2014-04-10 04:00:00,28,0.0
2014-04-10 05:00:00,31,0.01
2014-04-10 06:00:00,47,0.05
2014-04-10 07:00:00,38,0.12
2014-04-10 08:00:00,36,0.32
2014-04-10 09:00:00,27,0.44
2014-04-10 10:00:00,34,0.41
2014-04-10 11:00:00,36,0.15
2014-04-10 12:00:00,31,0.16
2014-04-10 13:00:00,21,0.22
2014-04-10 14:00:00,23,0.14
2014-04-10 15:00:00,34,0.11
2014-04-10 16:00:00,29,0.06
2014-04-10 17:00:00,29,0.02
2014-04-10 18:00:00,28,0.0
2014-04-10 19:00:00,27,0.0
2014-04-10 20:00:00,27,0.0
2014-04-10 21:00:00,22,0.0
2014-04-10 22:00:00,20,0.0
2014-04-10 23:00:00,22,0.0
2014-04-11 00:00:00,19,0.0
2014-04-11 01:00:00,31,0.0
2014-04-11 02:00:00,29,0.0
2014-04-11 03:00:00,28,0.0
2014-04-11 04:00:00,37,0.0
2014-04-11 05:00:00,36,0.0
2014-04-11 06:00:00,48,0.02
2014-04-11 07:00:00,29,0.03
2014-04-11 08:00:00,33,0.11
2014-04-11 09:00:00,31,0.07
2014-04-11 10:00:00,36,0.07
2014-04-11 11:00:00,37,0.06
2014-04-11 12:00:00,33,0.06
2014-04-11 13:00:00,34,0.06
2014-04-11 14:00:00,27,0.05
2014-04-11 15:00:00,34,0.04
2014-04-11 16:00:00,31,0.03
2014-04-11 17:00:00,34,0.01
2014-04-11 18:00:00,29,0.0
2014-04-11 19:00:00,35,0.0
2014-04-11 20:00:00,31,0.0
2014-04-11 21:00:00,24,0.0
2014-04-11 22:00:00,38,0.0
2014-04-11 23:00:00,32,0.0
2014-04-12 00:00:00,39,0.0
2014-04-12 01:00:00,34,0.0
2014-04-12 02:00:00,39,0.0
2014-04-12 03:00:00,40,0.0
2014-04-12 04:00:00,37,0.0
2014-04-12 05:00:00,46,0.01
2014-04-12 06:00:00,50,0.14
2014-04-12 07:00:00,43,0.32
2014-04-12 08:00:00,39,0.56
2014-04-12 09:00:00,33,0.75
2014-04-12 10:00:00,37,0.88
2014-04-12 11:00:00,39,0.5
2014-04-12 12:00:00,34,0.24
2014-04-12 13:00:00,30,0.4
2014-04-12 14:00:00,24,0.32
2014-04-12 15:00:00,32,0.34
2014-04-12 16:00:00,30,0.27
2014-04-12 17:00:00,32,0.05
2014-04-12 18:00:00,29,0.01
2014-04-12 19:00:00,34,0.0
2014-04-12 20:00:00,31,0.0
2014-04-12 21:00:00,23,0.0
2014-04-12 22:00:00,23,0.0
2014-04-12 23:00:00,33,0.0
2014-04-13 00:00:00,28,0.0
2014-04-13 01:00:00,28,0.0
2014-04-13 02:00:00,28,0.0
2014-04-13 03:00:00,36,0.0
2014-04-13 04:00:00,26,0.0
2014-04-13 05:00:00,45,0.02
2014-04-13 06:00:00,45,0.16
2014-04-13 07:00:00,42,0.4
2014-04-13 08:00:00,34,0.62
2014-04-13 09:00:00,31,0.78
2014-04-13 10:00:00,25,0.87
2014-04-13 11:00:00,22,0.94
2014-04-13 12:00:00,21,0.93
2014-04-13 13:00:00,15,0.84
2014-04-13 14:00:00,14,0.71
2014-04-13 15:00:00,22,0.51
2014-04-13 16:00:00,22,0.26
2014-04-13 17:00:00,28,0.04
2014-04-13 18:00:00,31,0.01
2014-04-13 19:00:00,35,0.0
2014-04-13 20:00:00,29,0.0
2014-04-13 21:00:00,21,0.0
2014-04-13 22:00:00,32,0.0
2014-04-13 23:00:00,29,0.0
2014-04-14 00:00:00,28,0.0
2014-04-14 01:00:00,29,0.0
2014-04-14 02:00:00,26,0.0
2014-04-14 03:00:00,29,0.0
2014-04-14 04:00:00,31,0.0
2014-04-14 05:00:00,32,0.03
2014-04-14 06:00:00,50,0.19
2014-04-14 07:00:00,46,0.4
2014-04-14 08:00:00,37,0.57
2014-04-14 09:00:00,31,0.74
2014-04-14 10:00:00,32,0.9
2014-04-14 11:00:00,35,0.91
2014-04-14 12:00:00,34,0.86
2014-04-14 13:00:00,27,0.83
2014-04-14 14:00:00,27,0.67
2014-04-14 15:00:00,36,0.51
2014-04-14 16:00:00,32,0.26
2014-04-14 17:00:00,37,0.05
2014-04-14 18:00:00,32,0.01
2014-04-14 19:00:00,33,0.0
2014-04-14 20:00:00,29,0.0
2014-04-14 21:00:00,22,0.0
2014-04-14 22:00:00,23,0.0
2014-04-14 23:00:00,21,0.0
2014-04-15 00:00:00,23,0.0
2014-04-15 01:00:00,22,0.0
2014-04-15 02:00:00,21,0.0
2014-04-15 03:00:00,23,0.0
2014-04-15 04:00:00,22,0.0
2014-04-15 05:00:00,27,0.03
2014-04-15 06:00:00,33,0.19
2014-04-15 07:00:00,31,0.38
2014-04-15 08:00:00,31,0.6
2014-04-15 09:00:00,28,0.72
2014-04-15 10:00:00,31,0.82
2014-04-15 11:00:00,30,0.88
2014-04-15 12:00:00,31,0.49
2014-04-15 13:00:00,30,0.12
2014-04-15 14:00:00,25,0.16
2014-04-15 15:00:00,29,0.46
2014-04-15 16:00:00,30,0.27
2014-04-15 17:00:00,30,0.05
2014-04-15 18:00:00,33,0.01
2014-04-15 19:00:00,33,0.0
2014-04-15 20:00:00,33,0.0
2014-04-15 21:00:00,26,0.0
2014-04-15 22:00:00,23,0.0
2014-04-15 23:00:00,29,0.0
2014-04-16 00:00:00,23,0.0
2014-04-16 01:00:00,26,0.0
2014-04-16 02:00:00,23,0.0
2014-04-16 03:00:00,22,0.0
2014-04-16 04:00:00,26,0.0
2014-04-16 05:00:00,30,0.03
2014-04-16 06:00:00,37,0.19
2014-04-16 07:00:00,34,0.4
2014-04-16 08:00:00,29,0.61
2014-04-16 09:00:00,29,0.78
2014-04-16 10:00:00,35,0.89
2014-04-16 11:00:00,35,0.9
2014-04-16 12:00:00,32,0.9
2014-04-16 13:00:00,29,0.66
2014-04-16 14:00:00,28,0.66
2014-04-16 15:00:00,31,0.52
2014-04-16 16:00:00,31,0.26
2014-04-16 17:00:00,33,0.05
2014-04-16 18:00:00,31,0.01
2014-04-16 19:00:00,30,0.0
2014-04-16 20:00:00,27,0.0
2014-04-16 21:00:00,20,0.0
2014-04-16 22:00:00,19,0.0
2014-04-16 23:00:00,19,0.0
2014-04-17 00:00:00,20,0.0
2014-04-17 01:00:00,19,0.0
2014-04-17 02:00:00,19,0.0
2014-04-17 03:00:00,20,0.0
2014-04-17 04:00:00,20,0.0
2014-04-17 05:00:00,24,0.02
2014-04-17 06:00:00,35,0.16
2014-04-17 07:00:00,31,0.36
2014-04-17 08:00:00,31,0.57
2014-04-17 09:00:00,26,0.67
2014-04-17 10:00:00,29,0.44
2014-04-17 11:00:00,29,0.23
2014-04-17 12:00:00,25,0.23
2014-04-17 13:00:00,29,0.19
2014-04-17 14:00:00,21,0.07
2014-04-17 15:00:00,32,0.05
2014-04-17 16:00:00,28,0.03
2014-04-17 17:00:00,31,0.01
2014-04-17 18:00:00,30,0.01
2014-04-17 19:00:00,30,0.0
2014-04-17 20:00:00,25,0.0
2014-04-17 21:00:00,20,0.0
2014-04-17 22:00:00,20,0.0
2014-04-17 23:00:00,19,0.0
2014-04-18 00:00:00,18,0.0
2014-04-18 01:00:00,18,0.0
2014-04-18 02:00:00,18,0.0
2014-04-18 03:00:00,18,0.0
2014-04-18 04:00:00,18,0.0
2014-04-18 05:00:00,22,0.01
2014-04-18 06:00:00,32,0.11
2014-04-18 07:00:00,35,0.42
2014-04-18 08:00:00,32,0.61
2014-04-18 09:00:00,32,0.77
2014-04-18 10:00:00,36,0.89
2014-04-18 11:00:00,46,0.94
2014-04-18 12:00:00,45,0.89
2014-04-18 13:00:00,40,0.77
2014-04-18 14:00:00,36,0.64
2014-04-18 15:00:00,42,0.46
2014-04-18 16:00:00,35,0.23
2014-04-18 17:00:00,37,0.04
2014-04-18 18:00:00,36,0.01
2014-04-18 19:00:00,39,0.0
2014-04-18 20:00:00,33,0.0
2014-04-18 21:00:00,33,0.0
2014-04-18 22:00:00,32,0.0
2014-04-18 23:00:00,30,0.0
2014-04-19 00:00:00,33,0.0
2014-04-19 01:00:00,39,0.0
2014-04-19 02:00:00,37,0.0
2014-04-19 03:00:00,34,0.0
2014-04-19 04:00:00,29,0.0
2014-04-19 05:00:00,42,0.02
2014-04-19 06:00:00,50,0.07
2014-04-19 07:00:00,43,0.22
2014-04-19 08:00:00,42,0.32
2014-04-19 09:00:00,32,0.65
2014-04-19 10:00:00,43,0.74
2014-04-19 11:00:00,37,0.92
2014-04-19 12:00:00,33,0.88
2014-04-19 13:00:00,33,0.82
2014-04-19 14:00:00,28,0.69
2014-04-19 15:00:00,38,0.49
2014-04-19 16:00:00,39,0.19
2014-04-19 17:00:00,40,0.05
2014-04-19 18:00:00,33,0.01
2014-04-19 19:00:00,44,0.0
2014-04-19 20:00:00,41,0.0
2014-04-19 21:00:00,33,0.0
2014-04-19 22:00:00,31,0.0
2014-04-19 23:00:00,32,0.0
2014-04-20 00:00:00,32,0.0
2014-04-20 01:00:00,34,0.0
2014-04-20 02:00:00,32,0.0
2014-04-20 03:00:00,41,0.0
2014-04-20 04:00:00,42,0.0
2014-04-20 05:00:00,42,0.04
2014-04-20 06:00:00,52,0.21
2014-04-20 07:00:00,36,0.43
2014-04-20 08:00:00,52,0.63
2014-04-20 09:00:00,35,0.81
2014-04-20 10:00:00,45,0.92
2014-04-20 11:00:00,50,0.94
2014-04-20 12:00:00,46,0.92
2014-04-20 13:00:00,34,0.8
2014-04-20 14:00:00,29,0.71
2014-04-20 15:00:00,42,0.52
2014-04-20 16:00:00,38,0.16
2014-04-20 17:00:00,39,0.06
2014-04-20 18:00:00,41,0.01
2014-04-20 19:00:00,42,0.0
2014-04-20 20:00:00,43,0.0
2014-04-20 21:00:00,32,0.0
2014-04-20 22:00:00,28,0.0
2014-04-20 23:00:00,24,0.0
2014-04-21 00:00:00,30,0.0
2014-04-21 01:00:00,31,0.0
2014-04-21 02:00:00,24,0.0
2014-04-21 03:00:00,29,0.0
2014-04-21 04:00:00,30,0.0
2014-04-21 05:00:00,36,0.01
2014-04-21 06:00:00,41,0.08
2014-04-21 07:00:00,40,0.15
2014-04-21 08:00:00,39,0.25
2014-04-21 09:00:00,47,0.47
2014-04-21 10:00:00,56,0.47
2014-04-21 11:00:00,63,0.5
2014-04-21 12:00:00,57,0.22
2014-04-21 13:00:00,54,0.29
2014-04-21 14:00:00,56,0.45
2014-04-21 15:00:00,53,0.17
2014-04-21 16:00:00,52,0.11
2014-04-21 17:00:00,52,0.03
2014-04-21 18:00:00,45,0.01
2014-04-21 19:00:00,44,0.0
2014-04-21 20:00:00,41,0.0
2014-04-21 21:00:00,37,0.0
2014-04-21 22:00:00,30,0.0
2014-04-21 23:00:00,34,0.0
2014-04-22 00:00:00,32,0.0
2014-04-22 01:00:00,33,0.0
2014-04-22 02:00:00,36,0.0
2014-04-22 03:00:00,31,0.0
2014-04-22 04:00:00,33,0.0
2014-04-22 05:00:00,33,0.02
2014-04-22 06:00:00,44,0.09
2014-04-22 07:00:00,42,0.18
2014-04-22 08:00:00,37,0.34
2014-04-22 09:00:00,28,0.62
2014-04-22 10:00:00,35,0.66
2014-04-22 11:00:00,35,0.82
2014-04-22 12:00:00,28,0.87
2014-04-22 13:00:00,25,0.49
2014-04-22 14:00:00,30,0.29
2014-04-22 15:00:00,30,0.13
2014-04-22 16:00:00,36,0.11
2014-04-22 17:00:00,33,0.04
2014-04-22 18:00:00,31,0.01
2014-04-22 19:00:00,31,0.0
2014-04-22 20:00:00,29,0.0
2014-04-22 21:00:00,25,0.0
2014-04-22 22:00:00,23,0.0
2014-04-22 23:00:00,24,0.0
2014-04-23 00:00:00,24,0.0
2014-04-23 01:00:00,28,0.0
2014-04-23 02:00:00,25,0.0
2014-04-23 03:00:00,19,0.0
2014-04-23 04:00:00,19,0.0
2014-04-23 05:00:00,23,0.03
2014-04-23 06:00:00,30,0.18
2014-04-23 07:00:00,27,0.39
2014-04-23 08:00:00,26,0.26
2014-04-23 09:00:00,25,0.42
2014-04-23 10:00:00,30,0.27
2014-04-23 11:00:00,37,0.39
2014-04-23 12:00:00,27,0.36
2014-04-23 13:00:00,24,0.21
2014-04-23 14:00:00,24,0.2
2014-04-23 15:00:00,31,0.15
2014-04-23 16:00:00,29,0.08
2014-04-23 17:00:00,30,0.03
2014-04-23 18:00:00,28,0.01
2014-04-23 19:00:00,26,0.0
2014-04-23 20:00:00,24,0.0
2014-04-23 21:00:00,19,0.0
2014-04-23 22:00:00,17,0.0
2014-04-23 23:00:00,16,0.0
2014-04-24 00:00:00,17,0.0
2014-04-24 01:00:00,18,0.0
2014-04-24 02:00:00,19,0.0
2014-04-24 03:00:00,18,0.0
2014-04-24 04:00:00,18,0.0
2014-04-24 05:00:00,23,0.02
2014-04-24 06:00:00,29,0.12
2014-04-24 07:00:00,25,0.37
2014-04-24 08:00:00,26,0.4
2014-04-24 09:00:00,22,0.38
2014-04-24 10:00:00,29,0.42
2014-04-24 11:00:00,27,0.2
2014-04-24 12:00:00,26,0.22
2014-04-24 13:00:00,24,0.19
2014-04-24 14:00:00,20,0.19
2014-04-24 15:00:00,28,0.12
2014-04-24 16:00:00,26,0.07
2014-04-24 17:00:00,25,0.03
2014-04-24 18:00:00,26,0.01
2014-04-24 19:00:00,31,0.0
2014-04-24 20:00:00,26,0.0
2014-04-24 21:00:00,19,0.0
2014-04-24 22:00:00,17,0.0
2014-04-24 23:00:00,17,0.0
2014-04-25 00:00:00,19,0.0
2014-04-25 01:00:00,20,0.0
2014-04-25 02:00:00,20,0.0
2014-04-25 03:00:00,28,0.0
2014-04-25 04:00:00,24,0.0
2014-04-25 05:00:00,33,0.03
2014-04-25 06:00:00,38,0.11
2014-04-25 07:00:00,29,0.4
2014-04-25 08:00:00,25,0.4
2014-04-25 09:00:00,25,0.51
2014-04-25 10:00:00,27,0.88
2014-04-25 11:00:00,26,0.91
2014-04-25 12:00:00,23,0.9
2014-04-25 13:00:00,24,0.78
2014-04-25 14:00:00,18,0.6
2014-04-25 15:00:00,25,0.21
2014-04-25 16:00:00,27,0.15
2014-04-25 17:00:00,27,0.06
2014-04-25 18:00:00,28,0.01
2014-04-25 19:00:00,28,0.0
2014-04-25 20:00:00,28,0.0
2014-04-25 21:00:00,22,0.0
2014-04-25 22:00:00,18,0.0
2014-04-25 23:00:00,17,0.0
2014-04-26 00:00:00,16,0.0
2014-04-26 01:00:00,16,0.0
2014-04-26 02:00:00,17,0.0
2014-04-26 03:00:00,16,0.0
2014-04-26 04:00:00,16,0.0
2014-04-26 05:00:00,21,0.02
2014-04-26 06:00:00,32,0.1
2014-04-26 07:00:00,29,0.26
2014-04-26 08:00:00,23,0.21
2014-04-26 09:00:00,24,0.22
2014-04-26 10:00:00,30,0.32
2014-04-26 11:00:00,30,0.33
2014-04-26 12:00:00,24,0.52
2014-04-26 13:00:00,25,0.27
2014-04-26 14:00:00,19,0.21
2014-04-26 15:00:00,27,0.23
2014-04-26 16:00:00,28,0.11
2014-04-26 17:00:00,33,0.04
2014-04-26 18:00:00,26,0.01
2014-04-26 19:00:00,25,0.0
2014-04-26 20:00:00,21,0.0
2014-04-26 21:00:00,19,0.0
2014-04-26 22:00:00,17,0.0
2014-04-26 23:00:00,15,0.0
2014-04-27 00:00:00,15,0.0
2014-04-27 01:00:00,16,0.0
2014-04-27 02:00:00,16,0.0
2014-04-27 03:00:00,16,0.0
2014-04-27 04:00:00,16,0.0
2014-04-27 05:00:00,19,0.02
2014-04-27 06:00:00,31,0.1
2014-04-27 07:00:00,25,0.24
2014-04-27 08:00:00,23,0.49
2014-04-27 09:00:00,18,0.32
2014-04-27 10:00:00,18,0.58
2014-04-27 11:00:00,24,0.56
2014-04-27 12:00:00,14,0.19
2014-04-27 13:00:00,14,0.22
2014-04-27 14:00:00,11,0.17
2014-04-27 15:00:00,20,0.12
2014-04-27 16:00:00,19,0.08
2014-04-27 17:00:00,24,0.03
2014-04-27 18:00:00,26,0.01
2014-04-27 19:00:00,27,0.0
2014-04-27 20:00:00,25,0.0
2014-04-27 21:00:00,19,0.0
2014-04-27 22:00:00,18,0.0
2014-04-27 23:00:00,19,0.0
2014-04-28 00:00:00,19,0.0
2014-04-28 01:00:00,17,0.0
2014-04-28 02:00:00,16,0.0
2014-04-28 03:00:00,16,0.0
2014-04-28 04:00:00,16,0.0
2014-04-28 05:00:00,20,0.05
2014-04-28 06:00:00,28,0.24
2014-04-28 07:00:00,27,0.46
2014-04-28 08:00:00,29,0.66
2014-04-28 09:00:00,29,0.82
2014-04-28 10:00:00,35,0.95
2014-04-28 11:00:00,33,0.88
2014-04-28 12:00:00,27,0.93
2014-04-28 13:00:00,28,0.86
2014-04-28 14:00:00,29,0.7
2014-04-28 15:00:00,35,0.55
2014-04-28 16:00:00,31,0.3
2014-04-28 17:00:00,30,0.06
2014-04-28 18:00:00,29,0.01
2014-04-28 19:00:00,32,0.0
2014-04-28 20:00:00,27,0.0
2014-04-28 21:00:00,20,0.0
2014-04-28 22:00:00,19,0.0
2014-04-28 23:00:00,18,0.0
2014-04-29 00:00:00,18,0.0
2014-04-29 01:00:00,18,0.0
2014-04-29 02:00:00,18,0.0
2014-04-29 03:00:00,18,0.0
2014-04-29 04:00:00,19,0.0
2014-04-29 05:00:00,22,0.05
2014-04-29 06:00:00,28,0.24
2014-04-29 07:00:00,26,0.45
2014-04-29 08:00:00,27,0.64
2014-04-29 09:00:00,26,0.82
2014-04-29 10:00:00,30,0.88
2014-04-29 11:00:00,35,0.85
2014-04-29 12:00:00,29,0.56
2014-04-29 13:00:00,26,0.45
2014-04-29 14:00:00,25,0.54
2014-04-29 15:00:00,31,0.44
2014-04-29 16:00:00,31,0.11
2014-04-29 17:00:00,30,0.03
2014-04-29 18:00:00,27,0.01
2014-04-29 19:00:00,27,0.0
2014-04-29 20:00:00,26,0.0
2014-04-29 21:00:00,20,0.0
2014-04-29 22:00:00,17,0.0
2014-04-29 23:00:00,17,0.0
2014-04-30 00:00:00,16,0.0
2014-04-30 01:00:00,16,0.0
2014-04-30 02:00:00,16,0.0
2014-04-30 03:00:00,16,0.0
2014-04-30 04:00:00,16,0.0
2014-04-30 05:00:00,20,0.05
2014-04-30 06:00:00,27,0.24
2014-04-30 07:00:00,26,0.45
2014-04-30 08:00:00,29,0.66
2014-04-30 09:00:00,31,0.82
2014-04-30 10:00:00,41,0.94
2014-04-30 11:00:00,43,0.98
2014-04-30 12:00:00,42,0.95
2014-04-30 13:00:00,40,0.91
2014-04-30 14:00:00,35,0.73
2014-04-30 15:00:00,41,0.54
2014-04-30 16:00:00,39,0.29
2014-04-30 17:00:00,41,0.05
2014-04-30 18:00:00,35,0.01
2014-04-30 19:00:00,30,0.0
2014-04-30 20:00:00,27,0.0
2014-04-30 21:00:00,20,0.0
2014-04-30 22:00:00,20,0.0
2014-04-30 23:00:00,18,0.0
2014-05-01 00:00:00,17,0.0
2014-05-01 01:00:00,17,0.0
2014-05-01 02:00:00,18,0.0
2014-05-01 03:00:00,18,0.0
2014-05-01 04:00:00,18,0.0
2014-05-01 05:00:00,21,0.05
2014-05-01 06:00:00,32,0.24
2014-05-01 07:00:00,29,0.45
2014-05-01 08:00:00,26,0.65
2014-05-01 09:00:00,30,0.81
2014-05-01 10:00:00,35,0.9
2014-05-01 11:00:00,26,0.93
2014-05-01 12:00:00,25,0.91
2014-05-01 13:00:00,23,0.84
2014-05-01 14:00:00,22,0.48
2014-05-01 15:00:00,30,0.22
2014-05-01 16:00:00,33,0.23
2014-05-01 17:00:00,37,0.07
2014-05-01 18:00:00,30,0.01
2014-05-01 19:00:00,31,0.0
2014-05-01 20:00:00,26,0.0
2014-05-01 21:00:00,19,0.0
2014-05-01 22:00:00,17,0.0
2014-05-01 23:00:00,16,0.0
2014-05-02 00:00:00,16,0.0
2014-05-02 01:00:00,16,0.0
2014-05-02 02:00:00,16,0.0
2014-05-02 03:00:00,16,0.0
2014-05-02 04:00:00,17,0.0
2014-05-02 05:00:00,21,0.02
2014-05-02 06:00:00,27,0.09
2014-05-02 07:00:00,26,0.18
2014-05-02 08:00:00,23,0.26
2014-05-02 09:00:00,24,0.3
2014-05-02 10:00:00,27,0.66
2014-05-02 11:00:00,26,0.57
2014-05-02 12:00:00,23,0.31
2014-05-02 13:00:00,19,0.17
2014-05-02 14:00:00,17,0.14
2014-05-02 15:00:00,23,0.11
2014-05-02 16:00:00,29,0.04
2014-05-02 17:00:00,26,0.02
2014-05-02 18:00:00,27,0.01
2014-05-02 19:00:00,32,0.0
2014-05-02 20:00:00,24,0.0
2014-05-02 21:00:00,19,0.0
2014-05-02 22:00:00,17,0.0
2014-05-02 23:00:00,16,0.0
2014-05-03 00:00:00,17,0.0
2014-05-03 01:00:00,17,0.0
2014-05-03 02:00:00,16,0.0
2014-05-03 03:00:00,17,0.0
2014-05-03 04:00:00,17,0.0
2014-05-03 05:00:00,20,0.01
2014-05-03 06:00:00,25,0.05
2014-05-03 07:00:00,22,0.14
2014-05-03 08:00:00,23,0.26
2014-05-03 09:00:00,19,0.6
2014-05-03 10:00:00,28,0.78
2014-05-03 11:00:00,26,0.56
2014-05-03 12:00:00,20,0.8
2014-05-03 13:00:00,22,0.4
2014-05-03 14:00:00,17,0.53
2014-05-03 15:00:00,27,0.2
2014-05-03 16:00:00,26,0.09
2014-05-03 17:00:00,27,0.04
2014-05-03 18:00:00,29,0.01
2014-05-03 19:00:00,31,0.0
2014-05-03 20:00:00,27,0.0
2014-05-03 21:00:00,20,0.0
2014-05-03 22:00:00,17,0.0
2014-05-03 23:00:00,22,0.0
2014-05-04 00:00:00,22,0.0
2014-05-04 01:00:00,18,0.0
2014-05-04 02:00:00,17,0.0
2014-05-04 03:00:00,16,0.0
2014-05-04 04:00:00,16,0.0
2014-05-04 05:00:00,19,0.06
2014-05-04 06:00:00,25,0.25
2014-05-04 07:00:00,23,0.48
2014-05-04 08:00:00,22,0.68
2014-05-04 09:00:00,15,0.8
2014-05-04 10:00:00,15,0.96
2014-05-04 11:00:00,18,0.99
2014-05-04 12:00:00,16,0.84
2014-05-04 13:00:00,12,0.86
2014-05-04 14:00:00,16,0.68
2014-05-04 15:00:00,23,0.53
2014-05-04 16:00:00,20,0.25
2014-05-04 17:00:00,24,0.06
2014-05-04 18:00:00,24,0.01
2014-05-04 19:00:00,27,0.0
2014-05-04 20:00:00,24,0.0
2014-05-04 21:00:00,18,0.0
2014-05-04 22:00:00,17,0.0
2014-05-04 23:00:00,17,0.0
2014-05-05 00:00:00,16,0.0
2014-05-05 01:00:00,16,0.0
2014-05-05 02:00:00,16,0.0
2014-05-05 03:00:00,17,0.0
2014-05-05 04:00:00,17,0.0
2014-05-05 05:00:00,20,0.06
2014-05-05 06:00:00,29,0.26
2014-05-05 07:00:00,28,0.47
2014-05-05 08:00:00,30,0.67
2014-05-05 09:00:00,29,0.83
2014-05-05 10:00:00,40,0.93
2014-05-05 11:00:00,42,0.92
2014-05-05 12:00:00,38,0.94
2014-05-05 13:00:00,36,0.89
2014-05-05 14:00:00,35,0.75
2014-05-05 15:00:00,37,0.56
2014-05-05 16:00:00,34,0.3
2014-05-05 17:00:00,36,0.07
2014-05-05 18:00:00,32,0.01
2014-05-05 19:00:00,29,0.0
2014-05-05 20:00:00,28,0.0
2014-05-05 21:00:00,20,0.0
2014-05-05 22:00:00,19,0.0
2014-05-05 23:00:00,17,0.0
2014-05-06 00:00:00,17,0.0
2014-05-06 01:00:00,17,0.0
2014-05-06 02:00:00,17,0.0
2014-05-06 03:00:00,20,0.0
2014-05-06 04:00:00,17,0.0
2014-05-06 05:00:00,23,0.07
2014-05-06 06:00:00,27,0.25
2014-05-06 07:00:00,31,0.47
2014-05-06 08:00:00,29,0.67
2014-05-06 09:00:00,28,0.79
2014-05-06 10:00:00,42,0.89
2014-05-06 11:00:00,42,0.92
2014-05-06 12:00:00,39,0.93
2014-05-06 13:00:00,36,0.86
2014-05-06 14:00:00,33,0.62
2014-05-06 15:00:00,35,0.36
2014-05-06 16:00:00,27,0.19
2014-05-06 17:00:00,26,0.07
2014-05-06 18:00:00,25,0.01
2014-05-06 19:00:00,26,0.0
2014-05-06 20:00:00,24,0.0
2014-05-06 21:00:00,20,0.0
2014-05-06 22:00:00,18,0.0
2014-05-06 23:00:00,18,0.0
2014-05-07 00:00:00,17,0.0
2014-05-07 01:00:00,21,0.0
2014-05-07 02:00:00,19,0.0
2014-05-07 03:00:00,18,0.0
2014-05-07 04:00:00,20,0.0
2014-05-07 05:00:00,22,0.01
2014-05-07 06:00:00,27,0.03
2014-05-07 07:00:00,24,0.05
2014-05-07 08:00:00,23,0.07
2014-05-07 09:00:00,19,0.09
2014-05-07 10:00:00,29,0.09
2014-05-07 11:00:00,29,0.14
2014-05-07 12:00:00,25,0.11
2014-05-07 13:00:00,26,0.07
2014-05-07 14:00:00,22,0.09
2014-05-07 15:00:00,27,0.04
2014-05-07 16:00:00,26,0.03
2014-05-07 17:00:00,28,0.01
2014-05-07 18:00:00,30,0.01
2014-05-07 19:00:00,29,0.0
2014-05-07 20:00:00,26,0.0
2014-05-07 21:00:00,21,0.0
2014-05-07 22:00:00,19,0.0
2014-05-07 23:00:00,24,0.0
2014-05-08 00:00:00,24,0.0
2014-05-08 01:00:00,27,0.0
2014-05-08 02:00:00,30,0.0
2014-05-08 03:00:00,26,0.0
2014-05-08 04:00:00,29,0.0
2014-05-08 05:00:00,30,0.01
2014-05-08 06:00:00,33,0.03
2014-05-08 07:00:00,25,0.07
2014-05-08 08:00:00,24,0.08
2014-05-08 09:00:00,21,0.16
2014-05-08 10:00:00,25,0.12
2014-05-08 11:00:00,27,0.15
2014-05-08 12:00:00,22,0.2
2014-05-08 13:00:00,24,0.13
2014-05-08 14:00:00,22,0.1
2014-05-08 15:00:00,27,0.07
2014-05-08 16:00:00,29,0.05
2014-05-08 17:00:00,32,0.02
2014-05-08 18:00:00,27,0.0
2014-05-08 19:00:00,30,0.0
2014-05-08 20:00:00,25,0.0
2014-05-08 21:00:00,19,0.0
2014-05-08 22:00:00,17,0.0
2014-05-08 23:00:00,17,0.0
2014-05-09 00:00:00,19,0.0
2014-05-09 01:00:00,19,0.0
2014-05-09 02:00:00,17,0.0
2014-05-09 03:00:00,17,0.0
2014-05-09 04:00:00,17,0.0
2014-05-09 05:00:00,21,0.01
2014-05-09 06:00:00,26,0.03
2014-05-09 07:00:00,23,0.08
2014-05-09 08:00:00,22,0.21
2014-05-09 09:00:00,21,0.21
2014-05-09 10:00:00,28,0.23
2014-05-09 11:00:00,28,0.24
2014-05-09 12:00:00,27,0.16
2014-05-09 13:00:00,27,0.12
2014-05-09 14:00:00,25,0.07
2014-05-09 15:00:00,35,0.07
2014-05-09 16:00:00,28,0.05
2014-05-09 17:00:00,26,0.03
2014-05-09 18:00:00,28,0.0
2014-05-09 19:00:00,29,0.0
2014-05-09 20:00:00,25,0.0
2014-05-09 21:00:00,19,0.0
2014-05-09 22:00:00,18,0.0
2014-05-09 23:00:00,17,0.0
2014-05-10 00:00:00,17,0.0
2014-05-10 01:00:00,18,0.0
2014-05-10 02:00:00,17,0.0
2014-05-10 03:00:00,18,0.0
2014-05-10 04:00:00,18,0.0
2014-05-10 05:00:00,22,0.04
2014-05-10 06:00:00,27,0.18
2014-05-10 07:00:00,23,0.44
2014-05-10 08:00:00,24,0.48
2014-05-10 09:00:00,22,0.64
2014-05-10 10:00:00,31,0.87
2014-05-10 11:00:00,31,0.87
2014-05-10 12:00:00,25,0.86
2014-05-10 13:00:00,24,0.53
2014-05-10 14:00:00,19,0.49
2014-05-10 15:00:00,28,0.39
2014-05-10 16:00:00,25,0.3
2014-05-10 17:00:00,25,0.07
2014-05-10 18:00:00,25,0.01
2014-05-10 19:00:00,28,0.0
2014-05-10 20:00:00,25,0.0
2014-05-10 21:00:00,17,0.0
2014-05-10 22:00:00,16,0.0
2014-05-10 23:00:00,16,0.0
2014-05-11 00:00:00,16,0.0
2014-05-11 01:00:00,18,0.0
2014-05-11 02:00:00,18,0.0
2014-05-11 03:00:00,17,0.0
2014-05-11 04:00:00,16,0.0
2014-05-11 05:00:00,19,0.07
2014-05-11 06:00:00,24,0.28
2014-05-11 07:00:00,22,0.49
2014-05-11 08:00:00,21,0.69
2014-05-11 09:00:00,15,0.86
2014-05-11 10:00:00,17,0.96
2014-05-11 11:00:00,20,0.94
2014-05-11 12:00:00,17,0.96
2014-05-11 13:00:00,12,0.91
2014-05-11 14:00:00,12,0.76
2014-05-11 15:00:00,20,0.57
2014-05-11 16:00:00,19,0.32
2014-05-11 17:00:00,25,0.08
2014-05-11 18:00:00,26,0.01
2014-05-11 19:00:00,28,0.0
2014-05-11 20:00:00,26,0.0
2014-05-11 21:00:00,19,0.0
2014-05-11 22:00:00,18,0.0
2014-05-11 23:00:00,18,0.0
2014-05-12 00:00:00,17,0.0
2014-05-12 01:00:00,18,0.0
2014-05-12 02:00:00,17,0.0
2014-05-12 03:00:00,18,0.0
2014-05-12 04:00:00,18,0.0
2014-05-12 05:00:00,22,0.07
2014-05-12 06:00:00,28,0.24
2014-05-12 07:00:00,26,0.49
2014-05-12 08:00:00,24,0.69
2014-05-12 09:00:00,20,0.78
2014-05-12 10:00:00,30,0.84
2014-05-12 11:00:00,29,1.0
2014-05-12 12:00:00,24,0.83
2014-05-12 13:00:00,21,0.92
2014-05-12 14:00:00,25,0.74
2014-05-12 15:00:00,29,0.56
2014-05-12 16:00:00,32,0.32
2014-05-12 17:00:00,38,0.08
2014-05-12 18:00:00,31,0.02
2014-05-12 19:00:00,30,0.0
2014-05-12 20:00:00,25,0.0
2014-05-12 21:00:00,18,0.0
2014-05-12 22:00:00,16,0.0
2014-05-12 23:00:00,16,0.0
2014-05-13 00:00:00,16,0.0
2014-05-13 01:00:00,16,0.0
2014-05-13 02:00:00,16,0.0
2014-05-13 03:00:00,16,0.0
2014-05-13 04:00:00,16,0.0
2014-05-13 05:00:00,20,0.04
2014-05-13 06:00:00,26,0.2
2014-05-13 07:00:00,27,0.25
2014-05-13 08:00:00,25,0.51
2014-05-13 09:00:00,28,0.55
2014-05-13 10:00:00,34,0.25
2014-05-13 11:00:00,34,0.13
2014-05-13 12:00:00,29,0.08
2014-05-13 13:00:00,21,0.06
2014-05-13 14:00:00,20,0.05
2014-05-13 15:00:00,25,0.04
2014-05-13 16:00:00,25,0.03
2014-05-13 17:00:00,27,0.01
2014-05-13 18:00:00,26,0.0
2014-05-13 19:00:00,28,0.0
2014-05-13 20:00:00,27,0.0
2014-05-13 21:00:00,23,0.0
2014-05-13 22:00:00,19,0.0
2014-05-13 23:00:00,17,0.0
2014-05-14 00:00:00,16,0.0
2014-05-14 01:00:00,16,0.0
2014-05-14 02:00:00,17,0.0
2014-05-14 03:00:00,16,0.0
2014-05-14 04:00:00,17,0.0
2014-05-14 05:00:00,21,0.05
2014-05-14 06:00:00,27,0.15
2014-05-14 07:00:00,26,0.33
2014-05-14 08:00:00,27,0.67
2014-05-14 09:00:00,24,0.82
2014-05-14 10:00:00,30,0.91
2014-05-14 11:00:00,27,0.91
2014-05-14 12:00:00,23,0.65
2014-05-14 13:00:00,23,0.61
2014-05-14 14:00:00,19,0.63
2014-05-14 15:00:00,29,0.36
2014-05-14 16:00:00,29,0.13
2014-05-14 17:00:00,33,0.07
2014-05-14 18:00:00,33,0.01
2014-05-14 19:00:00,32,0.0
2014-05-14 20:00:00,27,0.0
2014-05-14 21:00:00,21,0.0
2014-05-14 22:00:00,18,0.0
2014-05-14 23:00:00,18,0.0
2014-05-15 00:00:00,17,0.0
2014-05-15 01:00:00,17,0.0
2014-05-15 02:00:00,17,0.0
2014-05-15 03:00:00,17,0.0
2014-05-15 04:00:00,17,0.0
2014-05-15 05:00:00,21,0.08
2014-05-15 06:00:00,28,0.27
2014-05-15 07:00:00,30,0.48
2014-05-15 08:00:00,29,0.68
2014-05-15 09:00:00,23,0.83
2014-05-15 10:00:00,38,0.93
2014-05-15 11:00:00,33,0.96
2014-05-15 12:00:00,29,0.83
2014-05-15 13:00:00,25,0.6
2014-05-15 14:00:00,27,0.61
2014-05-15 15:00:00,31,0.21
2014-05-15 16:00:00,31,0.25
2014-05-15 17:00:00,31,0.08
2014-05-15 18:00:00,29,0.01
2014-05-15 19:00:00,30,0.0
2014-05-15 20:00:00,24,0.0
2014-05-15 21:00:00,19,0.0
2014-05-15 22:00:00,18,0.0
2014-05-15 23:00:00,16,0.0
2014-05-16 00:00:00,18,0.0
2014-05-16 01:00:00,17,0.0
2014-05-16 02:00:00,16,0.0
2014-05-16 03:00:00,16,0.0
2014-05-16 04:00:00,17,0.01
2014-05-16 05:00:00,21,0.08
2014-05-16 06:00:00,23,0.28
2014-05-16 07:00:00,24,0.49
2014-05-16 08:00:00,23,0.68
2014-05-16 09:00:00,21,0.84
2014-05-16 10:00:00,25,0.97
2014-05-16 11:00:00,24,1.0
2014-05-16 12:00:00,23,0.97
2014-05-16 13:00:00,32,0.88
2014-05-16 14:00:00,24,0.75
2014-05-16 15:00:00,28,0.57
2014-05-16 16:00:00,25,0.32
2014-05-16 17:00:00,27,0.08
2014-05-16 18:00:00,27,0.01
2014-05-16 19:00:00,28,0.0
2014-05-16 20:00:00,26,0.0
2014-05-16 21:00:00,18,0.0
2014-05-16 22:00:00,17,0.0
2014-05-16 23:00:00,16,0.0
2014-05-17 00:00:00,15,0.0
2014-05-17 01:00:00,16,0.0
2014-05-17 02:00:00,16,0.0
2014-05-17 03:00:00,16,0.0
2014-05-17 04:00:00,16,0.01
2014-05-17 05:00:00,19,0.03
2014-05-17 06:00:00,23,0.08
2014-05-17 07:00:00,21,0.16
2014-05-17 08:00:00,23,0.23
2014-05-17 09:00:00,19,0.3
2014-05-17 10:00:00,27,0.52
2014-05-17 11:00:00,25,0.47
2014-05-17 12:00:00,21,0.49
2014-05-17 13:00:00,21,0.51
2014-05-17 14:00:00,17,0.46
2014-05-17 15:00:00,29,0.23
2014-05-17 16:00:00,24,0.11
2014-05-17 17:00:00,23,0.05
2014-05-17 18:00:00,26,0.01
2014-05-17 19:00:00,29,0.0
2014-05-17 20:00:00,28,0.0
2014-05-17 21:00:00,21,0.0
2014-05-17 22:00:00,18,0.0
2014-05-17 23:00:00,17,0.0
2014-05-18 00:00:00,18,0.0
2014-05-18 01:00:00,17,0.0
2014-05-18 02:00:00,17,0.0
2014-05-18 03:00:00,17,0.0
2014-05-18 04:00:00,18,0.01
2014-05-18 05:00:00,20,0.08
2014-05-18 06:00:00,24,0.28
2014-05-18 07:00:00,23,0.49
2014-05-18 08:00:00,21,0.67
2014-05-18 09:00:00,14,0.82
2014-05-18 10:00:00,18,0.9
2014-05-18 11:00:00,19,0.89
2014-05-18 12:00:00,17,0.73
2014-05-18 13:00:00,19,0.55
2014-05-18 14:00:00,13,0.42
2014-05-18 15:00:00,21,0.29
2014-05-18 16:00:00,20,0.25
2014-05-18 17:00:00,24,0.07
2014-05-18 18:00:00,23,0.01
2014-05-18 19:00:00,27,0.0
2014-05-18 20:00:00,24,0.0
2014-05-18 21:00:00,18,0.0
2014-05-18 22:00:00,16,0.0
2014-05-18 23:00:00,16,0.0
2014-05-19 00:00:00,16,0.0
2014-05-19 01:00:00,16,0.0
2014-05-19 02:00:00,16,0.0
2014-05-19 03:00:00,16,0.0
2014-05-19 04:00:00,17,0.01
2014-05-19 05:00:00,19,0.02
2014-05-19 06:00:00,25,0.15
2014-05-19 07:00:00,24,0.44
2014-05-19 08:00:00,23,0.65
2014-05-19 09:00:00,23,0.84
2014-05-19 10:00:00,26,0.94
2014-05-19 11:00:00,25,0.98
2014-05-19 12:00:00,19,0.96
2014-05-19 13:00:00,25,0.87
2014-05-19 14:00:00,21,0.74
2014-05-19 15:00:00,29,0.57
2014-05-19 16:00:00,42,0.34
2014-05-19 17:00:00,31,0.08
2014-05-19 18:00:00,37,0.01
2014-05-19 19:00:00,30,0.0
2014-05-19 20:00:00,28,0.0
2014-05-19 21:00:00,20,0.0
2014-05-19 22:00:00,19,0.0
2014-05-19 23:00:00,17,0.0
2014-05-20 00:00:00,17,0.0
2014-05-20 01:00:00,18,0.0
2014-05-20 02:00:00,17,0.0
2014-05-20 03:00:00,17,0.0
2014-05-20 04:00:00,18,0.01
2014-05-20 05:00:00,21,0.06
2014-05-20 06:00:00,24,0.13
2014-05-20 07:00:00,26,0.37
2014-05-20 08:00:00,24,0.23
2014-05-20 09:00:00,22,0.18
2014-05-20 10:00:00,29,0.33
2014-05-20 11:00:00,27,0.91
2014-05-20 12:00:00,31,0.94
2014-05-20 13:00:00,29,0.75
2014-05-20 14:00:00,24,0.57
2014-05-20 15:00:00,28,0.52
2014-05-20 16:00:00,30,0.33
2014-05-20 17:00:00,30,0.06
2014-05-20 18:00:00,29,0.01
2014-05-20 19:00:00,29,0.0
2014-05-20 20:00:00,27,0.0
2014-05-20 21:00:00,21,0.0
2014-05-20 22:00:00,21,0.0
2014-05-20 23:00:00,21,0.0
2014-05-21 00:00:00,18,0.0
2014-05-21 01:00:00,17,0.0
2014-05-21 02:00:00,17,0.0
2014-05-21 03:00:00,18,0.0
2014-05-21 04:00:00,18,0.01
2014-05-21 05:00:00,22,0.05
2014-05-21 06:00:00,28,0.13
2014-05-21 07:00:00,28,0.39
2014-05-21 08:00:00,31,0.63
2014-05-21 09:00:00,30,0.85
2014-05-21 10:00:00,34,0.95
2014-05-21 11:00:00,42,1.0
2014-05-21 12:00:00,36,0.97
2014-05-21 13:00:00,32,0.85
2014-05-21 14:00:00,32,0.72
2014-05-21 15:00:00,36,0.58
2014-05-21 16:00:00,33,0.34
2014-05-21 17:00:00,30,0.07
2014-05-21 18:00:00,32,0.02
2014-05-21 19:00:00,31,0.0
2014-05-21 20:00:00,27,0.0
2014-05-21 21:00:00,19,0.0
2014-05-21 22:00:00,21,0.0
2014-05-21 23:00:00,18,0.0
2014-05-22 00:00:00,18,0.0
2014-05-22 01:00:00,19,0.0
2014-05-22 02:00:00,18,0.0
2014-05-22 03:00:00,18,0.0
2014-05-22 04:00:00,18,0.01
2014-05-22 05:00:00,21,0.09
2014-05-22 06:00:00,29,0.3
2014-05-22 07:00:00,26,0.5
2014-05-22 08:00:00,26,0.7
2014-05-22 09:00:00,19,0.85
2014-05-22 10:00:00,28,0.97
2014-05-22 11:00:00,28,0.99
2014-05-22 12:00:00,25,0.78
2014-05-22 13:00:00,20,0.76
2014-05-22 14:00:00,17,0.76
2014-05-22 15:00:00,26,0.58
2014-05-22 16:00:00,27,0.35
2014-05-22 17:00:00,28,0.08
2014-05-22 18:00:00,28,0.02
2014-05-22 19:00:00,28,0.0
2014-05-22 20:00:00,25,0.0
2014-05-22 21:00:00,20,0.0
2014-05-22 22:00:00,18,0.0
2014-05-22 23:00:00,18,0.0
2014-05-23 00:00:00,19,0.0
2014-05-23 01:00:00,18,0.0
2014-05-23 02:00:00,16,0.0
2014-05-23 03:00:00,16,0.0
2014-05-23 04:00:00,17,0.01
2014-05-23 05:00:00,21,0.04
2014-05-23 06:00:00,25,0.12
2014-05-23 07:00:00,23,0.24
2014-05-23 08:00:00,26,0.36
2014-05-23 09:00:00,26,0.29
2014-05-23 10:00:00,29,0.22
2014-05-23 11:00:00,27,0.19
2014-05-23 12:00:00,21,0.13
2014-05-23 13:00:00,23,0.11
2014-05-23 14:00:00,21,0.13
2014-05-23 15:00:00,24,0.13
2014-05-23 16:00:00,27,0.05
2014-05-23 17:00:00,26,0.03
2014-05-23 18:00:00,26,0.01
2014-05-23 19:00:00,28,0.0
2014-05-23 20:00:00,25,0.0
2014-05-23 21:00:00,19,0.0
2014-05-23 22:00:00,17,0.0
2014-05-23 23:00:00,16,0.0
2014-05-24 00:00:00,17,0.0
2014-05-24 01:00:00,17,0.0
2014-05-24 02:00:00,17,0.0
2014-05-24 03:00:00,15,0.0
2014-05-24 04:00:00,15,0.01
2014-05-24 05:00:00,18,0.08
2014-05-24 06:00:00,26,0.29
2014-05-24 07:00:00,24,0.49
2014-05-24 08:00:00,25,0.68
2014-05-24 09:00:00,22,0.83
2014-05-24 10:00:00,27,0.81
2014-05-24 11:00:00,29,0.71
2014-05-24 12:00:00,27,0.9
2014-05-24 13:00:00,20,0.73
2014-05-24 14:00:00,19,0.36
2014-05-24 15:00:00,27,0.2
2014-05-24 16:00:00,26,0.14
2014-05-24 17:00:00,26,0.06
2014-05-24 18:00:00,26,0.01
2014-05-24 19:00:00,27,0.0
2014-05-24 20:00:00,24,0.0
2014-05-24 21:00:00,19,0.0
2014-05-24 22:00:00,17,0.0
2014-05-24 23:00:00,16,0.0
2014-05-25 00:00:00,16,0.0
2014-05-25 01:00:00,16,0.0
2014-05-25 02:00:00,16,0.0
2014-05-25 03:00:00,16,0.0
2014-05-25 04:00:00,16,0.01
2014-05-25 05:00:00,20,0.05
2014-05-25 06:00:00,26,0.14
2014-05-25 07:00:00,24,0.29
2014-05-25 08:00:00,24,0.63
2014-05-25 09:00:00,21,0.77
2014-05-25 10:00:00,21,0.76
2014-05-25 11:00:00,25,0.8
2014-05-25 12:00:00,20,0.81
2014-05-25 13:00:00,19,0.88
2014-05-25 14:00:00,16,0.73
2014-05-25 15:00:00,22,0.56
2014-05-25 16:00:00,21,0.34
2014-05-25 17:00:00,26,0.07
2014-05-25 18:00:00,28,0.03
2014-05-25 19:00:00,32,0.0
2014-05-25 20:00:00,29,0.0
2014-05-25 21:00:00,20,0.0
2014-05-25 22:00:00,18,0.0
2014-05-25 23:00:00,18,0.0
2014-05-26 00:00:00,17,0.0
2014-05-26 01:00:00,18,0.0
2014-05-26 02:00:00,19,0.0
2014-05-26 03:00:00,17,0.0
2014-05-26 04:00:00,17,0.01
2014-05-26 05:00:00,22,0.03
2014-05-26 06:00:00,27,0.11
2014-05-26 07:00:00,27,0.25
2014-05-26 08:00:00,27,0.31
2014-05-26 09:00:00,31,0.36
2014-05-26 10:00:00,39,0.53
2014-05-26 11:00:00,39,0.46
2014-05-26 12:00:00,32,0.74
2014-05-26 13:00:00,31,0.22
2014-05-26 14:00:00,32,0.19
2014-05-26 15:00:00,40,0.13
2014-05-26 16:00:00,33,0.08
2014-05-26 17:00:00,32,0.04
2014-05-26 18:00:00,31,0.01
2014-05-26 19:00:00,32,0.0
2014-05-26 20:00:00,27,0.0
2014-05-26 21:00:00,20,0.0
2014-05-26 22:00:00,17,0.0
2014-05-26 23:00:00,17,0.0
2014-05-27 00:00:00,17,0.0
2014-05-27 01:00:00,19,0.0
2014-05-27 02:00:00,17,0.0
2014-05-27 03:00:00,17,0.0
2014-05-27 04:00:00,18,0.01
2014-05-27 05:00:00,20,0.1
2014-05-27 06:00:00,24,0.29
2014-05-27 07:00:00,25,0.5
2014-05-27 08:00:00,26,0.69
2014-05-27 09:00:00,22,0.86
2014-05-27 10:00:00,31,0.96
2014-05-27 11:00:00,33,0.95
2014-05-27 12:00:00,34,0.79
2014-05-27 13:00:00,27,0.72
2014-05-27 14:00:00,27,0.56
2014-05-27 15:00:00,39,0.32
2014-05-27 16:00:00,35,0.2
2014-05-27 17:00:00,32,0.08
2014-05-27 18:00:00,31,0.02
2014-05-27 19:00:00,34,0.0
2014-05-27 20:00:00,28,0.0
2014-05-27 21:00:00,20,0.0
2014-05-27 22:00:00,17,0.0
2014-05-27 23:00:00,16,0.0
2014-05-28 00:00:00,18,0.0
2014-05-28 01:00:00,17,0.0
2014-05-28 02:00:00,16,0.0
2014-05-28 03:00:00,16,0.0
2014-05-28 04:00:00,16,0.01
2014-05-28 05:00:00,20,0.02
2014-05-28 06:00:00,26,0.07
2014-05-28 07:00:00,27,0.17
2014-05-28 08:00:00,28,0.21
2014-05-28 09:00:00,31,0.25
2014-05-28 10:00:00,28,0.29
2014-05-28 11:00:00,29,0.42
2014-05-28 12:00:00,24,0.54
2014-05-28 13:00:00,26,0.64
2014-05-28 14:00:00,31,0.22
2014-05-28 15:00:00,31,0.16
2014-05-28 16:00:00,34,0.1
2014-05-28 17:00:00,37,0.05
2014-05-28 18:00:00,38,0.01
2014-05-28 19:00:00,38,0.0
2014-05-28 20:00:00,28,0.0
2014-05-28 21:00:00,22,0.0
2014-05-28 22:00:00,20,0.0
2014-05-28 23:00:00,18,0.0
2014-05-29 00:00:00,17,0.0
2014-05-29 01:00:00,17,0.0
2014-05-29 02:00:00,16,0.0
2014-05-29 03:00:00,17,0.0
2014-05-29 04:00:00,17,0.01
2014-05-29 05:00:00,21,0.03
2014-05-29 06:00:00,26,0.11
2014-05-29 07:00:00,25,0.2
2014-05-29 08:00:00,23,0.28
2014-05-29 09:00:00,21,0.62
2014-05-29 10:00:00,28,0.54
2014-05-29 11:00:00,27,0.4
2014-05-29 12:00:00,26,0.39
2014-05-29 13:00:00,28,0.47
2014-05-29 14:00:00,32,0.52
2014-05-29 15:00:00,45,0.45
2014-05-29 16:00:00,40,0.12
2014-05-29 17:00:00,37,0.07
2014-05-29 18:00:00,30,0.01
2014-05-29 19:00:00,32,0.0
2014-05-29 20:00:00,28,0.0
2014-05-29 21:00:00,21,0.0
2014-05-29 22:00:00,19,0.0
2014-05-29 23:00:00,18,0.0
2014-05-30 00:00:00,19,0.0
2014-05-30 01:00:00,17,0.0
2014-05-30 02:00:00,17,0.0
2014-05-30 03:00:00,17,0.0
2014-05-30 04:00:00,17,0.01
2014-05-30 05:00:00,21,0.03
2014-05-30 06:00:00,27,0.1
2014-05-30 07:00:00,25,0.16
2014-05-30 08:00:00,23,0.18
2014-05-30 09:00:00,20,0.21
2014-05-30 10:00:00,29,0.19
2014-05-30 11:00:00,28,0.18
2014-05-30 12:00:00,31,0.17
2014-05-30 13:00:00,27,0.19
2014-05-30 14:00:00,27,0.17
2014-05-30 15:00:00,37,0.09
2014-05-30 16:00:00,39,0.05
2014-05-30 17:00:00,39,0.04
2014-05-30 18:00:00,33,0.01
2014-05-30 19:00:00,33,0.0
2014-05-30 20:00:00,30,0.0
2014-05-30 21:00:00,21,0.0
2014-05-30 22:00:00,22,0.0
2014-05-30 23:00:00,19,0.0
2014-05-31 00:00:00,19,0.0
2014-05-31 01:00:00,18,0.0
2014-05-31 02:00:00,18,0.0
2014-05-31 03:00:00,18,0.0
2014-05-31 04:00:00,18,0.01
2014-05-31 05:00:00,22,0.05
2014-05-31 06:00:00,24,0.11
2014-05-31 07:00:00,24,0.15
2014-05-31 08:00:00,22,0.16
2014-05-31 09:00:00,26,0.2
2014-05-31 10:00:00,36,0.22
2014-05-31 11:00:00,39,0.14
2014-05-31 12:00:00,37,0.2
2014-05-31 13:00:00,36,0.1
2014-05-31 14:00:00,27,0.13
2014-05-31 15:00:00,48,0.09
2014-05-31 16:00:00,53,0.06
2014-05-31 17:00:00,49,0.03
2014-05-31 18:00:00,40,0.01
2014-05-31 19:00:00,35,0.0
2014-05-31 20:00:00,30,0.0
2014-05-31 21:00:00,21,0.0
2014-05-31 22:00:00,17,0.0
2014-05-31 23:00:00,17,0.0
2014-06-01 00:00:00,17,0.0
2014-06-01 01:00:00,17,0.0
2014-06-01 02:00:00,16,0.0
2014-06-01 03:00:00,17,0.0
2014-06-01 04:00:00,16,0.01
2014-06-01 05:00:00,20,0.02
2014-06-01 06:00:00,25,0.05
2014-06-01 07:00:00,23,0.09
2014-06-01 08:00:00,21,0.13
2014-06-01 09:00:00,19,0.18
2014-06-01 10:00:00,26,0.25
2014-06-01 11:00:00,25,0.15
2014-06-01 12:00:00,24,0.22
2014-06-01 13:00:00,19,0.15
2014-06-01 14:00:00,22,0.12
2014-06-01 15:00:00,37,0.09
2014-06-01 16:00:00,39,0.05
2014-06-01 17:00:00,48,0.03
2014-06-01 18:00:00,44,0.01
2014-06-01 19:00:00,44,0.0
2014-06-01 20:00:00,39,0.0
2014-06-01 21:00:00,29,0.0
2014-06-01 22:00:00,25,0.0
2014-06-01 23:00:00,21,0.0
2014-06-02 00:00:00,20,0.0
2014-06-02 01:00:00,20,0.0
2014-06-02 02:00:00,24,0.0
2014-06-02 03:00:00,20,0.0
2014-06-02 04:00:00,18,0.01
2014-06-02 05:00:00,22,0.01
2014-06-02 06:00:00,26,0.04
2014-06-02 07:00:00,25,0.07
2014-06-02 08:00:00,27,0.11
2014-06-02 09:00:00,34,0.13
2014-06-02 10:00:00,39,0.16
2014-06-02 11:00:00,41,0.09
2014-06-02 12:00:00,54,0.1
2014-06-02 13:00:00,50,0.13
2014-06-02 14:00:00,47,0.07
2014-06-02 15:00:00,58,0.08
2014-06-02 16:00:00,55,0.05
2014-06-02 17:00:00,53,0.02
2014-06-02 18:00:00,51,0.01
2014-06-02 19:00:00,46,0.0
2014-06-02 20:00:00,35,0.0
2014-06-02 21:00:00,29,0.0
2014-06-02 22:00:00,19,0.0
2014-06-02 23:00:00,18,0.0
2014-06-03 00:00:00,18,0.0
2014-06-03 01:00:00,18,0.0
2014-06-03 02:00:00,17,0.0
2014-06-03 03:00:00,17,0.0
2014-06-03 04:00:00,17,0.01
2014-06-03 05:00:00,20,0.05
2014-06-03 06:00:00,26,0.19
2014-06-03 07:00:00,23,0.39
2014-06-03 08:00:00,23,0.68
2014-06-03 09:00:00,23,0.58
2014-06-03 10:00:00,31,0.38
2014-06-03 11:00:00,34,0.78
2014-06-03 12:00:00,36,0.9
2014-06-03 13:00:00,17,0.53
2014-06-03 14:00:00,17,0.39
2014-06-03 15:00:00,41,0.19
2014-06-03 16:00:00,46,0.14
2014-06-03 17:00:00,47,0.06
2014-06-03 18:00:00,46,0.01
2014-06-03 19:00:00,48,0.0
2014-06-03 20:00:00,39,0.0
2014-06-03 21:00:00,28,0.0
2014-06-03 22:00:00,25,0.0
2014-06-03 23:00:00,26,0.0
2014-06-04 00:00:00,25,0.0
2014-06-04 01:00:00,25,0.0
2014-06-04 02:00:00,22,0.0
2014-06-04 03:00:00,22,0.0
2014-06-04 04:00:00,22,0.01
2014-06-04 05:00:00,22,0.1
2014-06-04 06:00:00,30,0.29
2014-06-04 07:00:00,32,0.51
2014-06-04 08:00:00,32,0.7
2014-06-04 09:00:00,29,0.87
2014-06-04 10:00:00,37,1.0
2014-06-04 11:00:00,39,1.0
2014-06-04 12:00:00,39,0.95
2014-06-04 13:00:00,30,0.88
2014-06-04 14:00:00,27,0.65
2014-06-04 15:00:00,37,0.34
2014-06-04 16:00:00,37,0.35
2014-06-04 17:00:00,40,0.09
2014-06-04 18:00:00,39,0.02
2014-06-04 19:00:00,45,0.0
2014-06-04 20:00:00,30,0.0
2014-06-04 21:00:00,22,0.0
2014-06-04 22:00:00,21,0.0
2014-06-04 23:00:00,18,0.0
2014-06-05 00:00:00,17,0.0
2014-06-05 01:00:00,16,0.0
2014-06-05 02:00:00,16,0.0
2014-06-05 03:00:00,17,0.0
2014-06-05 04:00:00,17,0.01
2014-06-05 05:00:00,23,0.05
2014-06-05 06:00:00,24,0.16
2014-06-05 07:00:00,25,0.46
2014-06-05 08:00:00,29,0.62
2014-06-05 09:00:00,29,0.79
2014-06-05 10:00:00,32,0.6
2014-06-05 11:00:00,36,0.57
2014-06-05 12:00:00,33,0.31
2014-06-05 13:00:00,27,0.26
2014-06-05 14:00:00,30,0.22
2014-06-05 15:00:00,40,0.16
2014-06-05 16:00:00,33,0.1
2014-06-05 17:00:00,35,0.05
2014-06-05 18:00:00,30,0.01
2014-06-05 19:00:00,31,0.0
2014-06-05 20:00:00,26,0.0
2014-06-05 21:00:00,20,0.0
2014-06-05 22:00:00,19,0.0
2014-06-05 23:00:00,18,0.0
2014-06-06 00:00:00,18,0.0
2014-06-06 01:00:00,18,0.0
2014-06-06 02:00:00,18,0.0
2014-06-06 03:00:00,18,0.0
2014-06-06 04:00:00,18,0.01
2014-06-06 05:00:00,21,0.11
2014-06-06 06:00:00,26,0.3
2014-06-06 07:00:00,26,0.5
2014-06-06 08:00:00,31,0.69
2014-06-06 09:00:00,31,0.85
2014-06-06 10:00:00,38,0.82
2014-06-06 11:00:00,37,0.74
2014-06-06 12:00:00,41,0.6
2014-06-06 13:00:00,34,0.46
2014-06-06 14:00:00,31,0.26
2014-06-06 15:00:00,43,0.24
2014-06-06 16:00:00,36,0.13
2014-06-06 17:00:00,35,0.06
2014-06-06 18:00:00,30,0.01
2014-06-06 19:00:00,29,0.0
2014-06-06 20:00:00,26,0.0
2014-06-06 21:00:00,18,0.0
2014-06-06 22:00:00,16,0.0
2014-06-06 23:00:00,16,0.0
2014-06-07 00:00:00,16,0.0
2014-06-07 01:00:00,15,0.0
2014-06-07 02:00:00,16,0.0
2014-06-07 03:00:00,16,0.0
2014-06-07 04:00:00,16,0.01
2014-06-07 05:00:00,19,0.04
2014-06-07 06:00:00,25,0.12
2014-06-07 07:00:00,24,0.13
2014-06-07 08:00:00,25,0.2
2014-06-07 09:00:00,25,0.21
2014-06-07 10:00:00,37,0.35
2014-06-07 11:00:00,37,0.23
2014-06-07 12:00:00,35,0.21
2014-06-07 13:00:00,34,0.21
2014-06-07 14:00:00,33,0.19
2014-06-07 15:00:00,37,0.13
2014-06-07 16:00:00,37,0.07
2014-06-07 17:00:00,32,0.04
2014-06-07 18:00:00,29,0.01
2014-06-07 19:00:00,28,0.0
2014-06-07 20:00:00,25,0.0
2014-06-07 21:00:00,18,0.0
2014-06-07 22:00:00,17,0.0
2014-06-07 23:00:00,16,0.0
2014-06-08 00:00:00,16,0.0
2014-06-08 01:00:00,16,0.0
2014-06-08 02:00:00,16,0.0
2014-06-08 03:00:00,16,0.0
2014-06-08 04:00:00,16,0.01
2014-06-08 05:00:00,20,0.04
2014-06-08 06:00:00,26,0.1
2014-06-08 07:00:00,25,0.2
2014-06-08 08:00:00,27,0.29
2014-06-08 09:00:00,23,0.45
2014-06-08 10:00:00,25,0.48
2014-06-08 11:00:00,30,0.68
2014-06-08 12:00:00,27,0.81
2014-06-08 13:00:00,25,0.32
2014-06-08 14:00:00,21,0.22
2014-06-08 15:00:00,28,0.15
2014-06-08 16:00:00,29,0.11
2014-06-08 17:00:00,32,0.05
2014-06-08 18:00:00,30,0.01
2014-06-08 19:00:00,30,0.0
2014-06-08 20:00:00,26,0.0
2014-06-08 21:00:00,18,0.0
2014-06-08 22:00:00,18,0.0
2014-06-08 23:00:00,17,0.0
2014-06-09 00:00:00,17,0.0
2014-06-09 01:00:00,17,0.0
2014-06-09 02:00:00,17,0.0
2014-06-09 03:00:00,17,0.0
2014-06-09 04:00:00,18,0.01
2014-06-09 05:00:00,21,0.04
2014-06-09 06:00:00,26,0.1
2014-06-09 07:00:00,27,0.35
2014-06-09 08:00:00,28,0.51
2014-06-09 09:00:00,24,0.74
2014-06-09 10:00:00,39,0.84
2014-06-09 11:00:00,38,0.68
2014-06-09 12:00:00,33,0.58
2014-06-09 13:00:00,27,0.46
2014-06-09 14:00:00,45,0.39
2014-06-09 15:00:00,46,0.15
2014-06-09 16:00:00,37,0.13
2014-06-09 17:00:00,37,0.05
2014-06-09 18:00:00,30,0.01
2014-06-09 19:00:00,30,0.0
2014-06-09 20:00:00,27,0.0
2014-06-09 21:00:00,18,0.0
2014-06-09 22:00:00,17,0.0
2014-06-09 23:00:00,16,0.0
2014-06-10 00:00:00,16,0.0
2014-06-10 01:00:00,17,0.0
2014-06-10 02:00:00,16,0.0
2014-06-10 03:00:00,17,0.0
2014-06-10 04:00:00,17,0.01
2014-06-10 05:00:00,20,0.04
2014-06-10 06:00:00,26,0.13
2014-06-10 07:00:00,23,0.33
2014-06-10 08:00:00,26,0.46
2014-06-10 09:00:00,25,0.67
2014-06-10 10:00:00,30,0.42
2014-06-10 11:00:00,34,0.51
2014-06-10 12:00:00,35,0.49
2014-06-10 13:00:00,23,0.27
2014-06-10 14:00:00,26,0.24
2014-06-10 15:00:00,37,0.16
2014-06-10 16:00:00,38,0.1
2014-06-10 17:00:00,37,0.05
2014-06-10 18:00:00,36,0.01
2014-06-10 19:00:00,33,0.0
2014-06-10 20:00:00,28,0.0
2014-06-10 21:00:00,20,0.0
2014-06-10 22:00:00,19,0.0
2014-06-10 23:00:00,21,0.0
2014-06-11 00:00:00,18,0.0
2014-06-11 01:00:00,16,0.0
2014-06-11 02:00:00,17,0.0
2014-06-11 03:00:00,17,0.0
2014-06-11 04:00:00,16,0.01
2014-06-11 05:00:00,20,0.01
2014-06-11 06:00:00,25,0.03
2014-06-11 07:00:00,28,0.04
2014-06-11 08:00:00,33,0.05
2014-06-11 09:00:00,31,0.07
2014-06-11 10:00:00,40,0.29
2014-06-11 11:00:00,42,0.2
2014-06-11 12:00:00,40,0.27
2014-06-11 13:00:00,36,0.41
2014-06-11 14:00:00,36,0.44
2014-06-11 15:00:00,41,0.19
2014-06-11 16:00:00,38,0.12
2014-06-11 17:00:00,38,0.06
2014-06-11 18:00:00,32,0.01
2014-06-11 19:00:00,31,0.0
2014-06-11 20:00:00,24,0.0
2014-06-11 21:00:00,18,0.0
2014-06-11 22:00:00,16,0.0
2014-06-11 23:00:00,16,0.0
2014-06-12 00:00:00,16,0.0
2014-06-12 01:00:00,15,0.0
2014-06-12 02:00:00,15,0.0
2014-06-12 03:00:00,15,0.0
2014-06-12 04:00:00,16,0.01
2014-06-12 05:00:00,19,0.04
2014-06-12 06:00:00,25,0.13
2014-06-12 07:00:00,27,0.27
2014-06-12 08:00:00,31,0.43
2014-06-12 09:00:00,28,0.6
2014-06-12 10:00:00,40,0.56
2014-06-12 11:00:00,36,0.46
2014-06-12 12:00:00,29,0.32
2014-06-12 13:00:00,26,0.47
2014-06-12 14:00:00,28,0.21
2014-06-12 15:00:00,38,0.18
2014-06-12 16:00:00,31,0.11
2014-06-12 17:00:00,32,0.05
2014-06-12 18:00:00,29,0.01
2014-06-12 19:00:00,29,0.0
2014-06-12 20:00:00,26,0.0
2014-06-12 21:00:00,17,0.0
2014-06-12 22:00:00,19,0.0
2014-06-12 23:00:00,20,0.0
2014-06-13 00:00:00,19,0.0
2014-06-13 01:00:00,19,0.0
2014-06-13 02:00:00,19,0.0
2014-06-13 03:00:00,19,0.0
2014-06-13 04:00:00,18,0.01
2014-06-13 05:00:00,22,0.04
2014-06-13 06:00:00,24,0.13
2014-06-13 07:00:00,26,0.19
2014-06-13 08:00:00,29,0.48
2014-06-13 09:00:00,27,0.46
2014-06-13 10:00:00,33,0.64
2014-06-13 11:00:00,34,0.64
2014-06-13 12:00:00,40,0.53
2014-06-13 13:00:00,29,0.52
2014-06-13 14:00:00,31,0.32
2014-06-13 15:00:00,53,0.27
2014-06-13 16:00:00,44,0.13
2014-06-13 17:00:00,42,0.06
2014-06-13 18:00:00,35,0.01
2014-06-13 19:00:00,37,0.0
2014-06-13 20:00:00,31,0.0
2014-06-13 21:00:00,21,0.0
2014-06-13 22:00:00,17,0.0
2014-06-13 23:00:00,17,0.0
2014-06-14 00:00:00,20,0.0
2014-06-14 01:00:00,18,0.0
2014-06-14 02:00:00,17,0.0
2014-06-14 03:00:00,16,0.0
2014-06-14 04:00:00,16,0.01
2014-06-14 05:00:00,19,0.1
2014-06-14 06:00:00,23,0.3
2014-06-14 07:00:00,22,0.5
2014-06-14 08:00:00,24,0.68
2014-06-14 09:00:00,25,0.83
2014-06-14 10:00:00,34,0.88
2014-06-14 11:00:00,34,0.57
2014-06-14 12:00:00,40,0.48
2014-06-14 13:00:00,35,0.44
2014-06-14 14:00:00,34,0.3
2014-06-14 15:00:00,50,0.18
2014-06-14 16:00:00,50,0.15
2014-06-14 17:00:00,41,0.07
2014-06-14 18:00:00,34,0.01
2014-06-14 19:00:00,34,0.0
2014-06-14 20:00:00,27,0.0
2014-06-14 21:00:00,18,0.0
2014-06-14 22:00:00,17,0.0
2014-06-14 23:00:00,16,0.0
2014-06-15 00:00:00,16,0.0
2014-06-15 01:00:00,16,0.0
2014-06-15 02:00:00,17,0.0
2014-06-15 03:00:00,17,0.0
2014-06-15 04:00:00,17,0.01
2014-06-15 05:00:00,20,0.04
2014-06-15 06:00:00,25,0.13
2014-06-15 07:00:00,23,0.36
2014-06-15 08:00:00,21,0.66
2014-06-15 09:00:00,17,0.47
2014-06-15 10:00:00,19,0.24
2014-06-15 11:00:00,24,0.3
2014-06-15 12:00:00,29,0.24
2014-06-15 13:00:00,33,0.25
2014-06-15 14:00:00,23,0.19
2014-06-15 15:00:00,38,0.14
2014-06-15 16:00:00,43,0.09
2014-06-15 17:00:00,41,0.05
2014-06-15 18:00:00,40,0.01
2014-06-15 19:00:00,36,0.0
2014-06-15 20:00:00,34,0.0
2014-06-15 21:00:00,28,0.0
2014-06-15 22:00:00,27,0.0
2014-06-15 23:00:00,18,0.0
2014-06-16 00:00:00,18,0.0
2014-06-16 01:00:00,22,0.0
2014-06-16 02:00:00,21,0.0
2014-06-16 03:00:00,21,0.0
2014-06-16 04:00:00,20,0.01
2014-06-16 05:00:00,23,0.03
2014-06-16 06:00:00,27,0.11
2014-06-16 07:00:00,25,0.15
2014-06-16 08:00:00,26,0.27
2014-06-16 09:00:00,29,0.3
2014-06-16 10:00:00,43,0.21
2014-06-16 11:00:00,41,0.22
2014-06-16 12:00:00,39,0.19
2014-06-16 13:00:00,30,0.12
2014-06-16 14:00:00,33,0.11
2014-06-16 15:00:00,53,0.09
2014-06-16 16:00:00,57,0.07
2014-06-16 17:00:00,55,0.03
2014-06-16 18:00:00,44,0.01
2014-06-16 19:00:00,48,0.0
2014-06-16 20:00:00,38,0.0
2014-06-16 21:00:00,25,0.0
2014-06-16 22:00:00,22,0.0
2014-06-16 23:00:00,18,0.0
2014-06-17 00:00:00,21,0.0
2014-06-17 01:00:00,22,0.0
2014-06-17 02:00:00,20,0.0
2014-06-17 03:00:00,18,0.0
2014-06-17 04:00:00,19,0.01
2014-06-17 05:00:00,21,0.03
2014-06-17 06:00:00,25,0.06
2014-06-17 07:00:00,25,0.15
2014-06-17 08:00:00,26,0.27
2014-06-17 09:00:00,26,0.21
2014-06-17 10:00:00,36,0.27
2014-06-17 11:00:00,44,0.66
2014-06-17 12:00:00,45,0.14
2014-06-17 13:00:00,40,0.08
2014-06-17 14:00:00,40,0.13
2014-06-17 15:00:00,50,0.09
2014-06-17 16:00:00,60,0.07
2014-06-17 17:00:00,48,0.05
2014-06-17 18:00:00,52,0.01
2014-06-17 19:00:00,45,0.0
2014-06-17 20:00:00,41,0.0
2014-06-17 21:00:00,25,0.0
2014-06-17 22:00:00,24,0.0
2014-06-17 23:00:00,23,0.0
2014-06-18 00:00:00,22,0.0
2014-06-18 01:00:00,23,0.0
2014-06-18 02:00:00,21,0.0
2014-06-18 03:00:00,21,0.0
2014-06-18 04:00:00,18,0.01
2014-06-18 05:00:00,20,0.02
2014-06-18 06:00:00,32,0.07
2014-06-18 07:00:00,39,0.11
2014-06-18 08:00:00,37,0.17
2014-06-18 09:00:00,40,0.21
2014-06-18 10:00:00,44,0.2
2014-06-18 11:00:00,48,0.18
2014-06-18 12:00:00,44,0.18
2014-06-18 13:00:00,40,0.14
2014-06-18 14:00:00,31,0.11
2014-06-18 15:00:00,44,0.06
2014-06-18 16:00:00,50,0.03
2014-06-18 17:00:00,43,0.03
2014-06-18 18:00:00,39,0.01
2014-06-18 19:00:00,42,0.0
2014-06-18 20:00:00,27,0.0
2014-06-18 21:00:00,18,0.0
2014-06-18 22:00:00,16,0.0
2014-06-18 23:00:00,17,0.0
2014-06-19 00:00:00,15,0.0
2014-06-19 01:00:00,15,0.0
2014-06-19 02:00:00,15,0.0
2014-06-19 03:00:00,15,0.0
2014-06-19 04:00:00,16,0.01
2014-06-19 05:00:00,19,0.03
2014-06-19 06:00:00,24,0.09
2014-06-19 07:00:00,24,0.19
2014-06-19 08:00:00,23,0.34
2014-06-19 09:00:00,24,0.54
2014-06-19 10:00:00,27,0.28
2014-06-19 11:00:00,32,0.24
2014-06-19 12:00:00,25,0.26
2014-06-19 13:00:00,26,0.25
2014-06-19 14:00:00,27,0.19
2014-06-19 15:00:00,42,0.14
2014-06-19 16:00:00,50,0.09
2014-06-19 17:00:00,52,0.05
2014-06-19 18:00:00,44,0.01
2014-06-19 19:00:00,35,0.0
2014-06-19 20:00:00,28,0.0
2014-06-19 21:00:00,19,0.0
2014-06-19 22:00:00,17,0.0
2014-06-19 23:00:00,16,0.0
2014-06-20 00:00:00,16,0.0
2014-06-20 01:00:00,16,0.0
2014-06-20 02:00:00,16,0.0
2014-06-20 03:00:00,16,0.0
2014-06-20 04:00:00,16,0.01
2014-06-20 05:00:00,19,0.04
2014-06-20 06:00:00,24,0.13
2014-06-20 07:00:00,24,0.37
2014-06-20 08:00:00,25,0.47
2014-06-20 09:00:00,21,0.17
2014-06-20 10:00:00,29,0.16
2014-06-20 11:00:00,27,0.25
2014-06-20 12:00:00,25,0.26
2014-06-20 13:00:00,27,0.12
2014-06-20 14:00:00,29,0.11
2014-06-20 15:00:00,45,0.12
2014-06-20 16:00:00,46,0.09
2014-06-20 17:00:00,40,0.05
2014-06-20 18:00:00,34,0.01
2014-06-20 19:00:00,35,0.0
2014-06-20 20:00:00,27,0.0
2014-06-20 21:00:00,25,0.0
2014-06-20 22:00:00,21,0.0
2014-06-20 23:00:00,20,0.0
2014-06-21 00:00:00,19,0.0
2014-06-21 01:00:00,19,0.0
2014-06-21 02:00:00,22,0.0
2014-06-21 03:00:00,19,0.0
2014-06-21 04:00:00,18,0.01
2014-06-21 05:00:00,22,0.03
2014-06-21 06:00:00,28,0.15
2014-06-21 07:00:00,29,0.29
2014-06-21 08:00:00,31,0.44
2014-06-21 09:00:00,31,0.6
2014-06-21 10:00:00,36,0.6
2014-06-21 11:00:00,43,0.41
2014-06-21 12:00:00,35,0.58
2014-06-21 13:00:00,32,0.7
2014-06-21 14:00:00,35,0.53
2014-06-21 15:00:00,49,0.34
2014-06-21 16:00:00,50,0.27
2014-06-21 17:00:00,49,0.08
2014-06-21 18:00:00,40,0.02
2014-06-21 19:00:00,38,0.0
2014-06-21 20:00:00,33,0.0
2014-06-21 21:00:00,24,0.0
2014-06-21 22:00:00,23,0.0
2014-06-21 23:00:00,24,0.0
2014-06-22 00:00:00,24,0.0
2014-06-22 01:00:00,20,0.0
2014-06-22 02:00:00,19,0.0
2014-06-22 03:00:00,20,0.0
2014-06-22 04:00:00,18,0.01
2014-06-22 05:00:00,19,0.1
2014-06-22 06:00:00,25,0.27
2014-06-22 07:00:00,27,0.5
2014-06-22 08:00:00,29,0.68
2014-06-22 09:00:00,32,0.86
2014-06-22 10:00:00,33,0.96
2014-06-22 11:00:00,36,1.0
2014-06-22 12:00:00,33,0.88
2014-06-22 13:00:00,26,0.78
2014-06-22 14:00:00,22,0.67
2014-06-22 15:00:00,31,0.38
2014-06-22 16:00:00,27,0.29
2014-06-22 17:00:00,29,0.08
2014-06-22 18:00:00,27,0.03
2014-06-22 19:00:00,32,0.0
2014-06-22 20:00:00,27,0.0
2014-06-22 21:00:00,18,0.0
2014-06-22 22:00:00,17,0.0
2014-06-22 23:00:00,17,0.0
2014-06-23 00:00:00,17,0.0
2014-06-23 01:00:00,16,0.0
2014-06-23 02:00:00,16,0.0
2014-06-23 03:00:00,16,0.0
2014-06-23 04:00:00,17,0.01
2014-06-23 05:00:00,19,0.03
2014-06-23 06:00:00,30,0.08
2014-06-23 07:00:00,33,0.2
2014-06-23 08:00:00,29,0.27
2014-06-23 09:00:00,34,0.44
2014-06-23 10:00:00,41,0.78
2014-06-23 11:00:00,39,0.66
2014-06-23 12:00:00,33,0.66
2014-06-23 13:00:00,31,0.47
2014-06-23 14:00:00,34,0.51
2014-06-23 15:00:00,37,0.29
2014-06-23 16:00:00,41,0.2
2014-06-23 17:00:00,37,0.09
2014-06-23 18:00:00,38,0.02
2014-06-23 19:00:00,35,0.0
2014-06-23 20:00:00,31,0.0
2014-06-23 21:00:00,20,0.0
2014-06-23 22:00:00,17,0.0
2014-06-23 23:00:00,16,0.0
2014-06-24 00:00:00,17,0.0
2014-06-24 01:00:00,17,0.0
2014-06-24 02:00:00,17,0.0
2014-06-24 03:00:00,16,0.0
2014-06-24 04:00:00,16,0.01
2014-06-24 05:00:00,18,0.05
2014-06-24 06:00:00,25,0.13
2014-06-24 07:00:00,26,0.37
2014-06-24 08:00:00,30,0.57
2014-06-24 09:00:00,29,0.75
2014-06-24 10:00:00,34,0.88
2014-06-24 11:00:00,36,0.87
2014-06-24 12:00:00,28,0.94
2014-06-24 13:00:00,25,0.84
2014-06-24 14:00:00,28,0.63
2014-06-24 15:00:00,37,0.32
2014-06-24 16:00:00,35,0.33
2014-06-24 17:00:00,37,0.11
2014-06-24 18:00:00,33,0.03
2014-06-24 19:00:00,30,0.0
2014-06-24 20:00:00,27,0.0
2014-06-24 21:00:00,19,0.0
2014-06-24 22:00:00,17,0.0
2014-06-24 23:00:00,16,0.0
2014-06-25 00:00:00,16,0.0
2014-06-25 01:00:00,16,0.0
2014-06-25 02:00:00,15,0.0
2014-06-25 03:00:00,16,0.0
2014-06-25 04:00:00,16,0.01
2014-06-25 05:00:00,18,0.09
2014-06-25 06:00:00,25,0.21
2014-06-25 07:00:00,25,0.44
2014-06-25 08:00:00,28,0.58
2014-06-25 09:00:00,26,0.75
2014-06-25 10:00:00,32,0.78
2014-06-25 11:00:00,31,0.85
2014-06-25 12:00:00,34,0.85
2014-06-25 13:00:00,25,0.83
2014-06-25 14:00:00,26,0.68
2014-06-25 15:00:00,42,0.42
2014-06-25 16:00:00,43,0.23
2014-06-25 17:00:00,40,0.08
2014-06-25 18:00:00,33,0.03
2014-06-25 19:00:00,33,0.0
2014-06-25 20:00:00,29,0.0
2014-06-25 21:00:00,20,0.0
2014-06-25 22:00:00,17,0.0
2014-06-25 23:00:00,17,0.0
2014-06-26 00:00:00,17,0.0
2014-06-26 01:00:00,16,0.0
2014-06-26 02:00:00,16,0.0
2014-06-26 03:00:00,16,0.0
2014-06-26 04:00:00,16,0.01
2014-06-26 05:00:00,18,0.03
2014-06-26 06:00:00,23,0.09
2014-06-26 07:00:00,22,0.33
2014-06-26 08:00:00,27,0.63
2014-06-26 09:00:00,28,0.67
2014-06-26 10:00:00,34,0.86
2014-06-26 11:00:00,38,0.55
2014-06-26 12:00:00,33,0.89
2014-06-26 13:00:00,22,0.54
2014-06-26 14:00:00,24,0.59
2014-06-26 15:00:00,38,0.45
2014-06-26 16:00:00,36,0.37
2014-06-26 17:00:00,34,0.11
2014-06-26 18:00:00,33,0.03
2014-06-26 19:00:00,33,0.0
2014-06-26 20:00:00,27,0.0
2014-06-26 21:00:00,18,0.0
2014-06-26 22:00:00,19,0.0
2014-06-26 23:00:00,17,0.0
2014-06-27 00:00:00,17,0.0
2014-06-27 01:00:00,18,0.0
2014-06-27 02:00:00,16,0.0
2014-06-27 03:00:00,18,0.0
2014-06-27 04:00:00,16,0.01
2014-06-27 05:00:00,20,0.01
2014-06-27 06:00:00,30,0.03
2014-06-27 07:00:00,30,0.06
2014-06-27 08:00:00,33,0.07
2014-06-27 09:00:00,36,0.09
2014-06-27 10:00:00,37,0.23
2014-06-27 11:00:00,37,0.26
2014-06-27 12:00:00,36,0.21
2014-06-27 13:00:00,37,0.56
2014-06-27 14:00:00,30,0.4
2014-06-27 15:00:00,49,0.21
2014-06-27 16:00:00,48,0.12
2014-06-27 17:00:00,57,0.06
2014-06-27 18:00:00,33,0.02
2014-06-27 19:00:00,37,0.0
2014-06-27 20:00:00,38,0.0
2014-06-27 21:00:00,24,0.0
2014-06-27 22:00:00,21,0.0
2014-06-27 23:00:00,19,0.0
2014-06-28 00:00:00,19,0.0
2014-06-28 01:00:00,18,0.0
2014-06-28 02:00:00,19,0.0
2014-06-28 03:00:00,19,0.0
2014-06-28 04:00:00,18,0.01
2014-06-28 05:00:00,19,0.09
2014-06-28 06:00:00,28,0.28
2014-06-28 07:00:00,32,0.4
2014-06-28 08:00:00,31,0.65
2014-06-28 09:00:00,30,0.55
2014-06-28 10:00:00,34,0.68
2014-06-28 11:00:00,43,0.55
2014-06-28 12:00:00,40,0.83
2014-06-28 13:00:00,35,0.86
2014-06-28 14:00:00,36,0.68
2014-06-28 15:00:00,39,0.4
2014-06-28 16:00:00,35,0.33
2014-06-28 17:00:00,35,0.1
2014-06-28 18:00:00,32,0.03
2014-06-28 19:00:00,32,0.0
2014-06-28 20:00:00,27,0.0
2014-06-28 21:00:00,19,0.0
2014-06-28 22:00:00,16,0.0
2014-06-28 23:00:00,16,0.0
2014-06-29 00:00:00,16,0.0
2014-06-29 01:00:00,16,0.0
2014-06-29 02:00:00,16,0.0
2014-06-29 03:00:00,16,0.0
2014-06-29 04:00:00,17,0.01
2014-06-29 05:00:00,17,0.1
2014-06-29 06:00:00,24,0.28
2014-06-29 07:00:00,24,0.48
2014-06-29 08:00:00,26,0.66
2014-06-29 09:00:00,22,0.82
2014-06-29 10:00:00,26,0.89
2014-06-29 11:00:00,27,0.88
2014-06-29 12:00:00,22,0.48
2014-06-29 13:00:00,22,0.55
2014-06-29 14:00:00,25,0.46
2014-06-29 15:00:00,39,0.26
2014-06-29 16:00:00,41,0.15
2014-06-29 17:00:00,42,0.08
2014-06-29 18:00:00,33,0.02
2014-06-29 19:00:00,35,0.0
2014-06-29 20:00:00,26,0.0
2014-06-29 21:00:00,17,0.0
2014-06-29 22:00:00,16,0.0
2014-06-29 23:00:00,18,0.0
2014-06-30 00:00:00,16,0.0
2014-06-30 01:00:00,16,0.0
2014-06-30 02:00:00,15,0.0
2014-06-30 03:00:00,15,0.0
2014-06-30 04:00:00,15,0.01
2014-06-30 05:00:00,18,0.08
2014-06-30 06:00:00,26,0.26
2014-06-30 07:00:00,27,0.47
2014-06-30 08:00:00,30,0.66
2014-06-30 09:00:00,31,0.82
2014-06-30 10:00:00,41,0.72
2014-06-30 11:00:00,37,0.6
2014-06-30 12:00:00,35,0.67
2014-06-30 13:00:00,27,0.54
2014-06-30 14:00:00,28,0.6
2014-06-30 15:00:00,36,0.42
2014-06-30 16:00:00,38,0.25
2014-06-30 17:00:00,36,0.1
2014-06-30 18:00:00,30,0.03
2014-06-30 19:00:00,35,0.0
2014-06-30 20:00:00,28,0.0
2014-06-30 21:00:00,19,0.0
2014-06-30 22:00:00,18,0.0
2014-06-30 23:00:00,19,0.0
2014-07-01 00:00:00,19,0.0
2014-07-01 01:00:00,18,0.0
2014-07-01 02:00:00,20,0.0
2014-07-01 03:00:00,18,0.0
2014-07-01 04:00:00,18,0.01
2014-07-01 05:00:00,20,0.05
2014-07-01 06:00:00,25,0.19
2014-07-01 07:00:00,27,0.4
2014-07-01 08:00:00,28,0.6
2014-07-01 09:00:00,26,0.49
2014-07-01 10:00:00,29,0.75
2014-07-01 11:00:00,35,0.4
2014-07-01 12:00:00,36,0.62
2014-07-01 13:00:00,43,0.61
2014-07-01 14:00:00,33,0.11
2014-07-01 15:00:00,39,0.06
2014-07-01 16:00:00,44,0.07
2014-07-01 17:00:00,38,0.07
2014-07-01 18:00:00,42,0.01
2014-07-01 19:00:00,46,0.0
2014-07-01 20:00:00,36,0.0
2014-07-01 21:00:00,19,0.0
2014-07-01 22:00:00,21,0.0
2014-07-01 23:00:00,21,0.0
2014-07-02 00:00:00,21,0.0
2014-07-02 01:00:00,22,0.0
2014-07-02 02:00:00,18,0.0
2014-07-02 03:00:00,16,0.0
2014-07-02 04:00:00,17,0.01
2014-07-02 05:00:00,20,0.08
2014-07-02 06:00:00,28,0.29
2014-07-02 07:00:00,31,0.47
2014-07-02 08:00:00,30,0.64
2014-07-02 09:00:00,33,0.78
2014-07-02 10:00:00,37,0.68
2014-07-02 11:00:00,38,0.56
2014-07-02 12:00:00,40,0.49
2014-07-02 13:00:00,29,0.62
2014-07-02 14:00:00,51,0.46
2014-07-02 15:00:00,65,0.3
2014-07-02 16:00:00,63,0.16
2014-07-02 17:00:00,60,0.09
2014-07-02 18:00:00,55,0.02
2014-07-02 19:00:00,51,0.0
2014-07-02 20:00:00,39,0.0
2014-07-02 21:00:00,22,0.0
2014-07-02 22:00:00,21,0.0
2014-07-02 23:00:00,26,0.0
2014-07-03 00:00:00,19,0.0
2014-07-03 01:00:00,18,0.0
2014-07-03 02:00:00,21,0.0
2014-07-03 03:00:00,18,0.0
2014-07-03 04:00:00,16,0.01
2014-07-03 05:00:00,18,0.05
2014-07-03 06:00:00,26,0.16
2014-07-03 07:00:00,28,0.37
2014-07-03 08:00:00,31,0.62
2014-07-03 09:00:00,31,0.8
2014-07-03 10:00:00,43,0.87
2014-07-03 11:00:00,39,0.85
2014-07-03 12:00:00,40,0.74
2014-07-03 13:00:00,29,0.44
2014-07-03 14:00:00,31,0.26
2014-07-03 15:00:00,46,0.19
2014-07-03 16:00:00,49,0.12
2014-07-03 17:00:00,47,0.06
2014-07-03 18:00:00,47,0.02
2014-07-03 19:00:00,39,0.0
2014-07-03 20:00:00,35,0.0
2014-07-03 21:00:00,27,0.0
2014-07-03 22:00:00,22,0.0
2014-07-03 23:00:00,19,0.0
2014-07-04 00:00:00,18,0.0
2014-07-04 01:00:00,18,0.0
2014-07-04 02:00:00,17,0.0
2014-07-04 03:00:00,17,0.0
2014-07-04 04:00:00,18,0.01
2014-07-04 05:00:00,21,0.04
2014-07-04 06:00:00,28,0.11
2014-07-04 07:00:00,29,0.23
2014-07-04 08:00:00,28,0.32
2014-07-04 09:00:00,30,0.64
2014-07-04 10:00:00,39,0.77
2014-07-04 11:00:00,37,0.71
2014-07-04 12:00:00,40,0.7
2014-07-04 13:00:00,31,0.45
2014-07-04 14:00:00,33,0.33
2014-07-04 15:00:00,35,0.18
2014-07-04 16:00:00,39,0.11
2014-07-04 17:00:00,34,0.06
2014-07-04 18:00:00,29,0.02
2014-07-04 19:00:00,31,0.0
2014-07-04 20:00:00,23,0.0
2014-07-04 21:00:00,20,0.0
2014-07-04 22:00:00,17,0.0
2014-07-04 23:00:00,18,0.0
2014-07-05 00:00:00,18,0.0
2014-07-05 01:00:00,17,0.0
2014-07-05 02:00:00,17,0.0
2014-07-05 03:00:00,16,0.0
2014-07-05 04:00:00,17,0.01
2014-07-05 05:00:00,19,0.02
2014-07-05 06:00:00,26,0.15
2014-07-05 07:00:00,28,0.41
2014-07-05 08:00:00,28,0.65
2014-07-05 09:00:00,30,0.82
2014-07-05 10:00:00,38,0.95
2014-07-05 11:00:00,39,0.99
2014-07-05 12:00:00,39,0.96
2014-07-05 13:00:00,29,0.88
2014-07-05 14:00:00,35,0.66
2014-07-05 15:00:00,38,0.37
2014-07-05 16:00:00,37,0.33
2014-07-05 17:00:00,34,0.11
2014-07-05 18:00:00,29,0.03
2014-07-05 19:00:00,31,0.0
2014-07-05 20:00:00,27,0.0
2014-07-05 21:00:00,19,0.0
2014-07-05 22:00:00,17,0.0
2014-07-05 23:00:00,16,0.0
2014-07-06 00:00:00,16,0.0
2014-07-06 01:00:00,16,0.0
2014-07-06 02:00:00,16,0.0
2014-07-06 03:00:00,16,0.0
2014-07-06 04:00:00,16,0.01
2014-07-06 05:00:00,18,0.05
2014-07-06 06:00:00,24,0.17
2014-07-06 07:00:00,30,0.29
2014-07-06 08:00:00,32,0.61
2014-07-06 09:00:00,26,0.82
2014-07-06 10:00:00,24,0.72
2014-07-06 11:00:00,32,0.77
2014-07-06 12:00:00,27,0.74
2014-07-06 13:00:00,15,0.45
2014-07-06 14:00:00,22,0.34
2014-07-06 15:00:00,34,0.21
2014-07-06 16:00:00,29,0.13
2014-07-06 17:00:00,32,0.07
2014-07-06 18:00:00,29,0.02
2014-07-06 19:00:00,33,0.0
2014-07-06 20:00:00,28,0.0
2014-07-06 21:00:00,21,0.0
2014-07-06 22:00:00,20,0.0
2014-07-06 23:00:00,21,0.0
2014-07-07 00:00:00,20,0.0
2014-07-07 01:00:00,20,0.0
2014-07-07 02:00:00,18,0.0
2014-07-07 03:00:00,19,0.0
2014-07-07 04:00:00,26,0.01
2014-07-07 05:00:00,22,0.01
2014-07-07 06:00:00,27,0.03
2014-07-07 07:00:00,29,0.08
2014-07-07 08:00:00,32,0.11
2014-07-07 09:00:00,39,0.19
2014-07-07 10:00:00,43,0.21
2014-07-07 11:00:00,46,0.17
2014-07-07 12:00:00,46,0.23
2014-07-07 13:00:00,38,0.15
2014-07-07 14:00:00,36,0.16
2014-07-07 15:00:00,36,0.12
2014-07-07 16:00:00,41,0.06
2014-07-07 17:00:00,35,0.05
2014-07-07 18:00:00,34,0.01
2014-07-07 19:00:00,34,0.0
2014-07-07 20:00:00,30,0.0
2014-07-07 21:00:00,21,0.0
2014-07-07 22:00:00,22,0.0
2014-07-07 23:00:00,19,0.0
2014-07-08 00:00:00,19,0.0
2014-07-08 01:00:00,20,0.0
2014-07-08 02:00:00,19,0.0
2014-07-08 03:00:00,18,0.0
2014-07-08 04:00:00,17,0.01
2014-07-08 05:00:00,21,0.02
2014-07-08 06:00:00,29,0.05
2014-07-08 07:00:00,28,0.17
2014-07-08 08:00:00,30,0.32
2014-07-08 09:00:00,29,0.38
2014-07-08 10:00:00,41,0.71
2014-07-08 11:00:00,40,0.99
2014-07-08 12:00:00,47,0.95
2014-07-08 13:00:00,44,0.77
2014-07-08 14:00:00,39,0.58
2014-07-08 15:00:00,53,0.35
2014-07-08 16:00:00,63,0.25
2014-07-08 17:00:00,58,0.09
2014-07-08 18:00:00,50,0.02
2014-07-08 19:00:00,45,0.0
2014-07-08 20:00:00,41,0.0
2014-07-08 21:00:00,26,0.0
2014-07-08 22:00:00,30,0.0
2014-07-08 23:00:00,31,0.0
2014-07-09 00:00:00,24,0.0
2014-07-09 01:00:00,18,0.0
2014-07-09 02:00:00,19,0.0
2014-07-09 03:00:00,20,0.0
2014-07-09 04:00:00,18,0.01
2014-07-09 05:00:00,21,0.08
2014-07-09 06:00:00,26,0.22
2014-07-09 07:00:00,29,0.34
2014-07-09 08:00:00,33,0.56
2014-07-09 09:00:00,38,0.76
2014-07-09 10:00:00,42,0.81
2014-07-09 11:00:00,47,0.83
2014-07-09 12:00:00,43,0.75
2014-07-09 13:00:00,38,0.56
2014-07-09 14:00:00,32,0.23
2014-07-09 15:00:00,43,0.22
2014-07-09 16:00:00,44,0.21
2014-07-09 17:00:00,49,0.09
2014-07-09 18:00:00,40,0.03
2014-07-09 19:00:00,40,0.0
2014-07-09 20:00:00,31,0.0
2014-07-09 21:00:00,21,0.0
2014-07-09 22:00:00,16,0.0
2014-07-09 23:00:00,17,0.0
2014-07-10 00:00:00,15,0.0
2014-07-10 01:00:00,17,0.0
2014-07-10 02:00:00,16,0.0
2014-07-10 03:00:00,16,0.0
2014-07-10 04:00:00,15,0.01
2014-07-10 05:00:00,19,0.08
2014-07-10 06:00:00,29,0.27
2014-07-10 07:00:00,31,0.47
2014-07-10 08:00:00,33,0.66
2014-07-10 09:00:00,37,0.82
2014-07-10 10:00:00,43,0.94
2014-07-10 11:00:00,50,1.0
2014-07-10 12:00:00,44,0.66
2014-07-10 13:00:00,32,0.8
2014-07-10 14:00:00,35,0.61
2014-07-10 15:00:00,45,0.19
2014-07-10 16:00:00,52,0.14
2014-07-10 17:00:00,49,0.07
2014-07-10 18:00:00,48,0.02
2014-07-10 19:00:00,59,0.0
2014-07-10 20:00:00,47,0.0
2014-07-10 21:00:00,33,0.0
2014-07-10 22:00:00,25,0.0
2014-07-10 23:00:00,21,0.0
2014-07-11 00:00:00,23,0.0
2014-07-11 01:00:00,21,0.0
2014-07-11 02:00:00,22,0.0
2014-07-11 03:00:00,23,0.0
2014-07-11 04:00:00,24,0.01
2014-07-11 05:00:00,28,0.08
2014-07-11 06:00:00,33,0.27
2014-07-11 07:00:00,41,0.47
2014-07-11 08:00:00,46,0.66
2014-07-11 09:00:00,38,0.82
2014-07-11 10:00:00,46,0.86
2014-07-11 11:00:00,58,0.78
2014-07-11 12:00:00,55,0.71
2014-07-11 13:00:00,54,0.67
2014-07-11 14:00:00,53,0.42
2014-07-11 15:00:00,68,0.25
2014-07-11 16:00:00,69,0.25
2014-07-11 17:00:00,67,0.09
2014-07-11 18:00:00,58,0.03
2014-07-11 19:00:00,55,0.0
2014-07-11 20:00:00,47,0.0
2014-07-11 21:00:00,37,0.0
2014-07-11 22:00:00,32,0.0
2014-07-11 23:00:00,31,0.0
2014-07-12 00:00:00,32,0.0
2014-07-12 01:00:00,25,0.0
2014-07-12 02:00:00,29,0.0
2014-07-12 03:00:00,29,0.0
2014-07-12 04:00:00,26,0.01
2014-07-12 05:00:00,25,0.08
2014-07-12 06:00:00,30,0.27
2014-07-12 07:00:00,29,0.46
2014-07-12 08:00:00,33,0.65
2014-07-12 09:00:00,41,0.76
2014-07-12 10:00:00,48,0.88
2014-07-12 11:00:00,40,0.95
2014-07-12 12:00:00,56,0.79
2014-07-12 13:00:00,61,0.44
2014-07-12 14:00:00,60,0.44
2014-07-12 15:00:00,72,0.27
2014-07-12 16:00:00,79,0.16
2014-07-12 17:00:00,77,0.08
2014-07-12 18:00:00,61,0.02
2014-07-12 19:00:00,64,0.0
2014-07-12 20:00:00,52,0.0
2014-07-12 21:00:00,36,0.0
2014-07-12 22:00:00,33,0.0
2014-07-12 23:00:00,30,0.0
2014-07-13 00:00:00,31,0.0
2014-07-13 01:00:00,28,0.0
2014-07-13 02:00:00,29,0.0
2014-07-13 03:00:00,27,0.0
2014-07-13 04:00:00,29,0.01
2014-07-13 05:00:00,30,0.04
2014-07-13 06:00:00,34,0.16
2014-07-13 07:00:00,37,0.43
2014-07-13 08:00:00,43,0.65
2014-07-13 09:00:00,39,0.8
2014-07-13 10:00:00,45,0.86
2014-07-13 11:00:00,42,0.83
2014-07-13 12:00:00,44,0.81
2014-07-13 13:00:00,34,0.71
2014-07-13 14:00:00,37,0.4
2014-07-13 15:00:00,53,0.18
2014-07-13 16:00:00,57,0.11
2014-07-13 17:00:00,51,0.07
2014-07-13 18:00:00,42,0.02
2014-07-13 19:00:00,50,0.0
2014-07-13 20:00:00,39,0.0
2014-07-13 21:00:00,23,0.0
2014-07-13 22:00:00,18,0.0
2014-07-13 23:00:00,17,0.0
2014-07-14 00:00:00,17,0.0
2014-07-14 01:00:00,18,0.0
2014-07-14 02:00:00,17,0.0
2014-07-14 03:00:00,18,0.0
2014-07-14 04:00:00,17,0.0
2014-07-14 05:00:00,22,0.03
2014-07-14 06:00:00,29,0.11
2014-07-14 07:00:00,31,0.24
2014-07-14 08:00:00,35,0.54
2014-07-14 09:00:00,51,0.81
2014-07-14 10:00:00,56,0.91
2014-07-14 11:00:00,64,0.72
2014-07-14 12:00:00,64,0.67
2014-07-14 13:00:00,51,0.55
2014-07-14 14:00:00,54,0.34
2014-07-14 15:00:00,64,0.22
2014-07-14 16:00:00,64,0.2
2014-07-14 17:00:00,53,0.09
2014-07-14 18:00:00,48,0.02
2014-07-14 19:00:00,44,0.0
2014-07-14 20:00:00,41,0.0
2014-07-14 21:00:00,25,0.0
2014-07-14 22:00:00,22,0.0
2014-07-14 23:00:00,24,0.0
2014-07-15 00:00:00,26,0.0
2014-07-15 01:00:00,21,0.0
2014-07-15 02:00:00,18,0.0
2014-07-15 03:00:00,18,0.0
2014-07-15 04:00:00,16,0.0
2014-07-15 05:00:00,19,0.07
2014-07-15 06:00:00,29,0.26
2014-07-15 07:00:00,33,0.46
2014-07-15 08:00:00,33,0.64
2014-07-15 09:00:00,34,0.81
2014-07-15 10:00:00,44,0.9
2014-07-15 11:00:00,55,0.98
2014-07-15 12:00:00,50,0.74
2014-07-15 13:00:00,47,0.38
2014-07-15 14:00:00,49,0.44
2014-07-15 15:00:00,58,0.27
2014-07-15 16:00:00,64,0.16
2014-07-15 17:00:00,55,0.08
2014-07-15 18:00:00,54,0.02
2014-07-15 19:00:00,49,0.0
2014-07-15 20:00:00,49,0.0
2014-07-15 21:00:00,32,0.0
2014-07-15 22:00:00,30,0.0
2014-07-15 23:00:00,30,0.0
2014-07-16 00:00:00,32,0.0
2014-07-16 01:00:00,24,0.0
2014-07-16 02:00:00,26,0.0
2014-07-16 03:00:00,27,0.0
2014-07-16 04:00:00,26,0.0
2014-07-16 05:00:00,32,0.07
2014-07-16 06:00:00,31,0.23
2014-07-16 07:00:00,27,0.45
2014-07-16 08:00:00,31,0.65
2014-07-16 09:00:00,35,0.81
2014-07-16 10:00:00,42,0.93
2014-07-16 11:00:00,48,0.8
2014-07-16 12:00:00,55,0.85
2014-07-16 13:00:00,63,0.5
2014-07-16 14:00:00,56,0.52
2014-07-16 15:00:00,71,0.25
2014-07-16 16:00:00,83,0.15
2014-07-16 17:00:00,77,0.07
2014-07-16 18:00:00,66,0.02
2014-07-16 19:00:00,60,0.0
2014-07-16 20:00:00,58,0.0
2014-07-16 21:00:00,42,0.0
2014-07-16 22:00:00,36,0.0
2014-07-16 23:00:00,35,0.0
2014-07-17 00:00:00,28,0.0
2014-07-17 01:00:00,31,0.0
2014-07-17 02:00:00,27,0.0
2014-07-17 03:00:00,24,0.0
2014-07-17 04:00:00,25,0.0
2014-07-17 05:00:00,24,0.07
2014-07-17 06:00:00,32,0.26
2014-07-17 07:00:00,33,0.46
2014-07-17 08:00:00,37,0.65
2014-07-17 09:00:00,47,0.81
2014-07-17 10:00:00,52,0.93
2014-07-17 11:00:00,57,0.99
2014-07-17 12:00:00,57,0.97
2014-07-17 13:00:00,52,0.79
2014-07-17 14:00:00,48,0.58
2014-07-17 15:00:00,67,0.28
2014-07-17 16:00:00,70,0.27
2014-07-17 17:00:00,62,0.11
2014-07-17 18:00:00,49,0.03
2014-07-17 19:00:00,57,0.0
2014-07-17 20:00:00,41,0.0
2014-07-17 21:00:00,23,0.0
2014-07-17 22:00:00,23,0.0
2014-07-17 23:00:00,22,0.0
2014-07-18 00:00:00,18,0.0
2014-07-18 01:00:00,18,0.0
2014-07-18 02:00:00,27,0.0
2014-07-18 03:00:00,18,0.0
2014-07-18 04:00:00,18,0.0
2014-07-18 05:00:00,19,0.04
2014-07-18 06:00:00,29,0.2
2014-07-18 07:00:00,31,0.38
2014-07-18 08:00:00,34,0.48
2014-07-18 09:00:00,34,0.3
2014-07-18 10:00:00,40,0.35
2014-07-18 11:00:00,48,0.4
2014-07-18 12:00:00,48,0.34
2014-07-18 13:00:00,39,0.24
2014-07-18 14:00:00,36,0.19
2014-07-18 15:00:00,48,0.15
2014-07-18 16:00:00,53,0.1
2014-07-18 17:00:00,51,0.05
2014-07-18 18:00:00,41,0.01
2014-07-18 19:00:00,42,0.0
2014-07-18 20:00:00,30,0.0
2014-07-18 21:00:00,21,0.0
2014-07-18 22:00:00,21,0.0
2014-07-18 23:00:00,19,0.0
2014-07-19 00:00:00,18,0.0
2014-07-19 01:00:00,19,0.0
2014-07-19 02:00:00,20,0.0
2014-07-19 03:00:00,18,0.0
2014-07-19 04:00:00,19,0.0
2014-07-19 05:00:00,19,0.01
2014-07-19 06:00:00,30,0.02
2014-07-19 07:00:00,33,0.03
2014-07-19 08:00:00,33,0.05
2014-07-19 09:00:00,36,0.06
2014-07-19 10:00:00,45,0.06
2014-07-19 11:00:00,47,0.07
2014-07-19 12:00:00,42,0.07
2014-07-19 13:00:00,33,0.06
2014-07-19 14:00:00,31,0.05
2014-07-19 15:00:00,41,0.06
2014-07-19 16:00:00,47,0.03
2014-07-19 17:00:00,48,0.02
2014-07-19 18:00:00,37,0.01
2014-07-19 19:00:00,32,0.0
2014-07-19 20:00:00,30,0.0
2014-07-19 21:00:00,21,0.0
2014-07-19 22:00:00,21,0.0
2014-07-19 23:00:00,16,0.0
2014-07-20 00:00:00,15,0.0
2014-07-20 01:00:00,15,0.0
2014-07-20 02:00:00,16,0.0
2014-07-20 03:00:00,16,0.0
2014-07-20 04:00:00,16,0.0
2014-07-20 05:00:00,17,0.01
2014-07-20 06:00:00,24,0.02
2014-07-20 07:00:00,28,0.03
2014-07-20 08:00:00,28,0.05
2014-07-20 09:00:00,25,0.06
2014-07-20 10:00:00,32,0.06
2014-07-20 11:00:00,35,0.07
2014-07-20 12:00:00,32,0.07
2014-07-20 13:00:00,30,0.07
2014-07-20 14:00:00,31,0.06
2014-07-20 15:00:00,38,0.07
2014-07-20 16:00:00,33,0.08
2014-07-20 17:00:00,50,0.05
2014-07-20 18:00:00,37,0.01
2014-07-20 19:00:00,36,0.0
2014-07-20 20:00:00,35,0.0
2014-07-20 21:00:00,21,0.0
2014-07-20 22:00:00,20,0.0
2014-07-20 23:00:00,20,0.0
2014-07-21 00:00:00,17,0.0
2014-07-21 01:00:00,17,0.0
2014-07-21 02:00:00,16,0.0
2014-07-21 03:00:00,17,0.0
2014-07-21 04:00:00,16,0.0
2014-07-21 05:00:00,18,0.07
2014-07-21 06:00:00,25,0.24
2014-07-21 07:00:00,26,0.4
2014-07-21 08:00:00,27,0.58
2014-07-21 09:00:00,27,0.79
2014-07-21 10:00:00,33,0.66
2014-07-21 11:00:00,39,0.93
2014-07-21 12:00:00,38,0.82
2014-07-21 13:00:00,32,0.6
2014-07-21 14:00:00,35,0.45
2014-07-21 15:00:00,44,0.29
2014-07-21 16:00:00,41,0.29
2014-07-21 17:00:00,44,0.1
2014-07-21 18:00:00,39,0.02
2014-07-21 19:00:00,41,0.0
2014-07-21 20:00:00,36,0.0
2014-07-21 21:00:00,20,0.0
2014-07-21 22:00:00,18,0.0
2014-07-21 23:00:00,17,0.0
2014-07-22 00:00:00,18,0.0
2014-07-22 01:00:00,19,0.0
2014-07-22 02:00:00,17,0.0
2014-07-22 03:00:00,18,0.0
2014-07-22 04:00:00,18,0.0
2014-07-22 05:00:00,21,0.03
2014-07-22 06:00:00,31,0.1
2014-07-22 07:00:00,33,0.37
2014-07-22 08:00:00,35,0.65
2014-07-22 09:00:00,32,0.81
2014-07-22 10:00:00,45,0.92
2014-07-22 11:00:00,49,0.95
2014-07-22 12:00:00,60,0.91
2014-07-22 13:00:00,44,0.87
2014-07-22 14:00:00,55,0.38
2014-07-22 15:00:00,69,0.2
2014-07-22 16:00:00,61,0.13
2014-07-22 17:00:00,47,0.06
2014-07-22 18:00:00,47,0.01
2014-07-22 19:00:00,53,0.0
2014-07-22 20:00:00,37,0.0
2014-07-22 21:00:00,31,0.0
2014-07-22 22:00:00,26,0.0
2014-07-22 23:00:00,23,0.0
2014-07-23 00:00:00,31,0.0
2014-07-23 01:00:00,25,0.0
2014-07-23 02:00:00,23,0.0
2014-07-23 03:00:00,21,0.0
2014-07-23 04:00:00,28,0.0
2014-07-23 05:00:00,24,0.04
2014-07-23 06:00:00,31,0.21
2014-07-23 07:00:00,39,0.46
2014-07-23 08:00:00,32,0.64
2014-07-23 09:00:00,34,0.79
2014-07-23 10:00:00,50,0.91
2014-07-23 11:00:00,63,0.66
2014-07-23 12:00:00,77,0.74
2014-07-23 13:00:00,66,0.77
2014-07-23 14:00:00,62,0.41
2014-07-23 15:00:00,74,0.25
2014-07-23 16:00:00,76,0.15
2014-07-23 17:00:00,76,0.07
2014-07-23 18:00:00,66,0.01
2014-07-23 19:00:00,59,0.0
2014-07-23 20:00:00,55,0.0
2014-07-23 21:00:00,40,0.0
2014-07-23 22:00:00,40,0.0
2014-07-23 23:00:00,34,0.0
2014-07-24 00:00:00,36,0.0
2014-07-24 01:00:00,32,0.0
2014-07-24 02:00:00,34,0.0
2014-07-24 03:00:00,33,0.0
2014-07-24 04:00:00,36,0.0
2014-07-24 05:00:00,37,0.03
2014-07-24 06:00:00,36,0.13
2014-07-24 07:00:00,44,0.43
2014-07-24 08:00:00,38,0.64
2014-07-24 09:00:00,34,0.62
2014-07-24 10:00:00,49,0.68
2014-07-24 11:00:00,71,0.55
2014-07-24 12:00:00,65,0.64
2014-07-24 13:00:00,74,0.45
2014-07-24 14:00:00,78,0.44
2014-07-24 15:00:00,82,0.17
2014-07-24 16:00:00,70,0.12
2014-07-24 17:00:00,71,0.06
2014-07-24 18:00:00,68,0.01
2014-07-24 19:00:00,56,0.0
2014-07-24 20:00:00,52,0.0
2014-07-24 21:00:00,33,0.0
2014-07-24 22:00:00,27,0.0
2014-07-24 23:00:00,21,0.0
2014-07-25 00:00:00,19,0.0
2014-07-25 01:00:00,28,0.0
2014-07-25 02:00:00,20,0.0
2014-07-25 03:00:00,23,0.0
2014-07-25 04:00:00,26,0.0
2014-07-25 05:00:00,24,0.05
2014-07-25 06:00:00,45,0.25
2014-07-25 07:00:00,51,0.43
2014-07-25 08:00:00,52,0.39
2014-07-25 09:00:00,49,0.33
2014-07-25 10:00:00,67,0.6
2014-07-25 11:00:00,72,0.75
2014-07-25 12:00:00,74,0.56
2014-07-25 13:00:00,69,0.57
2014-07-25 14:00:00,66,0.61
2014-07-25 15:00:00,86,0.26
2014-07-25 16:00:00,90,0.15
2014-07-25 17:00:00,77,0.07
2014-07-25 18:00:00,65,0.02
2014-07-25 19:00:00,65,0.0
2014-07-25 20:00:00,57,0.0
2014-07-25 21:00:00,41,0.0
2014-07-25 22:00:00,44,0.0
2014-07-25 23:00:00,36,0.0
2014-07-26 00:00:00,38,0.0
2014-07-26 01:00:00,35,0.0
2014-07-26 02:00:00,31,0.0
2014-07-26 03:00:00,28,0.0
2014-07-26 04:00:00,27,0.0
2014-07-26 05:00:00,26,0.02
2014-07-26 06:00:00,31,0.08
2014-07-26 07:00:00,38,0.14
2014-07-26 08:00:00,41,0.22
2014-07-26 09:00:00,46,0.3
2014-07-26 10:00:00,63,0.28
2014-07-26 11:00:00,70,0.37
2014-07-26 12:00:00,72,0.73
2014-07-26 13:00:00,67,0.4
2014-07-26 14:00:00,78,0.4
2014-07-26 15:00:00,86,0.19
2014-07-26 16:00:00,85,0.13
2014-07-26 17:00:00,83,0.06
2014-07-26 18:00:00,73,0.01
2014-07-26 19:00:00,69,0.0
2014-07-26 20:00:00,81,0.0
2014-07-26 21:00:00,46,0.0
2014-07-26 22:00:00,52,0.0
2014-07-26 23:00:00,42,0.0
2014-07-27 00:00:00,44,0.0
2014-07-27 01:00:00,40,0.0
2014-07-27 02:00:00,42,0.0
2014-07-27 03:00:00,37,0.0
2014-07-27 04:00:00,36,0.0
2014-07-27 05:00:00,39,0.02
2014-07-27 06:00:00,49,0.03
2014-07-27 07:00:00,53,0.05
2014-07-27 08:00:00,53,0.1
2014-07-27 09:00:00,51,0.11
2014-07-27 10:00:00,59,0.08
2014-07-27 11:00:00,64,0.68
2014-07-27 12:00:00,64,0.9
2014-07-27 13:00:00,55,0.48
2014-07-27 14:00:00,45,0.23
2014-07-27 15:00:00,54,0.17
2014-07-27 16:00:00,46,0.11
2014-07-27 17:00:00,51,0.05
2014-07-27 18:00:00,48,0.01
2014-07-27 19:00:00,44,0.0
2014-07-27 20:00:00,41,0.0
2014-07-27 21:00:00,27,0.0
2014-07-27 22:00:00,22,0.0
2014-07-27 23:00:00,19,0.0
2014-07-28 00:00:00,24,0.0
2014-07-28 01:00:00,19,0.0
2014-07-28 02:00:00,18,0.0
2014-07-28 03:00:00,19,0.0
2014-07-28 04:00:00,22,0.0
2014-07-28 05:00:00,18,0.01
2014-07-28 06:00:00,31,0.05
2014-07-28 07:00:00,36,0.1
2014-07-28 08:00:00,34,0.12
2014-07-28 09:00:00,38,0.19
2014-07-28 10:00:00,48,0.16
2014-07-28 11:00:00,44,0.21
2014-07-28 12:00:00,38,0.24
2014-07-28 13:00:00,49,0.19
2014-07-28 14:00:00,49,0.15
2014-07-28 15:00:00,63,0.11
2014-07-28 16:00:00,54,0.08
2014-07-28 17:00:00,47,0.04
2014-07-28 18:00:00,47,0.01
2014-07-28 19:00:00,47,0.0
2014-07-28 20:00:00,37,0.0
2014-07-28 21:00:00,26,0.0
2014-07-28 22:00:00,25,0.0
2014-07-28 23:00:00,23,0.0
2014-07-29 00:00:00,30,0.0
2014-07-29 01:00:00,21,0.0
2014-07-29 02:00:00,23,0.0
2014-07-29 03:00:00,25,0.0
2014-07-29 04:00:00,19,0.0
2014-07-29 05:00:00,20,0.03
2014-07-29 06:00:00,31,0.11
2014-07-29 07:00:00,30,0.3
2014-07-29 08:00:00,34,0.5
2014-07-29 09:00:00,34,0.64
2014-07-29 10:00:00,39,0.69
2014-07-29 11:00:00,43,0.3
2014-07-29 12:00:00,39,0.29
2014-07-29 13:00:00,37,0.21
2014-07-29 14:00:00,51,0.23
2014-07-29 15:00:00,66,0.16
2014-07-29 16:00:00,58,0.09
2014-07-29 17:00:00,61,0.05
2014-07-29 18:00:00,49,0.01
2014-07-29 19:00:00,50,0.0
2014-07-29 20:00:00,41,0.0
2014-07-29 21:00:00,34,0.0
2014-07-29 22:00:00,22,0.0
2014-07-29 23:00:00,21,0.0
2014-07-30 00:00:00,19,0.0
2014-07-30 01:00:00,18,0.0
2014-07-30 02:00:00,17,0.0
2014-07-30 03:00:00,21,0.0
2014-07-30 04:00:00,17,0.0
2014-07-30 05:00:00,21,0.03
2014-07-30 06:00:00,27,0.16
2014-07-30 07:00:00,33,0.31
2014-07-30 08:00:00,37,0.58
2014-07-30 09:00:00,37,0.67
2014-07-30 10:00:00,47,0.62
2014-07-30 11:00:00,57,0.14
2014-07-30 12:00:00,47,0.07
2014-07-30 13:00:00,40,0.12
2014-07-30 14:00:00,51,0.21
2014-07-30 15:00:00,67,0.15
2014-07-30 16:00:00,67,0.1
2014-07-30 17:00:00,73,0.03
2014-07-30 18:00:00,68,0.01
2014-07-30 19:00:00,63,0.0
2014-07-30 20:00:00,49,0.0
2014-07-30 21:00:00,29,0.0
2014-07-30 22:00:00,24,0.0
2014-07-30 23:00:00,28,0.0
2014-07-31 00:00:00,29,0.0
2014-07-31 01:00:00,24,0.0
2014-07-31 02:00:00,21,0.0
2014-07-31 03:00:00,21,0.0
2014-07-31 04:00:00,24,0.0
2014-07-31 05:00:00,22,0.02
2014-07-31 06:00:00,25,0.07
2014-07-31 07:00:00,26,0.13
2014-07-31 08:00:00,45,0.37
2014-07-31 09:00:00,48,0.62
2014-07-31 10:00:00,56,0.4
2014-07-31 11:00:00,58,0.72
2014-07-31 12:00:00,59,0.43
2014-07-31 13:00:00,54,0.06
2014-07-31 14:00:00,59,0.11
2014-07-31 15:00:00,77,0.08
2014-07-31 16:00:00,73,0.06
2014-07-31 17:00:00,72,0.03
2014-07-31 18:00:00,67,0.01
2014-07-31 19:00:00,64,0.0
2014-07-31 20:00:00,57,0.0
2014-07-31 21:00:00,36,0.0
2014-07-31 22:00:00,28,0.0
2014-07-31 23:00:00,34,0.0
2014-08-01 00:00:00,32,0.0
2014-08-01 01:00:00,29,0.0
2014-08-01 02:00:00,30,0.0
2014-08-01 03:00:00,28,0.0
2014-08-01 04:00:00,28,0.0
2014-08-01 05:00:00,32,0.03
2014-08-01 06:00:00,46,0.18
2014-08-01 07:00:00,49,0.38
2014-08-01 08:00:00,52,0.62
2014-08-01 09:00:00,56,0.78
2014-08-01 10:00:00,68,0.54
2014-08-01 11:00:00,73,0.09
2014-08-01 12:00:00,74,0.07
2014-08-01 13:00:00,56,0.06
2014-08-01 14:00:00,67,0.11
2014-08-01 15:00:00,76,0.15
2014-08-01 16:00:00,67,0.09
2014-08-01 17:00:00,58,0.04
2014-08-01 18:00:00,51,0.01
2014-08-01 19:00:00,43,0.0
2014-08-01 20:00:00,34,0.0
2014-08-01 21:00:00,28,0.0
2014-08-01 22:00:00,33,0.0
2014-08-01 23:00:00,30,0.0
2014-08-02 00:00:00,26,0.0
2014-08-02 01:00:00,29,0.0
2014-08-02 02:00:00,29,0.0
2014-08-02 03:00:00,29,0.0
2014-08-02 04:00:00,27,0.0
2014-08-02 05:00:00,26,0.01
2014-08-02 06:00:00,40,0.05
2014-08-02 07:00:00,40,0.15
2014-08-02 08:00:00,42,0.39
2014-08-02 09:00:00,38,0.53
2014-08-02 10:00:00,51,0.91
2014-08-02 11:00:00,68,0.41
2014-08-02 12:00:00,66,0.13
2014-08-02 13:00:00,61,0.13
2014-08-02 14:00:00,58,0.09
2014-08-02 15:00:00,74,0.06
2014-08-02 16:00:00,74,0.04
2014-08-02 17:00:00,70,0.03
2014-08-02 18:00:00,61,0.01
2014-08-02 19:00:00,55,0.0
2014-08-02 20:00:00,59,0.0
2014-08-02 21:00:00,46,0.0
2014-08-02 22:00:00,37,0.0
2014-08-02 23:00:00,34,0.0
2014-08-03 00:00:00,30,0.0
2014-08-03 01:00:00,32,0.0
2014-08-03 02:00:00,33,0.0
2014-08-03 03:00:00,32,0.0
2014-08-03 04:00:00,29,0.0
2014-08-03 05:00:00,24,0.03
2014-08-03 06:00:00,25,0.11
2014-08-03 07:00:00,35,0.19
2014-08-03 08:00:00,36,0.44
2014-08-03 09:00:00,35,0.7
2014-08-03 10:00:00,51,0.83
2014-08-03 11:00:00,57,0.89
2014-08-03 12:00:00,47,0.83
2014-08-03 13:00:00,44,0.39
2014-08-03 14:00:00,48,0.1
2014-08-03 15:00:00,59,0.05
2014-08-03 16:00:00,59,0.04
2014-08-03 17:00:00,56,0.05
2014-08-03 18:00:00,54,0.01
2014-08-03 19:00:00,62,0.0
2014-08-03 20:00:00,55,0.0
2014-08-03 21:00:00,45,0.0
2014-08-03 22:00:00,37,0.0
2014-08-03 23:00:00,34,0.0
2014-08-04 00:00:00,33,0.0
2014-08-04 01:00:00,33,0.0
2014-08-04 02:00:00,26,0.0
2014-08-04 03:00:00,33,0.0
2014-08-04 04:00:00,32,0.0
2014-08-04 05:00:00,30,0.03
2014-08-04 06:00:00,47,0.15
2014-08-04 07:00:00,51,0.43
2014-08-04 08:00:00,47,0.62
2014-08-04 09:00:00,51,0.77
2014-08-04 10:00:00,68,0.88
2014-08-04 11:00:00,68,0.48
2014-08-04 12:00:00,65,0.59
2014-08-04 13:00:00,63,0.62
2014-08-04 14:00:00,71,0.2
2014-08-04 15:00:00,76,0.06
2014-08-04 16:00:00,72,0.03
2014-08-04 17:00:00,68,0.06
2014-08-04 18:00:00,61,0.01
2014-08-04 19:00:00,63,0.0
2014-08-04 20:00:00,53,0.0
2014-08-04 21:00:00,46,0.0
2014-08-04 22:00:00,40,0.0
2014-08-04 23:00:00,37,0.0
2014-08-05 00:00:00,38,0.0
2014-08-05 01:00:00,29,0.0
2014-08-05 02:00:00,34,0.0
2014-08-05 03:00:00,28,0.0
2014-08-05 04:00:00,33,0.0
2014-08-05 05:00:00,30,0.04
2014-08-05 06:00:00,41,0.22
2014-08-05 07:00:00,39,0.43
2014-08-05 08:00:00,43,0.62
2014-08-05 09:00:00,48,0.78
2014-08-05 10:00:00,65,0.9
2014-08-05 11:00:00,71,0.73
2014-08-05 12:00:00,62,0.45
2014-08-05 13:00:00,73,0.52
2014-08-05 14:00:00,67,0.38
2014-08-05 15:00:00,83,0.24
2014-08-05 16:00:00,79,0.07
2014-08-05 17:00:00,79,0.06
2014-08-05 18:00:00,70,0.01
2014-08-05 19:00:00,68,0.0
2014-08-05 20:00:00,60,0.0
2014-08-05 21:00:00,47,0.0
2014-08-05 22:00:00,40,0.0
2014-08-05 23:00:00,40,0.0
2014-08-06 00:00:00,35,0.0
2014-08-06 01:00:00,39,0.0
2014-08-06 02:00:00,32,0.0
2014-08-06 03:00:00,33,0.0
2014-08-06 04:00:00,28,0.0
2014-08-06 05:00:00,35,0.05
2014-08-06 06:00:00,51,0.22
2014-08-06 07:00:00,54,0.42
2014-08-06 08:00:00,58,0.62
2014-08-06 09:00:00,58,0.78
2014-08-06 10:00:00,74,0.82
2014-08-06 11:00:00,82,0.73
2014-08-06 12:00:00,82,0.73
2014-08-06 13:00:00,70,0.49
2014-08-06 14:00:00,65,0.41
2014-08-06 15:00:00,78,0.36
2014-08-06 16:00:00,85,0.15
2014-08-06 17:00:00,80,0.07
2014-08-06 18:00:00,72,0.01
2014-08-06 19:00:00,70,0.0
2014-08-06 20:00:00,60,0.0
2014-08-06 21:00:00,49,0.0
2014-08-06 22:00:00,38,0.0
2014-08-06 23:00:00,40,0.0
2014-08-07 00:00:00,33,0.0
2014-08-07 01:00:00,34,0.0
2014-08-07 02:00:00,23,0.0
2014-08-07 03:00:00,32,0.0
2014-08-07 04:00:00,30,0.0
2014-08-07 05:00:00,25,0.04
2014-08-07 06:00:00,42,0.21
2014-08-07 07:00:00,43,0.42
2014-08-07 08:00:00,55,0.62
2014-08-07 09:00:00,49,0.77
2014-08-07 10:00:00,74,0.89
2014-08-07 11:00:00,74,0.83
2014-08-07 12:00:00,66,0.61
2014-08-07 13:00:00,68,0.59
2014-08-07 14:00:00,68,0.4
2014-08-07 15:00:00,85,0.45
2014-08-07 16:00:00,76,0.22
2014-08-07 17:00:00,76,0.07
2014-08-07 18:00:00,69,0.02
2014-08-07 19:00:00,62,0.0
2014-08-07 20:00:00,53,0.0
2014-08-07 21:00:00,34,0.0
2014-08-07 22:00:00,38,0.0
2014-08-07 23:00:00,30,0.0
2014-08-08 00:00:00,31,0.0
2014-08-08 01:00:00,27,0.0
2014-08-08 02:00:00,28,0.0
2014-08-08 03:00:00,28,0.0
2014-08-08 04:00:00,26,0.0
2014-08-08 05:00:00,21,0.04
2014-08-08 06:00:00,37,0.21
2014-08-08 07:00:00,43,0.42
2014-08-08 08:00:00,49,0.62
2014-08-08 09:00:00,44,0.78
2014-08-08 10:00:00,62,0.9
2014-08-08 11:00:00,69,0.95
2014-08-08 12:00:00,60,0.92
2014-08-08 13:00:00,63,0.54
2014-08-08 14:00:00,53,0.62
2014-08-08 15:00:00,68,0.52
2014-08-08 16:00:00,70,0.21
2014-08-08 17:00:00,67,0.08
2014-08-08 18:00:00,52,0.02
2014-08-08 19:00:00,55,0.0
2014-08-08 20:00:00,44,0.0
2014-08-08 21:00:00,30,0.0
2014-08-08 22:00:00,30,0.0
2014-08-08 23:00:00,25,0.0
2014-08-09 00:00:00,24,0.0
2014-08-09 01:00:00,25,0.0
2014-08-09 02:00:00,21,0.0
2014-08-09 03:00:00,24,0.0
2014-08-09 04:00:00,25,0.0
2014-08-09 05:00:00,23,0.03
2014-08-09 06:00:00,39,0.16
2014-08-09 07:00:00,37,0.4
2014-08-09 08:00:00,38,0.6
2014-08-09 09:00:00,36,0.77
2014-08-09 10:00:00,57,0.9
2014-08-09 11:00:00,50,0.92
2014-08-09 12:00:00,48,0.82
2014-08-09 13:00:00,34,0.42
2014-08-09 14:00:00,39,0.31
2014-08-09 15:00:00,49,0.18
2014-08-09 16:00:00,51,0.13
2014-08-09 17:00:00,49,0.05
2014-08-09 18:00:00,43,0.01
2014-08-09 19:00:00,37,0.0
2014-08-09 20:00:00,30,0.0
2014-08-09 21:00:00,20,0.0
2014-08-09 22:00:00,20,0.0
2014-08-09 23:00:00,17,0.0
2014-08-10 00:00:00,18,0.0
2014-08-10 01:00:00,16,0.0
2014-08-10 02:00:00,16,0.0
2014-08-10 03:00:00,16,0.0
2014-08-10 04:00:00,16,0.0
2014-08-10 05:00:00,18,0.04
2014-08-10 06:00:00,37,0.21
2014-08-10 07:00:00,30,0.42
2014-08-10 08:00:00,32,0.61
2014-08-10 09:00:00,26,0.78
2014-08-10 10:00:00,34,0.73
2014-08-10 11:00:00,40,0.89
2014-08-10 12:00:00,35,0.65
2014-08-10 13:00:00,40,0.64
2014-08-10 14:00:00,35,0.36
2014-08-10 15:00:00,41,0.19
2014-08-10 16:00:00,44,0.15
2014-08-10 17:00:00,41,0.05
2014-08-10 18:00:00,36,0.01
2014-08-10 19:00:00,43,0.0
2014-08-10 20:00:00,33,0.0
2014-08-10 21:00:00,24,0.0
2014-08-10 22:00:00,22,0.0
2014-08-10 23:00:00,20,0.0
2014-08-11 00:00:00,22,0.0
2014-08-11 01:00:00,23,0.0
2014-08-11 02:00:00,20,0.0
2014-08-11 03:00:00,20,0.0
2014-08-11 04:00:00,20,0.0
2014-08-11 05:00:00,25,0.03
2014-08-11 06:00:00,43,0.16
2014-08-11 07:00:00,45,0.4
2014-08-11 08:00:00,47,0.61
2014-08-11 09:00:00,52,0.77
2014-08-11 10:00:00,60,0.88
2014-08-11 11:00:00,60,0.74
2014-08-11 12:00:00,63,0.72
2014-08-11 13:00:00,51,0.67
2014-08-11 14:00:00,46,0.27
2014-08-11 15:00:00,63,0.16
2014-08-11 16:00:00,64,0.12
2014-08-11 17:00:00,58,0.05
2014-08-11 18:00:00,49,0.01
2014-08-11 19:00:00,42,0.0
2014-08-11 20:00:00,38,0.0
2014-08-11 21:00:00,26,0.0
2014-08-11 22:00:00,25,0.0
2014-08-11 23:00:00,21,0.0
2014-08-12 00:00:00,23,0.0
2014-08-12 01:00:00,22,0.0
2014-08-12 02:00:00,18,0.0
2014-08-12 03:00:00,17,0.0
2014-08-12 04:00:00,20,0.0
2014-08-12 05:00:00,23,0.02
2014-08-12 06:00:00,33,0.09
2014-08-12 07:00:00,36,0.25
2014-08-12 08:00:00,40,0.58
2014-08-12 09:00:00,38,0.62
2014-08-12 10:00:00,46,0.32
2014-08-12 11:00:00,50,0.37
2014-08-12 12:00:00,49,0.28
2014-08-12 13:00:00,38,0.21
2014-08-12 14:00:00,34,0.21
2014-08-12 15:00:00,47,0.12
2014-08-12 16:00:00,48,0.08
2014-08-12 17:00:00,46,0.04
2014-08-12 18:00:00,35,0.01
2014-08-12 19:00:00,35,0.0
2014-08-12 20:00:00,29,0.0
2014-08-12 21:00:00,18,0.0
2014-08-12 22:00:00,16,0.0
2014-08-12 23:00:00,16,0.0
2014-08-13 00:00:00,15,0.0
2014-08-13 01:00:00,15,0.0
2014-08-13 02:00:00,15,0.0
2014-08-13 03:00:00,16,0.0
2014-08-13 04:00:00,16,0.0
2014-08-13 05:00:00,18,0.02
2014-08-13 06:00:00,31,0.07
2014-08-13 07:00:00,34,0.17
2014-08-13 08:00:00,31,0.49
2014-08-13 09:00:00,30,0.77
2014-08-13 10:00:00,40,0.88
2014-08-13 11:00:00,43,0.68
2014-08-13 12:00:00,34,0.62
2014-08-13 13:00:00,34,0.36
2014-08-13 14:00:00,42,0.28
2014-08-13 15:00:00,55,0.26
2014-08-13 16:00:00,53,0.13
2014-08-13 17:00:00,49,0.05
2014-08-13 18:00:00,40,0.01
2014-08-13 19:00:00,43,0.0
2014-08-13 20:00:00,35,0.0
2014-08-13 21:00:00,21,0.0
2014-08-13 22:00:00,20,0.0
2014-08-13 23:00:00,23,0.0
2014-08-14 00:00:00,20,0.0
2014-08-14 01:00:00,17,0.0
2014-08-14 02:00:00,16,0.0
2014-08-14 03:00:00,18,0.0
2014-08-14 04:00:00,20,0.0
2014-08-14 05:00:00,19,0.01
2014-08-14 06:00:00,35,0.05
2014-08-14 07:00:00,33,0.1
2014-08-14 08:00:00,40,0.15
2014-08-14 09:00:00,40,0.2
2014-08-14 10:00:00,53,0.25
2014-08-14 11:00:00,51,0.18
2014-08-14 12:00:00,56,0.43
2014-08-14 13:00:00,43,0.22
2014-08-14 14:00:00,45,0.19
2014-08-14 15:00:00,59,0.15
2014-08-14 16:00:00,55,0.09
2014-08-14 17:00:00,47,0.04
2014-08-14 18:00:00,40,0.01
2014-08-14 19:00:00,44,0.0
2014-08-14 20:00:00,40,0.0
2014-08-14 21:00:00,28,0.0
2014-08-14 22:00:00,25,0.0
2014-08-14 23:00:00,22,0.0
2014-08-15 00:00:00,21,0.0
2014-08-15 01:00:00,25,0.0
2014-08-15 02:00:00,21,0.0
2014-08-15 03:00:00,23,0.0
2014-08-15 04:00:00,30,0.0
2014-08-15 05:00:00,25,0.02
2014-08-15 06:00:00,40,0.04
2014-08-15 07:00:00,41,0.2
2014-08-15 08:00:00,44,0.32
2014-08-15 09:00:00,44,0.24
2014-08-15 10:00:00,55,0.25
2014-08-15 11:00:00,56,0.22
2014-08-15 12:00:00,52,0.18
2014-08-15 13:00:00,50,0.31
2014-08-15 14:00:00,46,0.13
2014-08-15 15:00:00,70,0.13
2014-08-15 16:00:00,63,0.07
2014-08-15 17:00:00,58,0.03
2014-08-15 18:00:00,54,0.01
2014-08-15 19:00:00,48,0.0
2014-08-15 20:00:00,44,0.0
2014-08-15 21:00:00,30,0.0
2014-08-15 22:00:00,24,0.0
2014-08-15 23:00:00,26,0.0
2014-08-16 00:00:00,24,0.0
2014-08-16 01:00:00,25,0.0
2014-08-16 02:00:00,24,0.0
2014-08-16 03:00:00,26,0.0
2014-08-16 04:00:00,30,0.0
2014-08-16 05:00:00,26,0.03
2014-08-16 06:00:00,46,0.11
2014-08-16 07:00:00,46,0.18
2014-08-16 08:00:00,43,0.6
2014-08-16 09:00:00,52,0.76
2014-08-16 10:00:00,49,0.88
2014-08-16 11:00:00,55,0.93
2014-08-16 12:00:00,50,0.92
2014-08-16 13:00:00,41,0.63
2014-08-16 14:00:00,44,0.64
2014-08-16 15:00:00,46,0.53
2014-08-16 16:00:00,47,0.25
2014-08-16 17:00:00,50,0.07
2014-08-16 18:00:00,38,0.01
2014-08-16 19:00:00,37,0.0
2014-08-16 20:00:00,29,0.0
2014-08-16 21:00:00,21,0.0
2014-08-16 22:00:00,17,0.0
2014-08-16 23:00:00,18,0.0
2014-08-17 00:00:00,16,0.0
2014-08-17 01:00:00,16,0.0
2014-08-17 02:00:00,15,0.0
2014-08-17 03:00:00,15,0.0
2014-08-17 04:00:00,15,0.0
2014-08-17 05:00:00,17,0.03
2014-08-17 06:00:00,29,0.2
2014-08-17 07:00:00,30,0.4
2014-08-17 08:00:00,32,0.6
2014-08-17 09:00:00,25,0.76
2014-08-17 10:00:00,31,0.88
2014-08-17 11:00:00,37,0.84
2014-08-17 12:00:00,33,0.48
2014-08-17 13:00:00,25,0.38
2014-08-17 14:00:00,28,0.45
2014-08-17 15:00:00,37,0.24
2014-08-17 16:00:00,32,0.13
2014-08-17 17:00:00,36,0.05
2014-08-17 18:00:00,33,0.01
2014-08-17 19:00:00,45,0.0
2014-08-17 20:00:00,44,0.0
2014-08-17 21:00:00,26,0.0
2014-08-17 22:00:00,20,0.0
2014-08-17 23:00:00,19,0.0
2014-08-18 00:00:00,20,0.0
2014-08-18 01:00:00,18,0.0
2014-08-18 02:00:00,19,0.0
2014-08-18 03:00:00,18,0.0
2014-08-18 04:00:00,19,0.0
2014-08-18 05:00:00,21,0.01
2014-08-18 06:00:00,37,0.07
2014-08-18 07:00:00,39,0.2
2014-08-18 08:00:00,41,0.39
2014-08-18 09:00:00,38,0.77
2014-08-18 10:00:00,47,0.84
2014-08-18 11:00:00,58,0.72
2014-08-18 12:00:00,56,0.41
2014-08-18 13:00:00,63,0.3
2014-08-18 14:00:00,54,0.09
2014-08-18 15:00:00,71,0.15
2014-08-18 16:00:00,60,0.09
2014-08-18 17:00:00,62,0.01
2014-08-18 18:00:00,54,0.01
2014-08-18 19:00:00,53,0.0
2014-08-18 20:00:00,39,0.0
2014-08-18 21:00:00,29,0.0
2014-08-18 22:00:00,29,0.0
2014-08-18 23:00:00,26,0.0
2014-08-19 00:00:00,23,0.0
2014-08-19 01:00:00,26,0.0
2014-08-19 02:00:00,24,0.0
2014-08-19 03:00:00,19,0.0
2014-08-19 04:00:00,15,0.0
2014-08-19 05:00:00,21,0.02
2014-08-19 06:00:00,34,0.08
2014-08-19 07:00:00,38,0.27
2014-08-19 08:00:00,39,0.58
2014-08-19 09:00:00,42,0.72
2014-08-19 10:00:00,42,0.86
2014-08-19 11:00:00,59,0.7
2014-08-19 12:00:00,66,0.68
2014-08-19 13:00:00,63,0.46
2014-08-19 14:00:00,65,0.53
2014-08-19 15:00:00,59,0.28
2014-08-19 16:00:00,71,0.17
2014-08-19 17:00:00,71,0.05
2014-08-19 18:00:00,62,0.01
2014-08-19 19:00:00,58,0.0
2014-08-19 20:00:00,55,0.0
2014-08-19 21:00:00,39,0.0
2014-08-19 22:00:00,31,0.0
2014-08-19 23:00:00,31,0.0
2014-08-20 00:00:00,25,0.0
2014-08-20 01:00:00,26,0.0
2014-08-20 02:00:00,29,0.0
2014-08-20 03:00:00,28,0.0
2014-08-20 04:00:00,31,0.0
2014-08-20 05:00:00,26,0.04
2014-08-20 06:00:00,39,0.16
2014-08-20 07:00:00,41,0.2
2014-08-20 08:00:00,51,0.24
2014-08-20 09:00:00,52,0.43
2014-08-20 10:00:00,62,0.38
2014-08-20 11:00:00,74,0.53
2014-08-20 12:00:00,65,0.36
2014-08-20 13:00:00,57,0.09
2014-08-20 14:00:00,65,0.17
2014-08-20 15:00:00,81,0.11
2014-08-20 16:00:00,72,0.09
2014-08-20 17:00:00,73,0.03
2014-08-20 18:00:00,60,0.01
2014-08-20 19:00:00,52,0.0
2014-08-20 20:00:00,46,0.0
2014-08-20 21:00:00,25,0.0
2014-08-20 22:00:00,23,0.0
2014-08-20 23:00:00,32,0.0
2014-08-21 00:00:00,27,0.0
2014-08-21 01:00:00,29,0.0
2014-08-21 02:00:00,27,0.0
2014-08-21 03:00:00,25,0.0
2014-08-21 04:00:00,28,0.0
2014-08-21 05:00:00,33,0.03
2014-08-21 06:00:00,45,0.19
2014-08-21 07:00:00,45,0.36
2014-08-21 08:00:00,45,0.59
2014-08-21 09:00:00,49,0.67
2014-08-21 10:00:00,49,0.48
2014-08-21 11:00:00,60,0.93
2014-08-21 12:00:00,55,0.91
2014-08-21 13:00:00,42,0.81
2014-08-21 14:00:00,60,0.69
2014-08-21 15:00:00,76,0.41
2014-08-21 16:00:00,69,0.25
2014-08-21 17:00:00,66,0.07
2014-08-21 18:00:00,56,0.01
2014-08-21 19:00:00,53,0.0
2014-08-21 20:00:00,53,0.0
2014-08-21 21:00:00,37,0.0
2014-08-21 22:00:00,37,0.0
2014-08-21 23:00:00,27,0.0
2014-08-22 00:00:00,28,0.0
2014-08-22 01:00:00,25,0.0
2014-08-22 02:00:00,26,0.0
2014-08-22 03:00:00,24,0.0
2014-08-22 04:00:00,24,0.0
2014-08-22 05:00:00,24,0.01
2014-08-22 06:00:00,46,0.03
2014-08-22 07:00:00,45,0.08
2014-08-22 08:00:00,44,0.08
2014-08-22 09:00:00,38,0.1
2014-08-22 10:00:00,56,0.11
2014-08-22 11:00:00,63,0.12
2014-08-22 12:00:00,72,0.14
2014-08-22 13:00:00,62,0.17
2014-08-22 14:00:00,71,0.17
2014-08-22 15:00:00,77,0.14
2014-08-22 16:00:00,73,0.17
2014-08-22 17:00:00,69,0.05
2014-08-22 18:00:00,65,0.01
2014-08-22 19:00:00,59,0.0
2014-08-22 20:00:00,49,0.0
2014-08-22 21:00:00,33,0.0
2014-08-22 22:00:00,33,0.0
2014-08-22 23:00:00,25,0.0
2014-08-23 00:00:00,19,0.0
2014-08-23 01:00:00,16,0.0
2014-08-23 02:00:00,16,0.0
2014-08-23 03:00:00,16,0.0
2014-08-23 04:00:00,18,0.0
2014-08-23 05:00:00,18,0.03
2014-08-23 06:00:00,33,0.19
2014-08-23 07:00:00,34,0.32
2014-08-23 08:00:00,38,0.52
2014-08-23 09:00:00,32,0.75
2014-08-23 10:00:00,48,0.84
2014-08-23 11:00:00,65,0.65
2014-08-23 12:00:00,65,0.41
2014-08-23 13:00:00,55,0.11
2014-08-23 14:00:00,50,0.07
2014-08-23 15:00:00,66,0.18
2014-08-23 16:00:00,60,0.28
2014-08-23 17:00:00,50,0.05
2014-08-23 18:00:00,46,0.01
2014-08-23 19:00:00,42,0.0
2014-08-23 20:00:00,44,0.0
2014-08-23 21:00:00,25,0.0
2014-08-23 22:00:00,25,0.0
2014-08-23 23:00:00,25,0.0
2014-08-24 00:00:00,20,0.0
2014-08-24 01:00:00,21,0.0
2014-08-24 02:00:00,20,0.0
2014-08-24 03:00:00,21,0.0
2014-08-24 04:00:00,20,0.0
2014-08-24 05:00:00,20,0.02
2014-08-24 06:00:00,32,0.15
2014-08-24 07:00:00,32,0.4
2014-08-24 08:00:00,35,0.26
2014-08-24 09:00:00,29,0.43
2014-08-24 10:00:00,35,0.1
2014-08-24 11:00:00,54,0.6
2014-08-24 12:00:00,47,0.74
2014-08-24 13:00:00,43,0.49
2014-08-24 14:00:00,32,0.46
2014-08-24 15:00:00,54,0.24
2014-08-24 16:00:00,51,0.12
2014-08-24 17:00:00,50,0.05
2014-08-24 18:00:00,41,0.01
2014-08-24 19:00:00,38,0.0
2014-08-24 20:00:00,37,0.0
2014-08-24 21:00:00,24,0.0
2014-08-24 22:00:00,22,0.0
2014-08-24 23:00:00,20,0.0
2014-08-25 00:00:00,19,0.0
2014-08-25 01:00:00,20,0.0
2014-08-25 02:00:00,21,0.0
2014-08-25 03:00:00,21,0.0
2014-08-25 04:00:00,21,0.0
2014-08-25 05:00:00,18,0.01
2014-08-25 06:00:00,30,0.06
2014-08-25 07:00:00,32,0.15
2014-08-25 08:00:00,36,0.57
2014-08-25 09:00:00,32,0.72
2014-08-25 10:00:00,49,0.79
2014-08-25 11:00:00,48,0.82
2014-08-25 12:00:00,47,0.7
2014-08-25 13:00:00,38,0.4
2014-08-25 14:00:00,41,0.32
2014-08-25 15:00:00,54,0.16
2014-08-25 16:00:00,54,0.1
2014-08-25 17:00:00,49,0.04
2014-08-25 18:00:00,40,0.01
2014-08-25 19:00:00,38,0.0
2014-08-25 20:00:00,36,0.0
2014-08-25 21:00:00,23,0.0
2014-08-25 22:00:00,25,0.0
2014-08-25 23:00:00,19,0.0
2014-08-26 00:00:00,17,0.0
2014-08-26 01:00:00,18,0.0
2014-08-26 02:00:00,17,0.0
2014-08-26 03:00:00,15,0.0
2014-08-26 04:00:00,15,0.0
2014-08-26 05:00:00,18,0.02
2014-08-26 06:00:00,31,0.14
2014-08-26 07:00:00,36,0.37
2014-08-26 08:00:00,33,0.59
2014-08-26 09:00:00,38,0.75
2014-08-26 10:00:00,47,0.86
2014-08-26 11:00:00,48,0.9
2014-08-26 12:00:00,42,0.65
2014-08-26 13:00:00,37,0.67
2014-08-26 14:00:00,37,0.59
2014-08-26 15:00:00,47,0.34
2014-08-26 16:00:00,40,0.14
2014-08-26 17:00:00,40,0.05
2014-08-26 18:00:00,31,0.01
2014-08-26 19:00:00,34,0.0
2014-08-26 20:00:00,29,0.0
2014-08-26 21:00:00,19,0.0
2014-08-26 22:00:00,17,0.0
2014-08-26 23:00:00,15,0.0
2014-08-27 00:00:00,14,0.0
2014-08-27 01:00:00,15,0.0
2014-08-27 02:00:00,15,0.0
2014-08-27 03:00:00,15,0.0
2014-08-27 04:00:00,15,0.0
2014-08-27 05:00:00,17,0.02
2014-08-27 06:00:00,23,0.09
2014-08-27 07:00:00,26,0.31
2014-08-27 08:00:00,29,0.24
2014-08-27 09:00:00,29,0.38
2014-08-27 10:00:00,36,0.19
2014-08-27 11:00:00,36,0.29
2014-08-27 12:00:00,35,0.07
2014-08-27 13:00:00,30,0.24
2014-08-27 14:00:00,31,0.18
2014-08-27 15:00:00,44,0.12
2014-08-27 16:00:00,35,0.05
2014-08-27 17:00:00,34,0.01
2014-08-27 18:00:00,32,0.01
2014-08-27 19:00:00,28,0.0
2014-08-27 20:00:00,27,0.0
2014-08-27 21:00:00,18,0.0
2014-08-27 22:00:00,15,0.0
2014-08-27 23:00:00,15,0.0
2014-08-28 00:00:00,14,0.0
2014-08-28 01:00:00,14,0.0
2014-08-28 02:00:00,14,0.0
2014-08-28 03:00:00,15,0.0
2014-08-28 04:00:00,15,0.0
2014-08-28 05:00:00,16,0.02
2014-08-28 06:00:00,25,0.07
2014-08-28 07:00:00,26,0.27
2014-08-28 08:00:00,29,0.42
2014-08-28 09:00:00,31,0.45
2014-08-28 10:00:00,41,0.66
2014-08-28 11:00:00,39,0.56
2014-08-28 12:00:00,36,0.53
2014-08-28 13:00:00,26,0.3
2014-08-28 14:00:00,29,0.4
2014-08-28 15:00:00,41,0.22
2014-08-28 16:00:00,36,0.1
2014-08-28 17:00:00,36,0.03
2014-08-28 18:00:00,29,0.01
2014-08-28 19:00:00,27,0.0
2014-08-28 20:00:00,24,0.0
2014-08-28 21:00:00,18,0.0
2014-08-28 22:00:00,17,0.0
2014-08-28 23:00:00,16,0.0
2014-08-29 00:00:00,16,0.0
2014-08-29 01:00:00,15,0.0
2014-08-29 02:00:00,15,0.0
2014-08-29 03:00:00,15,0.0
2014-08-29 04:00:00,15,0.0
2014-08-29 05:00:00,17,0.02
2014-08-29 06:00:00,24,0.17
2014-08-29 07:00:00,28,0.35
2014-08-29 08:00:00,31,0.58
2014-08-29 09:00:00,27,0.59
2014-08-29 10:00:00,35,0.42
2014-08-29 11:00:00,35,0.68
2014-08-29 12:00:00,31,0.88
2014-08-29 13:00:00,27,0.76
2014-08-29 14:00:00,25,0.64
2014-08-29 15:00:00,37,0.5
2014-08-29 16:00:00,37,0.21
2014-08-29 17:00:00,35,0.05
2014-08-29 18:00:00,30,0.01
2014-08-29 19:00:00,30,0.0
2014-08-29 20:00:00,23,0.0
2014-08-29 21:00:00,16,0.0
2014-08-29 22:00:00,15,0.0
2014-08-29 23:00:00,15,0.0
2014-08-30 00:00:00,15,0.0
2014-08-30 01:00:00,15,0.0
2014-08-30 02:00:00,14,0.0
2014-08-30 03:00:00,14,0.0
2014-08-30 04:00:00,14,0.0
2014-08-30 05:00:00,16,0.01
2014-08-30 06:00:00,26,0.02
2014-08-30 07:00:00,25,0.03
2014-08-30 08:00:00,25,0.05
2014-08-30 09:00:00,26,0.1
2014-08-30 10:00:00,28,0.1
2014-08-30 11:00:00,33,0.07
2014-08-30 12:00:00,35,0.66
2014-08-30 13:00:00,27,0.82
2014-08-30 14:00:00,24,0.68
2014-08-30 15:00:00,40,0.51
2014-08-30 16:00:00,31,0.27
2014-08-30 17:00:00,33,0.03
2014-08-30 18:00:00,27,0.01
2014-08-30 19:00:00,29,0.0
2014-08-30 20:00:00,23,0.0
2014-08-30 21:00:00,17,0.0
2014-08-30 22:00:00,16,0.0
2014-08-30 23:00:00,15,0.0
2014-08-31 00:00:00,15,0.0
2014-08-31 01:00:00,15,0.0
2014-08-31 02:00:00,15,0.0
2014-08-31 03:00:00,15,0.0
2014-08-31 04:00:00,14,0.0
2014-08-31 05:00:00,16,0.02
2014-08-31 06:00:00,25,0.16
2014-08-31 07:00:00,25,0.27
2014-08-31 08:00:00,25,0.51
2014-08-31 09:00:00,18,0.59
2014-08-31 10:00:00,24,0.56
2014-08-31 11:00:00,29,0.87
2014-08-31 12:00:00,27,0.86
2014-08-31 13:00:00,19,0.8
2014-08-31 14:00:00,19,0.64
2014-08-31 15:00:00,36,0.49
2014-08-31 16:00:00,29,0.25
2014-08-31 17:00:00,29,0.05
2014-08-31 18:00:00,29,0.01
2014-08-31 19:00:00,29,0.0
2014-08-31 20:00:00,28,0.0
2014-08-31 21:00:00,18,0.0
2014-08-31 22:00:00,16,0.0
2014-08-31 23:00:00,15,0.0
2014-09-01 00:00:00,14,0.0
2014-09-01 01:00:00,14,0.0
2014-09-01 02:00:00,15,0.0
2014-09-01 03:00:00,15,0.0
2014-09-01 04:00:00,15,0.0
2014-09-01 05:00:00,17,0.0
2014-09-01 06:00:00,28,0.02
2014-09-01 07:00:00,33,0.1
2014-09-01 08:00:00,34,0.21
2014-09-01 09:00:00,33,0.2
2014-09-01 10:00:00,45,0.19
2014-09-01 11:00:00,42,0.26
2014-09-01 12:00:00,38,0.09
2014-09-01 13:00:00,35,0.08
2014-09-01 14:00:00,32,0.07
2014-09-01 15:00:00,44,0.05
2014-09-01 16:00:00,38,0.03
2014-09-01 17:00:00,37,0.01
2014-09-01 18:00:00,32,0.01
2014-09-01 19:00:00,28,0.0
2014-09-01 20:00:00,25,0.0
2014-09-01 21:00:00,18,0.0
2014-09-01 22:00:00,15,0.0
2014-09-01 23:00:00,15,0.0
2014-09-02 00:00:00,14,0.0
2014-09-02 01:00:00,14,0.0
2014-09-02 02:00:00,14,0.0
2014-09-02 03:00:00,14,0.0
2014-09-02 04:00:00,14,0.0
2014-09-02 05:00:00,17,0.01
2014-09-02 06:00:00,29,0.05
2014-09-02 07:00:00,34,0.15
2014-09-02 08:00:00,30,0.26
2014-09-02 09:00:00,29,0.34
2014-09-02 10:00:00,34,0.32
2014-09-02 11:00:00,30,0.22
2014-09-02 12:00:00,24,0.08
2014-09-02 13:00:00,26,0.06
2014-09-02 14:00:00,22,0.1
2014-09-02 15:00:00,31,0.04
2014-09-02 16:00:00,38,0.02
2014-09-02 17:00:00,34,0.01
2014-09-02 18:00:00,30,0.0
2014-09-02 19:00:00,30,0.0
2014-09-02 20:00:00,24,0.0
2014-09-02 21:00:00,17,0.0
2014-09-02 22:00:00,15,0.0
2014-09-02 23:00:00,15,0.0
2014-09-03 00:00:00,14,0.0
2014-09-03 01:00:00,14,0.0
2014-09-03 02:00:00,14,0.0
2014-09-03 03:00:00,14,0.0
2014-09-03 04:00:00,14,0.0
2014-09-03 05:00:00,17,0.0
2014-09-03 06:00:00,31,0.02
2014-09-03 07:00:00,32,0.03
2014-09-03 08:00:00,30,0.04
2014-09-03 09:00:00,30,0.05
2014-09-03 10:00:00,42,0.08
2014-09-03 11:00:00,45,0.06
2014-09-03 12:00:00,41,0.21
2014-09-03 13:00:00,27,0.21
2014-09-03 14:00:00,31,0.05
2014-09-03 15:00:00,43,0.04
2014-09-03 16:00:00,41,0.02
2014-09-03 17:00:00,35,0.01
2014-09-03 18:00:00,30,0.0
2014-09-03 19:00:00,29,0.0
2014-09-03 20:00:00,23,0.0
2014-09-03 21:00:00,17,0.0
2014-09-03 22:00:00,16,0.0
2014-09-03 23:00:00,16,0.0
2014-09-04 00:00:00,15,0.0
2014-09-04 01:00:00,15,0.0
2014-09-04 02:00:00,14,0.0
2014-09-04 03:00:00,15,0.0
2014-09-04 04:00:00,15,0.0
2014-09-04 05:00:00,17,0.0
2014-09-04 06:00:00,27,0.02
2014-09-04 07:00:00,28,0.03
2014-09-04 08:00:00,31,0.04
2014-09-04 09:00:00,32,0.05
2014-09-04 10:00:00,37,0.07
2014-09-04 11:00:00,44,0.06
2014-09-04 12:00:00,41,0.06
2014-09-04 13:00:00,29,0.05
2014-09-04 14:00:00,32,0.05
2014-09-04 15:00:00,46,0.04
2014-09-04 16:00:00,42,0.02
2014-09-04 17:00:00,38,0.01
2014-09-04 18:00:00,30,0.0
2014-09-04 19:00:00,29,0.0
2014-09-04 20:00:00,24,0.0
2014-09-04 21:00:00,17,0.0
2014-09-04 22:00:00,16,0.0
2014-09-04 23:00:00,15,0.0
2014-09-05 00:00:00,15,0.0
2014-09-05 01:00:00,15,0.0
2014-09-05 02:00:00,15,0.0
2014-09-05 03:00:00,16,0.0
2014-09-05 04:00:00,16,0.0
2014-09-05 05:00:00,19,0.0
2014-09-05 06:00:00,31,0.02
2014-09-05 07:00:00,28,0.05
2014-09-05 08:00:00,31,0.06
2014-09-05 09:00:00,24,0.11
2014-09-05 10:00:00,43,0.14
2014-09-05 11:00:00,44,0.21
2014-09-05 12:00:00,42,0.37
2014-09-05 13:00:00,28,0.33
2014-09-05 14:00:00,26,0.29
2014-09-05 15:00:00,43,0.09
2014-09-05 16:00:00,37,0.07
2014-09-05 17:00:00,34,0.02
2014-09-05 18:00:00,31,0.0
2014-09-05 19:00:00,32,0.0
2014-09-05 20:00:00,29,0.0
2014-09-05 21:00:00,22,0.0
2014-09-05 22:00:00,25,0.0
2014-09-05 23:00:00,21,0.0
2014-09-06 00:00:00,17,0.0
2014-09-06 01:00:00,16,0.0
2014-09-06 02:00:00,16,0.0
2014-09-06 03:00:00,16,0.0
2014-09-06 04:00:00,17,0.0
2014-09-06 05:00:00,20,0.02
2014-09-06 06:00:00,31,0.15
2014-09-06 07:00:00,30,0.37
2014-09-06 08:00:00,32,0.56
2014-09-06 09:00:00,36,0.73
2014-09-06 10:00:00,44,0.74
2014-09-06 11:00:00,48,0.6
2014-09-06 12:00:00,44,0.38
2014-09-06 13:00:00,35,0.37
2014-09-06 14:00:00,32,0.27
2014-09-06 15:00:00,62,0.16
2014-09-06 16:00:00,60,0.08
2014-09-06 17:00:00,46,0.03
2014-09-06 18:00:00,44,0.0
2014-09-06 19:00:00,39,0.0
2014-09-06 20:00:00,29,0.0
2014-09-06 21:00:00,21,0.0
2014-09-06 22:00:00,18,0.0
2014-09-06 23:00:00,15,0.0
2014-09-07 00:00:00,15,0.0
2014-09-07 01:00:00,15,0.0
2014-09-07 02:00:00,19,0.0
2014-09-07 03:00:00,16,0.0
2014-09-07 04:00:00,14,0.0
2014-09-07 05:00:00,15,0.02
2014-09-07 06:00:00,29,0.15
2014-09-07 07:00:00,33,0.36
2014-09-07 08:00:00,30,0.56
2014-09-07 09:00:00,27,0.73
2014-09-07 10:00:00,32,0.85
2014-09-07 11:00:00,32,0.88
2014-09-07 12:00:00,26,0.86
2014-09-07 13:00:00,20,0.78
2014-09-07 14:00:00,15,0.38
2014-09-07 15:00:00,31,0.26
2014-09-07 16:00:00,28,0.22
2014-09-07 17:00:00,27,0.04
2014-09-07 18:00:00,30,0.0
2014-09-07 19:00:00,30,0.0
2014-09-07 20:00:00,26,0.0
2014-09-07 21:00:00,17,0.0
2014-09-07 22:00:00,14,0.0
2014-09-07 23:00:00,14,0.0
2014-09-08 00:00:00,13,0.0
2014-09-08 01:00:00,14,0.0
2014-09-08 02:00:00,14,0.0
2014-09-08 03:00:00,14,0.0
2014-09-08 04:00:00,14,0.0
2014-09-08 05:00:00,17,0.02
2014-09-08 06:00:00,26,0.15
2014-09-08 07:00:00,27,0.36
2014-09-08 08:00:00,30,0.55
2014-09-08 09:00:00,25,0.72
2014-09-08 10:00:00,38,0.84
2014-09-08 11:00:00,41,0.88
2014-09-08 12:00:00,38,0.85
2014-09-08 13:00:00,27,0.74
2014-09-08 14:00:00,31,0.36
2014-09-08 15:00:00,39,0.25
2014-09-08 16:00:00,39,0.2
2014-09-08 17:00:00,36,0.04
2014-09-08 18:00:00,29,0.0
2014-09-08 19:00:00,30,0.0
2014-09-08 20:00:00,26,0.0
2014-09-08 21:00:00,18,0.0
2014-09-08 22:00:00,16,0.0
2014-09-08 23:00:00,14,0.0
2014-09-09 00:00:00,14,0.0
2014-09-09 01:00:00,14,0.0
2014-09-09 02:00:00,14,0.0
2014-09-09 03:00:00,14,0.0
2014-09-09 04:00:00,14,0.0
2014-09-09 05:00:00,17,0.01
2014-09-09 06:00:00,26,0.05
2014-09-09 07:00:00,29,0.12
2014-09-09 08:00:00,28,0.2
2014-09-09 09:00:00,25,0.24
2014-09-09 10:00:00,31,0.7
2014-09-09 11:00:00,36,0.88
2014-09-09 12:00:00,32,0.85
2014-09-09 13:00:00,25,0.76
2014-09-09 14:00:00,28,0.39
2014-09-09 15:00:00,38,0.21
2014-09-09 16:00:00,38,0.15
2014-09-09 17:00:00,35,0.03
2014-09-09 18:00:00,28,0.0
2014-09-09 19:00:00,30,0.0
2014-09-09 20:00:00,27,0.0
2014-09-09 21:00:00,17,0.0
2014-09-09 22:00:00,16,0.0
2014-09-09 23:00:00,15,0.0
2014-09-10 00:00:00,15,0.0
2014-09-10 01:00:00,15,0.0
2014-09-10 02:00:00,15,0.0
2014-09-10 03:00:00,15,0.0
2014-09-10 04:00:00,14,0.0
2014-09-10 05:00:00,18,0.01
2014-09-10 06:00:00,25,0.15
2014-09-10 07:00:00,29,0.36
2014-09-10 08:00:00,31,0.55
2014-09-10 09:00:00,27,0.72
2014-09-10 10:00:00,41,0.83
2014-09-10 11:00:00,38,0.87
2014-09-10 12:00:00,37,0.82
2014-09-10 13:00:00,27,0.62
2014-09-10 14:00:00,29,0.38
2014-09-10 15:00:00,38,0.19
2014-09-10 16:00:00,33,0.11
2014-09-10 17:00:00,33,0.03
2014-09-10 18:00:00,31,0.0
2014-09-10 19:00:00,29,0.0
2014-09-10 20:00:00,24,0.0
2014-09-10 21:00:00,16,0.0
2014-09-10 22:00:00,15,0.0
2014-09-10 23:00:00,14,0.0
2014-09-11 00:00:00,14,0.0
2014-09-11 01:00:00,14,0.0
2014-09-11 02:00:00,15,0.0
2014-09-11 03:00:00,14,0.0
2014-09-11 04:00:00,14,0.0
2014-09-11 05:00:00,18,0.01
2014-09-11 06:00:00,27,0.13
2014-09-11 07:00:00,34,0.28
2014-09-11 08:00:00,30,0.23
2014-09-11 09:00:00,27,0.28
2014-09-11 10:00:00,39,0.46
2014-09-11 11:00:00,41,0.73
2014-09-11 12:00:00,38,0.39
2014-09-11 13:00:00,29,0.55
2014-09-11 14:00:00,26,0.48
2014-09-11 15:00:00,39,0.2
2014-09-11 16:00:00,36,0.14
2014-09-11 17:00:00,35,0.03
2014-09-11 18:00:00,32,0.0
2014-09-11 19:00:00,29,0.0
2014-09-11 20:00:00,26,0.0
2014-09-11 21:00:00,18,0.0
2014-09-11 22:00:00,14,0.0
2014-09-11 23:00:00,14,0.0
2014-09-12 00:00:00,14,0.0
2014-09-12 01:00:00,15,0.0
2014-09-12 02:00:00,14,0.0
2014-09-12 03:00:00,15,0.0
2014-09-12 04:00:00,14,0.0
2014-09-12 05:00:00,16,0.01
2014-09-12 06:00:00,27,0.14
2014-09-12 07:00:00,30,0.36
2014-09-12 08:00:00,25,0.55
2014-09-12 09:00:00,32,0.68
2014-09-12 10:00:00,32,0.57
2014-09-12 11:00:00,28,0.83
2014-09-12 12:00:00,27,0.78
2014-09-12 13:00:00,19,0.76
2014-09-12 14:00:00,19,0.4
2014-09-12 15:00:00,36,0.18
2014-09-12 16:00:00,32,0.15
2014-09-12 17:00:00,32,0.03
2014-09-12 18:00:00,30,0.0
2014-09-12 19:00:00,27,0.0
2014-09-12 20:00:00,22,0.0
2014-09-12 21:00:00,16,0.0
2014-09-12 22:00:00,15,0.0
2014-09-12 23:00:00,15,0.0
2014-09-13 00:00:00,15,0.0
2014-09-13 01:00:00,14,0.0
2014-09-13 02:00:00,14,0.0
2014-09-13 03:00:00,14,0.0
2014-09-13 04:00:00,14,0.0
2014-09-13 05:00:00,15,0.01
2014-09-13 06:00:00,24,0.13
2014-09-13 07:00:00,24,0.35
2014-09-13 08:00:00,22,0.55
2014-09-13 09:00:00,22,0.72
2014-09-13 10:00:00,37,0.82
2014-09-13 11:00:00,37,0.71
2014-09-13 12:00:00,30,0.74
2014-09-13 13:00:00,21,0.71
2014-09-13 14:00:00,22,0.41
2014-09-13 15:00:00,32,0.15
2014-09-13 16:00:00,35,0.08
2014-09-13 17:00:00,33,0.02
2014-09-13 18:00:00,27,0.0
2014-09-13 19:00:00,27,0.0
2014-09-13 20:00:00,25,0.0
2014-09-13 21:00:00,16,0.0
2014-09-13 22:00:00,15,0.0
2014-09-13 23:00:00,15,0.0
2014-09-14 00:00:00,15,0.0
2014-09-14 01:00:00,15,0.0
2014-09-14 02:00:00,15,0.0
2014-09-14 03:00:00,15,0.0
2014-09-14 04:00:00,15,0.0
2014-09-14 05:00:00,16,0.01
2014-09-14 06:00:00,24,0.14
2014-09-14 07:00:00,22,0.35
2014-09-14 08:00:00,25,0.55
2014-09-14 09:00:00,18,0.71
2014-09-14 10:00:00,19,0.83
2014-09-14 11:00:00,20,0.87
2014-09-14 12:00:00,18,0.83
2014-09-14 13:00:00,21,0.74
2014-09-14 14:00:00,17,0.41
2014-09-14 15:00:00,27,0.23
2014-09-14 16:00:00,23,0.14
2014-09-14 17:00:00,26,0.03
2014-09-14 18:00:00,28,0.0
2014-09-14 19:00:00,28,0.0
2014-09-14 20:00:00,22,0.0
2014-09-14 21:00:00,16,0.0
2014-09-14 22:00:00,14,0.0
2014-09-14 23:00:00,14,0.0
2014-09-15 00:00:00,14,0.0
2014-09-15 01:00:00,14,0.0
2014-09-15 02:00:00,15,0.0
2014-09-15 03:00:00,14,0.0
2014-09-15 04:00:00,14,0.0
2014-09-15 05:00:00,17,0.01
2014-09-15 06:00:00,26,0.14
2014-09-15 07:00:00,27,0.35
2014-09-15 08:00:00,27,0.55
2014-09-15 09:00:00,30,0.71
2014-09-15 10:00:00,36,0.82
2014-09-15 11:00:00,35,0.6
2014-09-15 12:00:00,29,0.56
2014-09-15 13:00:00,24,0.71
2014-09-15 14:00:00,22,0.33
2014-09-15 15:00:00,32,0.23
2014-09-15 16:00:00,38,0.14
2014-09-15 17:00:00,32,0.03
2014-09-15 18:00:00,30,0.0
2014-09-15 19:00:00,27,0.0
2014-09-15 20:00:00,25,0.0
2014-09-15 21:00:00,17,0.0
2014-09-15 22:00:00,16,0.0
2014-09-15 23:00:00,16,0.0
2014-09-16 00:00:00,15,0.0
2014-09-16 01:00:00,16,0.0
2014-09-16 02:00:00,16,0.0
2014-09-16 03:00:00,16,0.0
2014-09-16 04:00:00,16,0.0
2014-09-16 05:00:00,18,0.01
2014-09-16 06:00:00,26,0.07
2014-09-16 07:00:00,26,0.21
2014-09-16 08:00:00,28,0.44
2014-09-16 09:00:00,22,0.44
2014-09-16 10:00:00,30,0.44
2014-09-16 11:00:00,30,0.65
2014-09-16 12:00:00,30,0.65
2014-09-16 13:00:00,23,0.52
2014-09-16 14:00:00,26,0.42
2014-09-16 15:00:00,38,0.14
2014-09-16 16:00:00,34,0.08
2014-09-16 17:00:00,33,0.01
2014-09-16 18:00:00,29,0.0
2014-09-16 19:00:00,31,0.0
2014-09-16 20:00:00,24,0.0
2014-09-16 21:00:00,18,0.0
2014-09-16 22:00:00,15,0.0
2014-09-16 23:00:00,14,0.0
2014-09-17 00:00:00,14,0.0
2014-09-17 01:00:00,14,0.0
2014-09-17 02:00:00,14,0.0
2014-09-17 03:00:00,14,0.0
2014-09-17 04:00:00,15,0.0
2014-09-17 05:00:00,16,0.01
2014-09-17 06:00:00,30,0.01
2014-09-17 07:00:00,30,0.03
2014-09-17 08:00:00,29,0.07
2014-09-17 09:00:00,33,0.07
2014-09-17 10:00:00,42,0.11
2014-09-17 11:00:00,40,0.23
2014-09-17 12:00:00,36,0.2
2014-09-17 13:00:00,30,0.11
2014-09-17 14:00:00,28,0.09
2014-09-17 15:00:00,37,0.04
2014-09-17 16:00:00,40,0.05
2014-09-17 17:00:00,38,0.01
2014-09-17 18:00:00,33,0.0
2014-09-17 19:00:00,26,0.0
2014-09-17 20:00:00,24,0.0
2014-09-17 21:00:00,16,0.0
2014-09-17 22:00:00,15,0.0
2014-09-17 23:00:00,14,0.0
2014-09-18 00:00:00,14,0.0
2014-09-18 01:00:00,14,0.0
2014-09-18 02:00:00,14,0.0
2014-09-18 03:00:00,14,0.0
2014-09-18 04:00:00,14,0.0
2014-09-18 05:00:00,15,0.01
2014-09-18 06:00:00,25,0.05
2014-09-18 07:00:00,32,0.21
2014-09-18 08:00:00,28,0.54
2014-09-18 09:00:00,30,0.71
2014-09-18 10:00:00,38,0.81
2014-09-18 11:00:00,33,0.85
2014-09-18 12:00:00,26,0.82
2014-09-18 13:00:00,28,0.74
2014-09-18 14:00:00,26,0.5
2014-09-18 15:00:00,33,0.23
2014-09-18 16:00:00,33,0.16
2014-09-18 17:00:00,32,0.03
2014-09-18 18:00:00,28,0.0
2014-09-18 19:00:00,28,0.0
2014-09-18 20:00:00,23,0.0
2014-09-18 21:00:00,17,0.0
2014-09-18 22:00:00,15,0.0
2014-09-18 23:00:00,15,0.0
2014-09-19 00:00:00,16,0.0
2014-09-19 01:00:00,16,0.0
2014-09-19 02:00:00,16,0.0
2014-09-19 03:00:00,16,0.0
2014-09-19 04:00:00,16,0.0
2014-09-19 05:00:00,18,0.01
2014-09-19 06:00:00,24,0.13
2014-09-19 07:00:00,24,0.34
2014-09-19 08:00:00,24,0.54
2014-09-19 09:00:00,21,0.7
2014-09-19 10:00:00,24,0.8
2014-09-19 11:00:00,26,0.84
2014-09-19 12:00:00,24,0.81
2014-09-19 13:00:00,24,0.56
2014-09-19 14:00:00,24,0.33
2014-09-19 15:00:00,41,0.2
2014-09-19 16:00:00,31,0.13
2014-09-19 17:00:00,33,0.03
2014-09-19 18:00:00,28,0.0
2014-09-19 19:00:00,26,0.0
2014-09-19 20:00:00,21,0.0
2014-09-19 21:00:00,16,0.0
2014-09-19 22:00:00,15,0.0
2014-09-19 23:00:00,14,0.0
2014-09-20 00:00:00,14,0.0
2014-09-20 01:00:00,14,0.0
2014-09-20 02:00:00,14,0.0
2014-09-20 03:00:00,14,0.0
2014-09-20 04:00:00,14,0.0
2014-09-20 05:00:00,16,0.01
2014-09-20 06:00:00,24,0.02
2014-09-20 07:00:00,26,0.04
2014-09-20 08:00:00,24,0.16
2014-09-20 09:00:00,23,0.13
2014-09-20 10:00:00,34,0.13
2014-09-20 11:00:00,36,0.27
2014-09-20 12:00:00,34,0.13
2014-09-20 13:00:00,24,0.1
2014-09-20 14:00:00,27,0.08
2014-09-20 15:00:00,33,0.06
2014-09-20 16:00:00,32,0.02
2014-09-20 17:00:00,34,0.01
2014-09-20 18:00:00,28,0.0
2014-09-20 19:00:00,28,0.0
2014-09-20 20:00:00,25,0.0
2014-09-20 21:00:00,19,0.0
2014-09-20 22:00:00,17,0.0
2014-09-20 23:00:00,16,0.0
2014-09-21 00:00:00,16,0.0
2014-09-21 01:00:00,16,0.0
2014-09-21 02:00:00,16,0.0
2014-09-21 03:00:00,16,0.0
2014-09-21 04:00:00,16,0.0
2014-09-21 05:00:00,18,0.01
2014-09-21 06:00:00,27,0.01
2014-09-21 07:00:00,33,0.03
2014-09-21 08:00:00,26,0.04
2014-09-21 09:00:00,22,0.05
2014-09-21 10:00:00,24,0.05
2014-09-21 11:00:00,21,0.06
2014-09-21 12:00:00,19,0.06
2014-09-21 13:00:00,16,0.05
2014-09-21 14:00:00,14,0.04
2014-09-21 15:00:00,24,0.03
2014-09-21 16:00:00,24,0.02
2014-09-21 17:00:00,26,0.01
2014-09-21 18:00:00,27,0.0
2014-09-21 19:00:00,28,0.0
2014-09-21 20:00:00,28,0.0
2014-09-21 21:00:00,17,0.0
2014-09-21 22:00:00,15,0.0
2014-09-21 23:00:00,15,0.0
2014-09-22 00:00:00,15,0.0
2014-09-22 01:00:00,16,0.0
2014-09-22 02:00:00,15,0.0
2014-09-22 03:00:00,15,0.0
2014-09-22 04:00:00,16,0.0
2014-09-22 05:00:00,16,0.01
2014-09-22 06:00:00,24,0.11
2014-09-22 07:00:00,22,0.33
2014-09-22 08:00:00,27,0.53
2014-09-22 09:00:00,21,0.68
2014-09-22 10:00:00,28,0.71
2014-09-22 11:00:00,26,0.82
2014-09-22 12:00:00,28,0.78
2014-09-22 13:00:00,22,0.72
2014-09-22 14:00:00,27,0.27
2014-09-22 15:00:00,34,0.17
2014-09-22 16:00:00,33,0.1
2014-09-22 17:00:00,33,0.03
2014-09-22 18:00:00,29,0.0
2014-09-22 19:00:00,28,0.0
2014-09-22 20:00:00,22,0.0
2014-09-22 21:00:00,19,0.0
2014-09-22 22:00:00,16,0.0
2014-09-22 23:00:00,15,0.0
2014-09-23 00:00:00,15,0.0
2014-09-23 01:00:00,15,0.0
2014-09-23 02:00:00,15,0.0
2014-09-23 03:00:00,15,0.0
2014-09-23 04:00:00,15,0.0
2014-09-23 05:00:00,17,0.01
2014-09-23 06:00:00,25,0.01
2014-09-23 07:00:00,25,0.04
2014-09-23 08:00:00,24,0.07
2014-09-23 09:00:00,19,0.28
2014-09-23 10:00:00,29,0.8
2014-09-23 11:00:00,28,0.77
2014-09-23 12:00:00,24,0.65
2014-09-23 13:00:00,18,0.35
2014-09-23 14:00:00,17,0.48
2014-09-23 15:00:00,30,0.09
2014-09-23 16:00:00,31,0.06
2014-09-23 17:00:00,30,0.01
2014-09-23 18:00:00,27,0.0
2014-09-23 19:00:00,26,0.0
2014-09-23 20:00:00,25,0.0
2014-09-23 21:00:00,18,0.0
2014-09-23 22:00:00,15,0.0
2014-09-23 23:00:00,14,0.0
2014-09-24 00:00:00,14,0.0
2014-09-24 01:00:00,15,0.0
2014-09-24 02:00:00,15,0.0
2014-09-24 03:00:00,15,0.0
2014-09-24 04:00:00,14,0.0
2014-09-24 05:00:00,17,0.01
2014-09-24 06:00:00,24,0.11
2014-09-24 07:00:00,23,0.31
2014-09-24 08:00:00,24,0.52
2014-09-24 09:00:00,21,0.68
2014-09-24 10:00:00,28,0.78
2014-09-24 11:00:00,28,0.78
2014-09-24 12:00:00,27,0.56
2014-09-24 13:00:00,23,0.48
2014-09-24 14:00:00,27,0.23
2014-09-24 15:00:00,34,0.14
2014-09-24 16:00:00,34,0.07
2014-09-24 17:00:00,37,0.01
2014-09-24 18:00:00,29,0.0
2014-09-24 19:00:00,29,0.0
2014-09-24 20:00:00,22,0.0
2014-09-24 21:00:00,17,0.0
2014-09-24 22:00:00,16,0.0
2014-09-24 23:00:00,15,0.0
2014-09-25 00:00:00,15,0.0
2014-09-25 01:00:00,15,0.0
2014-09-25 02:00:00,15,0.0
2014-09-25 03:00:00,15,0.0
2014-09-25 04:00:00,14,0.0
2014-09-25 05:00:00,17,0.01
2014-09-25 06:00:00,23,0.05
2014-09-25 07:00:00,24,0.14
2014-09-25 08:00:00,31,0.4
2014-09-25 09:00:00,31,0.42
2014-09-25 10:00:00,41,0.58
2014-09-25 11:00:00,42,0.34
2014-09-25 12:00:00,43,0.33
2014-09-25 13:00:00,33,0.36
2014-09-25 14:00:00,29,0.18
2014-09-25 15:00:00,42,0.11
2014-09-25 16:00:00,41,0.05
2014-09-25 17:00:00,36,0.01
2014-09-25 18:00:00,31,0.0
2014-09-25 19:00:00,29,0.0
2014-09-25 20:00:00,25,0.0
2014-09-25 21:00:00,17,0.0
2014-09-25 22:00:00,15,0.0
2014-09-25 23:00:00,14,0.0
2014-09-26 00:00:00,14,0.0
2014-09-26 01:00:00,14,0.0
2014-09-26 02:00:00,14,0.0
2014-09-26 03:00:00,15,0.0
2014-09-26 04:00:00,15,0.0
2014-09-26 05:00:00,16,0.01
2014-09-26 06:00:00,23,0.03
2014-09-26 07:00:00,26,0.06
2014-09-26 08:00:00,27,0.12
2014-09-26 09:00:00,23,0.12
2014-09-26 10:00:00,28,0.12
2014-09-26 11:00:00,29,0.09
2014-09-26 12:00:00,33,0.1
2014-09-26 13:00:00,25,0.1
2014-09-26 14:00:00,21,0.13
2014-09-26 15:00:00,34,0.07
2014-09-26 16:00:00,33,0.03
2014-09-26 17:00:00,35,0.01
2014-09-26 18:00:00,30,0.0
2014-09-26 19:00:00,29,0.0
2014-09-26 20:00:00,26,0.0
2014-09-26 21:00:00,18,0.0
2014-09-26 22:00:00,15,0.0
2014-09-26 23:00:00,15,0.0
2014-09-27 00:00:00,15,0.0
2014-09-27 01:00:00,15,0.0
2014-09-27 02:00:00,15,0.0
2014-09-27 03:00:00,14,0.0
2014-09-27 04:00:00,14,0.0
2014-09-27 05:00:00,16,0.01
2014-09-27 06:00:00,24,0.04
2014-09-27 07:00:00,23,0.1
2014-09-27 08:00:00,23,0.25
2014-09-27 09:00:00,21,0.51
2014-09-27 10:00:00,25,0.7
2014-09-27 11:00:00,27,0.81
2014-09-27 12:00:00,29,0.79
2014-09-27 13:00:00,21,0.7
2014-09-27 14:00:00,22,0.46
2014-09-27 15:00:00,35,0.12
2014-09-27 16:00:00,34,0.1
2014-09-27 17:00:00,33,0.01
2014-09-27 18:00:00,28,0.0
2014-09-27 19:00:00,26,0.0
2014-09-27 20:00:00,24,0.0
2014-09-27 21:00:00,17,0.0
2014-09-27 22:00:00,16,0.0
2014-09-27 23:00:00,15,0.0
2014-09-28 00:00:00,15,0.0
2014-09-28 01:00:00,15,0.0
2014-09-28 02:00:00,15,0.0
2014-09-28 03:00:00,17,0.0
2014-09-28 04:00:00,15,0.0
2014-09-28 05:00:00,17,0.01
2014-09-28 06:00:00,28,0.1
2014-09-28 07:00:00,31,0.31
2014-09-28 08:00:00,24,0.51
2014-09-28 09:00:00,19,0.67
2014-09-28 10:00:00,23,0.76
2014-09-28 11:00:00,26,0.8
2014-09-28 12:00:00,22,0.76
2014-09-28 13:00:00,11,0.42
2014-09-28 14:00:00,12,0.2
2014-09-28 15:00:00,27,0.19
2014-09-28 16:00:00,26,0.09
2014-09-28 17:00:00,28,0.01
2014-09-28 18:00:00,28,0.0
2014-09-28 19:00:00,28,0.0
2014-09-28 20:00:00,26,0.0
2014-09-28 21:00:00,18,0.0
2014-09-28 22:00:00,16,0.0
2014-09-28 23:00:00,14,0.0
2014-09-29 00:00:00,14,0.0
2014-09-29 01:00:00,14,0.0
2014-09-29 02:00:00,14,0.0
2014-09-29 03:00:00,14,0.0
2014-09-29 04:00:00,16,0.0
2014-09-29 05:00:00,17,0.01
2014-09-29 06:00:00,31,0.1
2014-09-29 07:00:00,29,0.31
2014-09-29 08:00:00,29,0.5
2014-09-29 09:00:00,24,0.66
2014-09-29 10:00:00,38,0.76
2014-09-29 11:00:00,33,0.8
2014-09-29 12:00:00,31,0.76
2014-09-29 13:00:00,19,0.51
2014-09-29 14:00:00,22,0.25
2014-09-29 15:00:00,35,0.14
2014-09-29 16:00:00,34,0.06
2014-09-29 17:00:00,34,0.01
2014-09-29 18:00:00,30,0.0
2014-09-29 19:00:00,29,0.0
2014-09-29 20:00:00,24,0.0
2014-09-29 21:00:00,17,0.0
2014-09-29 22:00:00,15,0.0
2014-09-29 23:00:00,15,0.0
2014-09-30 00:00:00,15,0.0
2014-09-30 01:00:00,16,0.0
2014-09-30 02:00:00,16,0.0
2014-09-30 03:00:00,15,0.0
2014-09-30 04:00:00,16,0.0
2014-09-30 05:00:00,18,0.01
2014-09-30 06:00:00,24,0.07
2014-09-30 07:00:00,24,0.18
2014-09-30 08:00:00,25,0.17
2014-09-30 09:00:00,21,0.24
2014-09-30 10:00:00,29,0.45
2014-09-30 11:00:00,30,0.71
2014-09-30 12:00:00,27,0.68
2014-09-30 13:00:00,21,0.43
2014-09-30 14:00:00,21,0.27
2014-09-30 15:00:00,29,0.14
2014-09-30 16:00:00,31,0.05
2014-09-30 17:00:00,32,0.01
2014-09-30 18:00:00,30,0.0
2014-09-30 19:00:00,29,0.0
2014-09-30 20:00:00,24,0.0
2014-09-30 21:00:00,17,0.0
2014-09-30 22:00:00,16,0.0
2014-09-30 23:00:00,16,0.0
2014-10-01 00:00:00,15,0.0
2014-10-01 01:00:00,16,0.0
2014-10-01 02:00:00,16,0.0
2014-10-01 03:00:00,15,0.0
2014-10-01 04:00:00,15,0.0
2014-10-01 05:00:00,16,0.01
2014-10-01 06:00:00,23,0.07
2014-10-01 07:00:00,27,0.26
2014-10-01 08:00:00,31,0.5
2014-10-01 09:00:00,30,0.64
2014-10-01 10:00:00,41,0.64
2014-10-01 11:00:00,39,0.58
2014-10-01 12:00:00,35,0.3
2014-10-01 13:00:00,30,0.2
2014-10-01 14:00:00,28,0.3
2014-10-01 15:00:00,34,0.1
2014-10-01 16:00:00,33,0.05
2014-10-01 17:00:00,32,0.01
2014-10-01 18:00:00,31,0.0
2014-10-01 19:00:00,28,0.0
2014-10-01 20:00:00,24,0.0
2014-10-01 21:00:00,19,0.0
2014-10-01 22:00:00,16,0.0
2014-10-01 23:00:00,15,0.0
2014-10-02 00:00:00,15,0.0
2014-10-02 01:00:00,15,0.0
2014-10-02 02:00:00,16,0.0
2014-10-02 03:00:00,16,0.0
2014-10-02 04:00:00,15,0.0
2014-10-02 05:00:00,18,0.01
2014-10-02 06:00:00,27,0.08
2014-10-02 07:00:00,32,0.29
2014-10-02 08:00:00,28,0.41
2014-10-02 09:00:00,28,0.54
2014-10-02 10:00:00,35,0.61
2014-10-02 11:00:00,34,0.43
2014-10-02 12:00:00,37,0.32
2014-10-02 13:00:00,29,0.3
2014-10-02 14:00:00,29,0.15
2014-10-02 15:00:00,42,0.09
2014-10-02 16:00:00,39,0.04
2014-10-02 17:00:00,39,0.01
2014-10-02 18:00:00,32,0.0
2014-10-02 19:00:00,29,0.0
2014-10-02 20:00:00,26,0.0
2014-10-02 21:00:00,18,0.0
2014-10-02 22:00:00,16,0.0
2014-10-02 23:00:00,15,0.0
2014-10-03 00:00:00,15,0.0
2014-10-03 01:00:00,14,0.0
2014-10-03 02:00:00,15,0.0
2014-10-03 03:00:00,14,0.0
2014-10-03 04:00:00,14,0.0
2014-10-03 05:00:00,18,0.01
2014-10-03 06:00:00,24,0.06
2014-10-03 07:00:00,24,0.27
2014-10-03 08:00:00,28,0.49
2014-10-03 09:00:00,25,0.66
2014-10-03 10:00:00,35,0.76
2014-10-03 11:00:00,36,0.79
2014-10-03 12:00:00,38,0.76
2014-10-03 13:00:00,28,0.67
2014-10-03 14:00:00,29,0.53
2014-10-03 15:00:00,43,0.34
2014-10-03 16:00:00,41,0.11
2014-10-03 17:00:00,38,0.01
2014-10-03 18:00:00,28,0.0
2014-10-03 19:00:00,28,0.0
2014-10-03 20:00:00,21,0.0
2014-10-03 21:00:00,16,0.0
2014-10-03 22:00:00,15,0.0
2014-10-03 23:00:00,15,0.0
2014-10-04 00:00:00,14,0.0
2014-10-04 01:00:00,15,0.0
2014-10-04 02:00:00,14,0.0
2014-10-04 03:00:00,15,0.0
2014-10-04 04:00:00,15,0.0
2014-10-04 05:00:00,17,0.01
2014-10-04 06:00:00,24,0.05
2014-10-04 07:00:00,25,0.21
2014-10-04 08:00:00,27,0.47
2014-10-04 09:00:00,25,0.62
2014-10-04 10:00:00,33,0.63
2014-10-04 11:00:00,34,0.78
2014-10-04 12:00:00,34,0.56
2014-10-04 13:00:00,27,0.57
2014-10-04 14:00:00,28,0.27
2014-10-04 15:00:00,43,0.11
2014-10-04 16:00:00,38,0.05
2014-10-04 17:00:00,34,0.01
2014-10-04 18:00:00,26,0.0
2014-10-04 19:00:00,26,0.0
2014-10-04 20:00:00,24,0.0
2014-10-04 21:00:00,17,0.0
2014-10-04 22:00:00,15,0.0
2014-10-04 23:00:00,14,0.0
2014-10-05 00:00:00,15,0.0
2014-10-05 01:00:00,15,0.0
2014-10-05 02:00:00,15,0.0
2014-10-05 03:00:00,15,0.0
2014-10-05 04:00:00,15,0.0
2014-10-05 05:00:00,17,0.01
2014-10-05 06:00:00,24,0.01
2014-10-05 07:00:00,24,0.03
2014-10-05 08:00:00,27,0.04
2014-10-05 09:00:00,25,0.05
2014-10-05 10:00:00,29,0.05
2014-10-05 11:00:00,30,0.05
2014-10-05 12:00:00,29,0.1
2014-10-05 13:00:00,24,0.05
2014-10-05 14:00:00,23,0.04
2014-10-05 15:00:00,30,0.03
2014-10-05 16:00:00,29,0.01
2014-10-05 17:00:00,28,0.01
2014-10-05 18:00:00,26,0.0
2014-10-05 19:00:00,28,0.0
2014-10-05 20:00:00,25,0.0
2014-10-05 21:00:00,17,0.0
2014-10-05 22:00:00,18,0.0
2014-10-05 23:00:00,16,0.0
2014-10-06 00:00:00,16,0.0
2014-10-06 01:00:00,16,0.0
2014-10-06 02:00:00,16,0.0
2014-10-06 03:00:00,16,0.0
2014-10-06 04:00:00,16,0.0
2014-10-06 05:00:00,18,0.0
2014-10-06 06:00:00,31,0.01
2014-10-06 07:00:00,27,0.02
2014-10-06 08:00:00,30,0.04
2014-10-06 09:00:00,29,0.23
2014-10-06 10:00:00,42,0.55
2014-10-06 11:00:00,39,0.78
2014-10-06 12:00:00,35,0.74
2014-10-06 13:00:00,28,0.63
2014-10-06 14:00:00,25,0.5
2014-10-06 15:00:00,32,0.32
2014-10-06 16:00:00,36,0.1
2014-10-06 17:00:00,36,0.01
2014-10-06 18:00:00,31,0.0
2014-10-06 19:00:00,29,0.0
2014-10-06 20:00:00,26,0.0
2014-10-06 21:00:00,17,0.0
2014-10-06 22:00:00,15,0.0
2014-10-06 23:00:00,14,0.0
2014-10-07 00:00:00,14,0.0
2014-10-07 01:00:00,15,0.0
2014-10-07 02:00:00,15,0.0
2014-10-07 03:00:00,15,0.0
2014-10-07 04:00:00,15,0.0
2014-10-07 05:00:00,17,0.0
2014-10-07 06:00:00,32,0.03
2014-10-07 07:00:00,32,0.05
2014-10-07 08:00:00,28,0.13
2014-10-07 09:00:00,26,0.27
2014-10-07 10:00:00,37,0.24
2014-10-07 11:00:00,33,0.24
2014-10-07 12:00:00,26,0.19
2014-10-07 13:00:00,19,0.2
2014-10-07 14:00:00,20,0.26
2014-10-07 15:00:00,40,0.09
2014-10-07 16:00:00,35,0.04
2014-10-07 17:00:00,37,0.01
2014-10-07 18:00:00,30,0.0
2014-10-07 19:00:00,29,0.0
2014-10-07 20:00:00,22,0.0
2014-10-07 21:00:00,18,0.0
2014-10-07 22:00:00,15,0.0
2014-10-07 23:00:00,15,0.0
2014-10-08 00:00:00,14,0.0
2014-10-08 01:00:00,15,0.0
2014-10-08 02:00:00,14,0.0
2014-10-08 03:00:00,14,0.0
2014-10-08 04:00:00,14,0.0
2014-10-08 05:00:00,16,0.0
2014-10-08 06:00:00,30,0.04
2014-10-08 07:00:00,29,0.13
2014-10-08 08:00:00,29,0.19
2014-10-08 09:00:00,28,0.25
2014-10-08 10:00:00,28,0.43
2014-10-08 11:00:00,26,0.23
2014-10-08 12:00:00,23,0.15
2014-10-08 13:00:00,23,0.15
2014-10-08 14:00:00,25,0.12
2014-10-08 15:00:00,31,0.07
2014-10-08 16:00:00,34,0.03
2014-10-08 17:00:00,33,0.01
2014-10-08 18:00:00,31,0.0
2014-10-08 19:00:00,29,0.0
2014-10-08 20:00:00,26,0.0
2014-10-08 21:00:00,18,0.0
2014-10-08 22:00:00,17,0.0
2014-10-08 23:00:00,19,0.0
2014-10-09 00:00:00,17,0.0
2014-10-09 01:00:00,16,0.0
2014-10-09 02:00:00,16,0.0
2014-10-09 03:00:00,16,0.0
2014-10-09 04:00:00,16,0.0
2014-10-09 05:00:00,18,0.0
2014-10-09 06:00:00,25,0.02
2014-10-09 07:00:00,24,0.09
2014-10-09 08:00:00,29,0.15
2014-10-09 09:00:00,27,0.3
2014-10-09 10:00:00,36,0.19
2014-10-09 11:00:00,30,0.17
2014-10-09 12:00:00,33,0.16
2014-10-09 13:00:00,23,0.12
2014-10-09 14:00:00,25,0.11
2014-10-09 15:00:00,33,0.07
2014-10-09 16:00:00,32,0.03
2014-10-09 17:00:00,34,0.01
2014-10-09 18:00:00,28,0.0
2014-10-09 19:00:00,29,0.0
2014-10-09 20:00:00,25,0.0
2014-10-09 21:00:00,18,0.0
2014-10-09 22:00:00,17,0.0
2014-10-09 23:00:00,16,0.0
2014-10-10 00:00:00,16,0.0
2014-10-10 01:00:00,16,0.0
2014-10-10 02:00:00,16,0.0
2014-10-10 03:00:00,16,0.0
2014-10-10 04:00:00,16,0.0
2014-10-10 05:00:00,19,0.0
2014-10-10 06:00:00,25,0.04
2014-10-10 07:00:00,26,0.16
2014-10-10 08:00:00,25,0.44
2014-10-10 09:00:00,22,0.55
2014-10-10 10:00:00,31,0.69
2014-10-10 11:00:00,28,0.72
2014-10-10 12:00:00,25,0.71
2014-10-10 13:00:00,18,0.55
2014-10-10 14:00:00,26,0.17
2014-10-10 15:00:00,39,0.1
2014-10-10 16:00:00,33,0.03
2014-10-10 17:00:00,34,0.01
2014-10-10 18:00:00,28,0.0
2014-10-10 19:00:00,28,0.0
2014-10-10 20:00:00,25,0.0
2014-10-10 21:00:00,17,0.0
2014-10-10 22:00:00,16,0.0
2014-10-10 23:00:00,16,0.0
2014-10-11 00:00:00,16,0.0
2014-10-11 01:00:00,15,0.0
2014-10-11 02:00:00,16,0.0
2014-10-11 03:00:00,15,0.0
2014-10-11 04:00:00,15,0.0
2014-10-11 05:00:00,18,0.0
2014-10-11 06:00:00,26,0.04
2014-10-11 07:00:00,27,0.13
2014-10-11 08:00:00,29,0.39
2014-10-11 09:00:00,27,0.57
2014-10-11 10:00:00,33,0.58
2014-10-11 11:00:00,30,0.68
2014-10-11 12:00:00,25,0.62
2014-10-11 13:00:00,22,0.58
2014-10-11 14:00:00,16,0.47
2014-10-11 15:00:00,28,0.16
2014-10-11 16:00:00,34,0.05
2014-10-11 17:00:00,30,0.01
2014-10-11 18:00:00,30,0.0
2014-10-11 19:00:00,28,0.0
2014-10-11 20:00:00,24,0.0
2014-10-11 21:00:00,18,0.0
2014-10-11 22:00:00,16,0.0
2014-10-11 23:00:00,15,0.0
2014-10-12 00:00:00,15,0.0
2014-10-12 01:00:00,14,0.0
2014-10-12 02:00:00,14,0.0
2014-10-12 03:00:00,15,0.0
2014-10-12 04:00:00,15,0.0
2014-10-12 05:00:00,16,0.0
2014-10-12 06:00:00,23,0.03
2014-10-12 07:00:00,23,0.19
2014-10-12 08:00:00,26,0.13
2014-10-12 09:00:00,21,0.15
2014-10-12 10:00:00,24,0.17
2014-10-12 11:00:00,24,0.13
2014-10-12 12:00:00,22,0.14
2014-10-12 13:00:00,21,0.16
2014-10-12 14:00:00,20,0.12
2014-10-12 15:00:00,25,0.07
2014-10-12 16:00:00,25,0.02
2014-10-12 17:00:00,27,0.01
2014-10-12 18:00:00,25,0.0
2014-10-12 19:00:00,26,0.0
2014-10-12 20:00:00,24,0.0
2014-10-12 21:00:00,17,0.0
2014-10-12 22:00:00,16,0.0
2014-10-12 23:00:00,15,0.0
2014-10-13 00:00:00,15,0.0
2014-10-13 01:00:00,14,0.0
2014-10-13 02:00:00,16,0.0
2014-10-13 03:00:00,16,0.0
2014-10-13 04:00:00,15,0.0
2014-10-13 05:00:00,17,0.0
2014-10-13 06:00:00,28,0.01
2014-10-13 07:00:00,27,0.03
2014-10-13 08:00:00,31,0.04
2014-10-13 09:00:00,31,0.06
2014-10-13 10:00:00,37,0.07
2014-10-13 11:00:00,35,0.1
2014-10-13 12:00:00,36,0.12
2014-10-13 13:00:00,27,0.08
2014-10-13 14:00:00,28,0.04
2014-10-13 15:00:00,34,0.02
2014-10-13 16:00:00,35,0.01
2014-10-13 17:00:00,37,0.01
2014-10-13 18:00:00,28,0.0
2014-10-13 19:00:00,28,0.0
2014-10-13 20:00:00,26,0.0
2014-10-13 21:00:00,17,0.0
2014-10-13 22:00:00,16,0.0
2014-10-13 23:00:00,16,0.0
2014-10-14 00:00:00,15,0.0
2014-10-14 01:00:00,15,0.0
2014-10-14 02:00:00,15,0.0
2014-10-14 03:00:00,15,0.0
2014-10-14 04:00:00,15,0.0
2014-10-14 05:00:00,17,0.0
2014-10-14 06:00:00,25,0.04
2014-10-14 07:00:00,26,0.15
2014-10-14 08:00:00,25,0.38
2014-10-14 09:00:00,20,0.62
2014-10-14 10:00:00,42,0.72
2014-10-14 11:00:00,44,0.61
2014-10-14 12:00:00,29,0.71
2014-10-14 13:00:00,24,0.45
2014-10-14 14:00:00,33,0.38
2014-10-14 15:00:00,37,0.23
2014-10-14 16:00:00,29,0.04
2014-10-14 17:00:00,30,0.0
2014-10-14 18:00:00,30,0.0
2014-10-14 19:00:00,29,0.0
2014-10-14 20:00:00,23,0.0
2014-10-14 21:00:00,18,0.0
2014-10-14 22:00:00,16,0.0
2014-10-14 23:00:00,16,0.0
2014-10-15 00:00:00,15,0.0
2014-10-15 01:00:00,15,0.0
2014-10-15 02:00:00,16,0.0
2014-10-15 03:00:00,16,0.0
2014-10-15 04:00:00,16,0.0
2014-10-15 05:00:00,18,0.0
2014-10-15 06:00:00,23,0.01
2014-10-15 07:00:00,28,0.05
2014-10-15 08:00:00,25,0.07
2014-10-15 09:00:00,26,0.09
2014-10-15 10:00:00,27,0.09
2014-10-15 11:00:00,28,0.07
2014-10-15 12:00:00,31,0.07
2014-10-15 13:00:00,22,0.07
2014-10-15 14:00:00,29,0.07
2014-10-15 15:00:00,32,0.03
2014-10-15 16:00:00,35,0.01
2014-10-15 17:00:00,33,0.0
2014-10-15 18:00:00,30,0.0
2014-10-15 19:00:00,28,0.0
2014-10-15 20:00:00,26,0.0
2014-10-15 21:00:00,19,0.0
2014-10-15 22:00:00,16,0.0
2014-10-15 23:00:00,16,0.0
2014-10-16 00:00:00,16,0.0
2014-10-16 01:00:00,16,0.0
2014-10-16 02:00:00,16,0.0
2014-10-16 03:00:00,16,0.0
2014-10-16 04:00:00,16,0.0
2014-10-16 05:00:00,19,0.0
2014-10-16 06:00:00,22,0.03
2014-10-16 07:00:00,25,0.15
2014-10-16 08:00:00,24,0.46
2014-10-16 09:00:00,28,0.61
2014-10-16 10:00:00,31,0.71
2014-10-16 11:00:00,30,0.74
2014-10-16 12:00:00,24,0.72
2014-10-16 13:00:00,22,0.63
2014-10-16 14:00:00,25,0.47
2014-10-16 15:00:00,30,0.28
2014-10-16 16:00:00,32,0.06
2014-10-16 17:00:00,31,0.0
2014-10-16 18:00:00,32,0.0
2014-10-16 19:00:00,30,0.0
2014-10-16 20:00:00,26,0.0
2014-10-16 21:00:00,16,0.0
2014-10-16 22:00:00,15,0.0
2014-10-16 23:00:00,15,0.0
2014-10-17 00:00:00,16,0.0
2014-10-17 01:00:00,15,0.0
2014-10-17 02:00:00,15,0.0
2014-10-17 03:00:00,15,0.0
2014-10-17 04:00:00,16,0.0
2014-10-17 05:00:00,19,0.0
2014-10-17 06:00:00,25,0.04
2014-10-17 07:00:00,24,0.21
2014-10-17 08:00:00,27,0.45
2014-10-17 09:00:00,21,0.6
2014-10-17 10:00:00,29,0.7
2014-10-17 11:00:00,26,0.73
2014-10-17 12:00:00,23,0.68
2014-10-17 13:00:00,20,0.48
2014-10-17 14:00:00,18,0.29
2014-10-17 15:00:00,26,0.19
2014-10-17 16:00:00,27,0.05
2014-10-17 17:00:00,30,0.0
2014-10-17 18:00:00,29,0.0
2014-10-17 19:00:00,26,0.0
2014-10-17 20:00:00,25,0.0
2014-10-17 21:00:00,17,0.0
2014-10-17 22:00:00,16,0.0
2014-10-17 23:00:00,15,0.0
2014-10-18 00:00:00,14,0.0
2014-10-18 01:00:00,15,0.0
2014-10-18 02:00:00,15,0.0
2014-10-18 03:00:00,14,0.0
2014-10-18 04:00:00,14,0.0
2014-10-18 05:00:00,18,0.0
2014-10-18 06:00:00,22,0.03
2014-10-18 07:00:00,24,0.17
2014-10-18 08:00:00,24,0.28
2014-10-18 09:00:00,25,0.58
2014-10-18 10:00:00,30,0.57
2014-10-18 11:00:00,32,0.66
2014-10-18 12:00:00,29,0.58
2014-10-18 13:00:00,20,0.32
2014-10-18 14:00:00,19,0.17
2014-10-18 15:00:00,26,0.15
2014-10-18 16:00:00,27,0.05
2014-10-18 17:00:00,32,0.0
2014-10-18 18:00:00,29,0.0
2014-10-18 19:00:00,27,0.0
2014-10-18 20:00:00,26,0.0
2014-10-18 21:00:00,17,0.0
2014-10-18 22:00:00,15,0.0
2014-10-18 23:00:00,15,0.0
2014-10-19 00:00:00,15,0.0
2014-10-19 01:00:00,15,0.0
2014-10-19 02:00:00,15,0.0
2014-10-19 03:00:00,14,0.0
2014-10-19 04:00:00,14,0.0
2014-10-19 05:00:00,16,0.0
2014-10-19 06:00:00,21,0.03
2014-10-19 07:00:00,23,0.21
2014-10-19 08:00:00,22,0.43
2014-10-19 09:00:00,17,0.59
2014-10-19 10:00:00,19,0.68
2014-10-19 11:00:00,18,0.67
2014-10-19 12:00:00,16,0.61
2014-10-19 13:00:00,15,0.38
2014-10-19 14:00:00,13,0.11
2014-10-19 15:00:00,23,0.1
2014-10-19 16:00:00,23,0.05
2014-10-19 17:00:00,26,0.0
2014-10-19 18:00:00,26,0.0
2014-10-19 19:00:00,28,0.0
2014-10-19 20:00:00,24,0.0
2014-10-19 21:00:00,17,0.0
2014-10-19 22:00:00,18,0.0
2014-10-19 23:00:00,15,0.0
2014-10-20 00:00:00,15,0.0
2014-10-20 01:00:00,15,0.0
2014-10-20 02:00:00,15,0.0
2014-10-20 03:00:00,15,0.0
2014-10-20 04:00:00,15,0.0
2014-10-20 05:00:00,19,0.0
2014-10-20 06:00:00,22,0.02
2014-10-20 07:00:00,24,0.07
2014-10-20 08:00:00,24,0.11
2014-10-20 09:00:00,24,0.15
2014-10-20 10:00:00,31,0.17
2014-10-20 11:00:00,33,0.21
2014-10-20 12:00:00,32,0.11
2014-10-20 13:00:00,23,0.11
2014-10-20 14:00:00,26,0.09
2014-10-20 15:00:00,34,0.02
2014-10-20 16:00:00,36,0.01
2014-10-20 17:00:00,37,0.0
2014-10-20 18:00:00,30,0.0
2014-10-20 19:00:00,29,0.0
2014-10-20 20:00:00,25,0.0
2014-10-20 21:00:00,17,0.0
2014-10-20 22:00:00,16,0.0
2014-10-20 23:00:00,16,0.0
2014-10-21 00:00:00,16,0.0
2014-10-21 01:00:00,16,0.0
2014-10-21 02:00:00,16,0.0
2014-10-21 03:00:00,16,0.0
2014-10-21 04:00:00,17,0.0
2014-10-21 05:00:00,20,0.0
2014-10-21 06:00:00,27,0.01
2014-10-21 07:00:00,27,0.07
2014-10-21 08:00:00,31,0.15
2014-10-21 09:00:00,28,0.27
2014-10-21 10:00:00,38,0.26
2014-10-21 11:00:00,38,0.59
2014-10-21 12:00:00,36,0.43
2014-10-21 13:00:00,34,0.55
2014-10-21 14:00:00,32,0.41
2014-10-21 15:00:00,38,0.25
2014-10-21 16:00:00,37,0.05
2014-10-21 17:00:00,37,0.0
2014-10-21 18:00:00,30,0.0
2014-10-21 19:00:00,31,0.0
2014-10-21 20:00:00,28,0.0
2014-10-21 21:00:00,18,0.0
2014-10-21 22:00:00,16,0.0
2014-10-21 23:00:00,15,0.0
2014-10-22 00:00:00,15,0.0
2014-10-22 01:00:00,15,0.0
2014-10-22 02:00:00,15,0.0
2014-10-22 03:00:00,15,0.0
2014-10-22 04:00:00,15,0.0
2014-10-22 05:00:00,18,0.0
2014-10-22 06:00:00,24,0.01
2014-10-22 07:00:00,25,0.05
2014-10-22 08:00:00,31,0.11
2014-10-22 09:00:00,30,0.11
2014-10-22 10:00:00,42,0.18
2014-10-22 11:00:00,41,0.13
2014-10-22 12:00:00,36,0.11
2014-10-22 13:00:00,32,0.05
2014-10-22 14:00:00,32,0.07
2014-10-22 15:00:00,39,0.03
2014-10-22 16:00:00,36,0.01
2014-10-22 17:00:00,36,0.0
2014-10-22 18:00:00,30,0.0
2014-10-22 19:00:00,26,0.0
2014-10-22 20:00:00,25,0.0
2014-10-22 21:00:00,19,0.0
2014-10-22 22:00:00,16,0.0
2014-10-22 23:00:00,17,0.0
2014-10-23 00:00:00,16,0.0
2014-10-23 01:00:00,16,0.0
2014-10-23 02:00:00,15,0.0
2014-10-23 03:00:00,15,0.0
2014-10-23 04:00:00,14,0.0
2014-10-23 05:00:00,17,0.0
2014-10-23 06:00:00,24,0.01
2014-10-23 07:00:00,25,0.03
2014-10-23 08:00:00,28,0.09
2014-10-23 09:00:00,28,0.17
2014-10-23 10:00:00,39,0.25
2014-10-23 11:00:00,38,0.14
2014-10-23 12:00:00,40,0.14
2014-10-23 13:00:00,34,0.1
2014-10-23 14:00:00,34,0.07
2014-10-23 15:00:00,35,0.05
2014-10-23 16:00:00,36,0.01
2014-10-23 17:00:00,36,0.0
2014-10-23 18:00:00,37,0.0
2014-10-23 19:00:00,36,0.0
2014-10-23 20:00:00,30,0.0
2014-10-23 21:00:00,19,0.0
2014-10-23 22:00:00,19,0.0
2014-10-23 23:00:00,18,0.0
2014-10-24 00:00:00,22,0.0
2014-10-24 01:00:00,21,0.0
2014-10-24 02:00:00,18,0.0
2014-10-24 03:00:00,16,0.0
2014-10-24 04:00:00,16,0.0
2014-10-24 05:00:00,32,0.0
2014-10-24 06:00:00,32,0.03
2014-10-24 07:00:00,34,0.17
2014-10-24 08:00:00,37,0.43
2014-10-24 09:00:00,30,0.58
2014-10-24 10:00:00,30,0.65
2014-10-24 11:00:00,30,0.7
2014-10-24 12:00:00,26,0.49
2014-10-24 13:00:00,23,0.32
2014-10-24 14:00:00,22,0.3
2014-10-24 15:00:00,29,0.11
2014-10-24 16:00:00,31,0.03
2014-10-24 17:00:00,32,0.0
2014-10-24 18:00:00,30,0.0
2014-10-24 19:00:00,27,0.0
2014-10-24 20:00:00,26,0.0
2014-10-24 21:00:00,19,0.0
2014-10-24 22:00:00,18,0.0
2014-10-24 23:00:00,17,0.0
2014-10-25 00:00:00,17,0.0
2014-10-25 01:00:00,20,0.0
2014-10-25 02:00:00,21,0.0
2014-10-25 03:00:00,21,0.0
2014-10-25 04:00:00,22,0.0
2014-10-25 05:00:00,24,0.0
2014-10-25 06:00:00,29,0.03
2014-10-25 07:00:00,26,0.18
2014-10-25 08:00:00,27,0.42
2014-10-25 09:00:00,24,0.58
2014-10-25 10:00:00,30,0.67
2014-10-25 11:00:00,31,0.67
2014-10-25 12:00:00,26,0.65
2014-10-25 13:00:00,23,0.55
2014-10-25 14:00:00,22,0.41
2014-10-25 15:00:00,27,0.23
2014-10-25 16:00:00,31,0.04
2014-10-25 17:00:00,33,0.0
2014-10-25 18:00:00,28,0.0
2014-10-25 19:00:00,29,0.0
2014-10-25 20:00:00,24,0.0
2014-10-25 21:00:00,18,0.0
2014-10-25 22:00:00,15,0.0
2014-10-25 23:00:00,15,0.0
2014-10-26 00:00:00,15,0.0
2014-10-26 01:00:00,15,0.0
2014-10-26 02:00:00,15,0.0
2014-10-26 03:00:00,15,0.0
2014-10-26 04:00:00,15,0.0
2014-10-26 05:00:00,18,0.0
2014-10-26 06:00:00,23,0.02
2014-10-26 07:00:00,23,0.12
2014-10-26 08:00:00,19,0.27
2014-10-26 09:00:00,19,0.36
2014-10-26 10:00:00,20,0.42
2014-10-26 11:00:00,22,0.36
2014-10-26 12:00:00,19,0.32
2014-10-26 13:00:00,16,0.24
2014-10-26 14:00:00,16,0.05
2014-10-26 15:00:00,27,0.04
2014-10-26 16:00:00,29,0.01
2014-10-26 17:00:00,30,0.0
2014-10-26 18:00:00,27,0.0
2014-10-26 19:00:00,29,0.0
2014-10-26 20:00:00,25,0.0
2014-10-26 21:00:00,19,0.0
2014-10-26 22:00:00,17,0.0
2014-10-26 23:00:00,16,0.0
2014-10-27 00:00:00,16,0.0
2014-10-27 01:00:00,16,0.0
2014-10-27 02:00:00,16,0.0
2014-10-27 03:00:00,16,0.0
2014-10-27 04:00:00,16,0.0
2014-10-27 05:00:00,20,0.0
2014-10-27 06:00:00,27,0.02
2014-10-27 07:00:00,25,0.1
2014-10-27 08:00:00,27,0.29
2014-10-27 09:00:00,26,0.42
2014-10-27 10:00:00,33,0.62
2014-10-27 11:00:00,26,0.56
2014-10-27 12:00:00,26,0.45
2014-10-27 13:00:00,26,0.46
2014-10-27 14:00:00,26,0.41
2014-10-27 15:00:00,31,0.23
2014-10-27 16:00:00,35,0.04
2014-10-27 17:00:00,32,0.0
2014-10-27 18:00:00,31,0.0
2014-10-27 19:00:00,28,0.0
2014-10-27 20:00:00,27,0.0
2014-10-27 21:00:00,20,0.0
2014-10-27 22:00:00,16,0.0
2014-10-27 23:00:00,15,0.0
2014-10-28 00:00:00,16,0.0
2014-10-28 01:00:00,15,0.0
2014-10-28 02:00:00,14,0.0
2014-10-28 03:00:00,14,0.0
2014-10-28 04:00:00,14,0.0
2014-10-28 05:00:00,18,0.0
2014-10-28 06:00:00,25,0.02
2014-10-28 07:00:00,26,0.12
2014-10-28 08:00:00,24,0.37
2014-10-28 09:00:00,26,0.55
2014-10-28 10:00:00,29,0.58
2014-10-28 11:00:00,29,0.46
2014-10-28 12:00:00,26,0.38
2014-10-28 13:00:00,22,0.29
2014-10-28 14:00:00,22,0.16
2014-10-28 15:00:00,29,0.13
2014-10-28 16:00:00,30,0.04
2014-10-28 17:00:00,34,0.0
2014-10-28 18:00:00,31,0.0
2014-10-28 19:00:00,28,0.0
2014-10-28 20:00:00,24,0.0
2014-10-28 21:00:00,17,0.0
2014-10-28 22:00:00,16,0.0
2014-10-28 23:00:00,18,0.0
2014-10-29 00:00:00,23,0.0
2014-10-29 01:00:00,17,0.0
2014-10-29 02:00:00,21,0.0
2014-10-29 03:00:00,25,0.0
2014-10-29 04:00:00,23,0.0
2014-10-29 05:00:00,31,0.0
2014-10-29 06:00:00,51,0.03
2014-10-29 07:00:00,55,0.16
2014-10-29 08:00:00,28,0.41
2014-10-29 09:00:00,24,0.56
2014-10-29 10:00:00,30,0.65
2014-10-29 11:00:00,29,0.69
2014-10-29 12:00:00,27,0.66
2014-10-29 13:00:00,23,0.55
2014-10-29 14:00:00,24,0.39
2014-10-29 15:00:00,29,0.21
2014-10-29 16:00:00,31,0.04
2014-10-29 17:00:00,33,0.0
2014-10-29 18:00:00,30,0.0
2014-10-29 19:00:00,27,0.0
2014-10-29 20:00:00,24,0.0
2014-10-29 21:00:00,17,0.0
2014-10-29 22:00:00,21,0.0
2014-10-29 23:00:00,24,0.0
2014-10-30 00:00:00,21,0.0
2014-10-30 01:00:00,21,0.0
2014-10-30 02:00:00,20,0.0
2014-10-30 03:00:00,19,0.0
2014-10-30 04:00:00,15,0.0
2014-10-30 05:00:00,21,0.0
2014-10-30 06:00:00,39,0.03
2014-10-30 07:00:00,35,0.13
2014-10-30 08:00:00,37,0.25
2014-10-30 09:00:00,33,0.51
2014-10-30 10:00:00,28,0.48
2014-10-30 11:00:00,30,0.62
2014-10-30 12:00:00,28,0.62
2014-10-30 13:00:00,21,0.53
2014-10-30 14:00:00,23,0.35
2014-10-30 15:00:00,28,0.15
2014-10-30 16:00:00,31,0.03
2014-10-30 17:00:00,32,0.0
2014-10-30 18:00:00,27,0.0
2014-10-30 19:00:00,25,0.0
2014-10-30 20:00:00,23,0.0
2014-10-30 21:00:00,16,0.0
2014-10-30 22:00:00,17,0.0
2014-10-30 23:00:00,16,0.0
2014-10-31 00:00:00,17,0.0
2014-10-31 01:00:00,16,0.0
2014-10-31 02:00:00,16,0.0
2014-10-31 03:00:00,16,0.0
2014-10-31 04:00:00,16,0.0
2014-10-31 05:00:00,19,0.0
2014-10-31 06:00:00,23,0.01
2014-10-31 07:00:00,24,0.06
2014-10-31 08:00:00,28,0.09
2014-10-31 09:00:00,25,0.14
2014-10-31 10:00:00,31,0.2
2014-10-31 11:00:00,31,0.19
2014-10-31 12:00:00,36,0.14
2014-10-31 13:00:00,27,0.08
2014-10-31 14:00:00,29,0.06
2014-10-31 15:00:00,39,0.02
2014-10-31 16:00:00,37,0.01
2014-10-31 17:00:00,39,0.0
2014-10-31 18:00:00,29,0.0
2014-10-31 19:00:00,28,0.0
2014-10-31 20:00:00,27,0.0
2014-10-31 21:00:00,19,0.0
2014-10-31 22:00:00,16,0.0
2014-10-31 23:00:00,15,0.0
2014-11-01 00:00:00,15,0.0
2014-11-01 01:00:00,15,0.0
2014-11-01 02:00:00,15,0.0
2014-11-01 03:00:00,15,0.0
2014-11-01 04:00:00,16,0.0
2014-11-01 05:00:00,24,0.0
2014-11-01 06:00:00,31,0.02
2014-11-01 07:00:00,32,0.13
2014-11-01 08:00:00,32,0.25
2014-11-01 09:00:00,25,0.38
2014-11-01 10:00:00,38,0.55
2014-11-01 11:00:00,38,0.48
2014-11-01 12:00:00,41,0.36
2014-11-01 13:00:00,34,0.22
2014-11-01 14:00:00,29,0.16
2014-11-01 15:00:00,40,0.07
2014-11-01 16:00:00,37,0.02
2014-11-01 17:00:00,35,0.0
2014-11-01 18:00:00,27,0.0
2014-11-01 19:00:00,31,0.0
2014-11-01 20:00:00,27,0.0
2014-11-01 21:00:00,19,0.0
2014-11-01 22:00:00,17,0.0
2014-11-01 23:00:00,16,0.0
2014-11-02 00:00:00,19,0.0
2014-11-02 01:00:00,19,0.0
2014-11-02 02:00:00,14,0.0
2014-11-02 03:00:00,17,0.0
2014-11-02 04:00:00,20,0.0
2014-11-02 05:00:00,19,0.0
2014-11-02 06:00:00,23,0.03
2014-11-02 07:00:00,23,0.15
2014-11-02 08:00:00,25,0.39
2014-11-02 09:00:00,18,0.54
2014-11-02 10:00:00,21,0.64
2014-11-02 11:00:00,21,0.6
2014-11-02 12:00:00,23,0.55
2014-11-02 13:00:00,20,0.4
2014-11-02 14:00:00,19,0.34
2014-11-02 15:00:00,27,0.21
2014-11-02 16:00:00,26,0.03
2014-11-02 17:00:00,30,0.0
2014-11-02 18:00:00,29,0.0
2014-11-02 19:00:00,28,0.0
2014-11-02 20:00:00,26,0.0
2014-11-02 21:00:00,18,0.0
2014-11-02 22:00:00,18,0.0
2014-11-02 23:00:00,16,0.0
2014-11-03 00:00:00,16,0.0
2014-11-03 01:00:00,16,0.0
2014-11-03 02:00:00,16,0.0
2014-11-03 03:00:00,16,0.0
2014-11-03 04:00:00,16,0.0
2014-11-03 05:00:00,20,0.0
2014-11-03 06:00:00,26,0.01
2014-11-03 07:00:00,25,0.08
2014-11-03 08:00:00,28,0.17
2014-11-03 09:00:00,24,0.27
2014-11-03 10:00:00,30,0.31
2014-11-03 11:00:00,28,0.22
2014-11-03 12:00:00,25,0.28
2014-11-03 13:00:00,24,0.24
2014-11-03 14:00:00,18,0.29
2014-11-03 15:00:00,28,0.18
2014-11-03 16:00:00,28,0.03
2014-11-03 17:00:00,33,0.0
2014-11-03 18:00:00,28,0.0
2014-11-03 19:00:00,27,0.0
2014-11-03 20:00:00,25,0.0
2014-11-03 21:00:00,16,0.0
2014-11-03 22:00:00,16,0.0
2014-11-03 23:00:00,16,0.0
2014-11-04 00:00:00,16,0.0
2014-11-04 01:00:00,15,0.0
2014-11-04 02:00:00,15,0.0
2014-11-04 03:00:00,15,0.0
2014-11-04 04:00:00,16,0.0
2014-11-04 05:00:00,20,0.0
2014-11-04 06:00:00,38,0.01
2014-11-04 07:00:00,40,0.07
2014-11-04 08:00:00,44,0.3
2014-11-04 09:00:00,25,0.3
2014-11-04 10:00:00,30,0.38
2014-11-04 11:00:00,30,0.25
2014-11-04 12:00:00,24,0.27
2014-11-04 13:00:00,23,0.16
2014-11-04 14:00:00,21,0.09
2014-11-04 15:00:00,31,0.06
2014-11-04 16:00:00,31,0.01
2014-11-04 17:00:00,33,0.0
2014-11-04 18:00:00,29,0.0
2014-11-04 19:00:00,28,0.0
2014-11-04 20:00:00,23,0.0
2014-11-04 21:00:00,17,0.0
2014-11-04 22:00:00,16,0.0
2014-11-04 23:00:00,16,0.0
2014-11-05 00:00:00,28,0.0
2014-11-05 01:00:00,30,0.0
2014-11-05 02:00:00,22,0.0
2014-11-05 03:00:00,28,0.0
2014-11-05 04:00:00,23,0.0
2014-11-05 05:00:00,31,0.0
2014-11-05 06:00:00,44,0.02
2014-11-05 07:00:00,38,0.11
2014-11-05 08:00:00,36,0.26
2014-11-05 09:00:00,36,0.4
2014-11-05 10:00:00,36,0.61
2014-11-05 11:00:00,36,0.64
2014-11-05 12:00:00,30,0.34
2014-11-05 13:00:00,27,0.1
2014-11-05 14:00:00,34,0.05
2014-11-05 15:00:00,34,0.03
2014-11-05 16:00:00,35,0.01
2014-11-05 17:00:00,37,0.0
2014-11-05 18:00:00,32,0.0
2014-11-05 19:00:00,26,0.0
2014-11-05 20:00:00,25,0.0
2014-11-05 21:00:00,20,0.0
2014-11-05 22:00:00,18,0.0
2014-11-05 23:00:00,19,0.0
2014-11-06 00:00:00,18,0.0
2014-11-06 01:00:00,19,0.0
2014-11-06 02:00:00,19,0.0
2014-11-06 03:00:00,19,0.0
2014-11-06 04:00:00,17,0.0
2014-11-06 05:00:00,20,0.0
2014-11-06 06:00:00,27,0.01
2014-11-06 07:00:00,28,0.02
2014-11-06 08:00:00,34,0.05
2014-11-06 09:00:00,33,0.06
2014-11-06 10:00:00,29,0.05
2014-11-06 11:00:00,32,0.06
2014-11-06 12:00:00,29,0.07
2014-11-06 13:00:00,25,0.04
2014-11-06 14:00:00,26,0.03
2014-11-06 15:00:00,31,0.02
2014-11-06 16:00:00,35,0.01
2014-11-06 17:00:00,32,0.0
2014-11-06 18:00:00,34,0.0
2014-11-06 19:00:00,29,0.0
2014-11-06 20:00:00,25,0.0
2014-11-06 21:00:00,18,0.0
2014-11-06 22:00:00,16,0.0
2014-11-06 23:00:00,15,0.0
2014-11-07 00:00:00,17,0.0
2014-11-07 01:00:00,16,0.0
2014-11-07 02:00:00,16,0.0
2014-11-07 03:00:00,16,0.0
2014-11-07 04:00:00,17,0.0
2014-11-07 05:00:00,20,0.0
2014-11-07 06:00:00,26,0.02
2014-11-07 07:00:00,26,0.12
2014-11-07 08:00:00,25,0.36
2014-11-07 09:00:00,25,0.49
2014-11-07 10:00:00,28,0.35
2014-11-07 11:00:00,28,0.45
2014-11-07 12:00:00,31,0.56
2014-11-07 13:00:00,22,0.22
2014-11-07 14:00:00,21,0.13
2014-11-07 15:00:00,30,0.07
2014-11-07 16:00:00,30,0.01
2014-11-07 17:00:00,34,0.0
2014-11-07 18:00:00,29,0.0
2014-11-07 19:00:00,27,0.0
2014-11-07 20:00:00,26,0.0
2014-11-07 21:00:00,21,0.0
2014-11-07 22:00:00,16,0.0
2014-11-07 23:00:00,15,0.0
2014-11-08 00:00:00,20,0.0
2014-11-08 01:00:00,15,0.0
2014-11-08 02:00:00,16,0.0
2014-11-08 03:00:00,15,0.0
2014-11-08 04:00:00,16,0.0
2014-11-08 05:00:00,22,0.0
2014-11-08 06:00:00,31,0.02
2014-11-08 07:00:00,33,0.12
2014-11-08 08:00:00,27,0.36
2014-11-08 09:00:00,22,0.5
2014-11-08 10:00:00,42,0.6
2014-11-08 11:00:00,36,0.63
2014-11-08 12:00:00,37,0.46
2014-11-08 13:00:00,35,0.2
2014-11-08 14:00:00,29,0.12
2014-11-08 15:00:00,39,0.05
2014-11-08 16:00:00,39,0.01
2014-11-08 17:00:00,39,0.0
2014-11-08 18:00:00,33,0.0
2014-11-08 19:00:00,28,0.0
2014-11-08 20:00:00,28,0.0
2014-11-08 21:00:00,20,0.0
2014-11-08 22:00:00,18,0.0
2014-11-08 23:00:00,18,0.0
2014-11-09 00:00:00,21,0.0
2014-11-09 01:00:00,19,0.0
2014-11-09 02:00:00,17,0.0
2014-11-09 03:00:00,17,0.0
2014-11-09 04:00:00,20,0.0
2014-11-09 05:00:00,26,0.0
2014-11-09 06:00:00,46,0.01
2014-11-09 07:00:00,43,0.03
2014-11-09 08:00:00,30,0.06
2014-11-09 09:00:00,23,0.11
2014-11-09 10:00:00,27,0.09
2014-11-09 11:00:00,34,0.07
2014-11-09 12:00:00,32,0.05
2014-11-09 13:00:00,25,0.04
2014-11-09 14:00:00,23,0.03
2014-11-09 15:00:00,32,0.05
2014-11-09 16:00:00,29,0.01
2014-11-09 17:00:00,32,0.0
2014-11-09 18:00:00,28,0.0
2014-11-09 19:00:00,24,0.0
2014-11-09 20:00:00,24,0.0
2014-11-09 21:00:00,18,0.0
2014-11-09 22:00:00,16,0.0
2014-11-09 23:00:00,15,0.0
2014-11-10 00:00:00,15,0.0
2014-11-10 01:00:00,17,0.0
2014-11-10 02:00:00,17,0.0
2014-11-10 03:00:00,15,0.0
2014-11-10 04:00:00,19,0.0
2014-11-10 05:00:00,25,0.0
2014-11-10 06:00:00,35,0.01
2014-11-10 07:00:00,31,0.11
2014-11-10 08:00:00,34,0.35
2014-11-10 09:00:00,29,0.5
2014-11-10 10:00:00,33,0.59
2014-11-10 11:00:00,29,0.62
2014-11-10 12:00:00,27,0.6
2014-11-10 13:00:00,30,0.5
2014-11-10 14:00:00,24,0.36
2014-11-10 15:00:00,31,0.15
2014-11-10 16:00:00,30,0.03
2014-11-10 17:00:00,33,0.0
2014-11-10 18:00:00,30,0.0
2014-11-10 19:00:00,28,0.0
2014-11-10 20:00:00,26,0.0
2014-11-10 21:00:00,19,0.0
2014-11-10 22:00:00,17,0.0
2014-11-10 23:00:00,17,0.0
2014-11-11 00:00:00,17,0.0
2014-11-11 01:00:00,19,0.0
2014-11-11 02:00:00,18,0.0
2014-11-11 03:00:00,16,0.0
2014-11-11 04:00:00,16,0.0
2014-11-11 05:00:00,33,0.0
2014-11-11 06:00:00,41,0.01
2014-11-11 07:00:00,39,0.07
2014-11-11 08:00:00,37,0.23
2014-11-11 09:00:00,30,0.5
2014-11-11 10:00:00,36,0.6
2014-11-11 11:00:00,38,0.63
2014-11-11 12:00:00,36,0.59
2014-11-11 13:00:00,33,0.49
2014-11-11 14:00:00,31,0.36
2014-11-11 15:00:00,35,0.16
2014-11-11 16:00:00,34,0.03
2014-11-11 17:00:00,35,0.0
2014-11-11 18:00:00,31,0.0
2014-11-11 19:00:00,28,0.0
2014-11-11 20:00:00,26,0.0
2014-11-11 21:00:00,17,0.0
2014-11-11 22:00:00,16,0.0
2014-11-11 23:00:00,16,0.0
2014-11-12 00:00:00,15,0.0
2014-11-12 01:00:00,15,0.0
2014-11-12 02:00:00,15,0.0
2014-11-12 03:00:00,15,0.0
2014-11-12 04:00:00,15,0.0
2014-11-12 05:00:00,19,0.0
2014-11-12 06:00:00,30,0.01
2014-11-12 07:00:00,33,0.1
2014-11-12 08:00:00,37,0.33
2014-11-12 09:00:00,38,0.44
2014-11-12 10:00:00,42,0.57
2014-11-12 11:00:00,37,0.6
2014-11-12 12:00:00,42,0.56
2014-11-12 13:00:00,38,0.32
2014-11-12 14:00:00,36,0.17
2014-11-12 15:00:00,38,0.09
2014-11-12 16:00:00,38,0.02
2014-11-12 17:00:00,41,0.0
2014-11-12 18:00:00,35,0.0
2014-11-12 19:00:00,29,0.0
2014-11-12 20:00:00,25,0.0
2014-11-12 21:00:00,19,0.0
2014-11-12 22:00:00,18,0.0
2014-11-12 23:00:00,17,0.0
2014-11-13 00:00:00,17,0.0
2014-11-13 01:00:00,19,0.0
2014-11-13 02:00:00,19,0.0
2014-11-13 03:00:00,21,0.0
2014-11-13 04:00:00,19,0.0
2014-11-13 05:00:00,23,0.0
2014-11-13 06:00:00,29,0.01
2014-11-13 07:00:00,32,0.06
2014-11-13 08:00:00,40,0.14
2014-11-13 09:00:00,32,0.23
2014-11-13 10:00:00,38,0.19
2014-11-13 11:00:00,35,0.45
2014-11-13 12:00:00,30,0.2
2014-11-13 13:00:00,24,0.25
2014-11-13 14:00:00,23,0.18
2014-11-13 15:00:00,32,0.05
2014-11-13 16:00:00,32,0.02
2014-11-13 17:00:00,35,0.0
2014-11-13 18:00:00,30,0.0
2014-11-13 19:00:00,32,0.0
2014-11-13 20:00:00,31,0.0
2014-11-13 21:00:00,23,0.0
2014-11-13 22:00:00,21,0.0
2014-11-13 23:00:00,30,0.0
2014-11-14 00:00:00,29,0.0
2014-11-14 01:00:00,30,0.0
2014-11-14 02:00:00,31,0.0
2014-11-14 03:00:00,25,0.0
2014-11-14 04:00:00,22,0.0
2014-11-14 05:00:00,27,0.0
2014-11-14 06:00:00,49,0.01
2014-11-14 07:00:00,50,0.03
2014-11-14 08:00:00,32,0.14
2014-11-14 09:00:00,31,0.35
2014-11-14 10:00:00,34,0.58
2014-11-14 11:00:00,35,0.61
2014-11-14 12:00:00,30,0.52
2014-11-14 13:00:00,31,0.49
2014-11-14 14:00:00,22,0.17
2014-11-14 15:00:00,32,0.02
2014-11-14 16:00:00,38,0.01
2014-11-14 17:00:00,38,0.0
2014-11-14 18:00:00,40,0.0
2014-11-14 19:00:00,55,0.0
2014-11-14 20:00:00,41,0.0
2014-11-14 21:00:00,37,0.0
2014-11-14 22:00:00,36,0.0
2014-11-14 23:00:00,36,0.0
2014-11-15 00:00:00,48,0.0
2014-11-15 01:00:00,56,0.0
2014-11-15 02:00:00,60,0.0
2014-11-15 03:00:00,56,0.0
2014-11-15 04:00:00,57,0.0
2014-11-15 05:00:00,58,0.0
2014-11-15 06:00:00,62,0.03
2014-11-15 07:00:00,57,0.11
2014-11-15 08:00:00,43,0.34
2014-11-15 09:00:00,37,0.49
2014-11-15 10:00:00,46,0.58
2014-11-15 11:00:00,45,0.62
2014-11-15 12:00:00,46,0.58
2014-11-15 13:00:00,32,0.49
2014-11-15 14:00:00,25,0.2
2014-11-15 15:00:00,32,0.11
2014-11-15 16:00:00,30,0.01
2014-11-15 17:00:00,43,0.0
2014-11-15 18:00:00,48,0.0
2014-11-15 19:00:00,40,0.0
2014-11-15 20:00:00,47,0.0
2014-11-15 21:00:00,39,0.0
2014-11-15 22:00:00,34,0.0
2014-11-15 23:00:00,32,0.0
2014-11-16 00:00:00,46,0.0
2014-11-16 01:00:00,48,0.0
2014-11-16 02:00:00,46,0.0
2014-11-16 03:00:00,34,0.0
2014-11-16 04:00:00,44,0.0
2014-11-16 05:00:00,47,0.0
2014-11-16 06:00:00,53,0.01
2014-11-16 07:00:00,53,0.11
2014-11-16 08:00:00,47,0.34
2014-11-16 09:00:00,24,0.49
2014-11-16 10:00:00,23,0.59
2014-11-16 11:00:00,23,0.6
2014-11-16 12:00:00,23,0.5
2014-11-16 13:00:00,17,0.48
2014-11-16 14:00:00,16,0.23
2014-11-16 15:00:00,27,0.07
2014-11-16 16:00:00,27,0.02
2014-11-16 17:00:00,36,0.0
2014-11-16 18:00:00,39,0.0
2014-11-16 19:00:00,40,0.0
2014-11-16 20:00:00,40,0.0
2014-11-16 21:00:00,29,0.0
2014-11-16 22:00:00,25,0.0
2014-11-16 23:00:00,27,0.0
2014-11-17 00:00:00,27,0.0
2014-11-17 01:00:00,29,0.0
2014-11-17 02:00:00,30,0.0
2014-11-17 03:00:00,31,0.0
2014-11-17 04:00:00,32,0.0
2014-11-17 05:00:00,36,0.0
2014-11-17 06:00:00,39,0.01
2014-11-17 07:00:00,40,0.11
2014-11-17 08:00:00,38,0.33
2014-11-17 09:00:00,35,0.48
2014-11-17 10:00:00,39,0.58
2014-11-17 11:00:00,43,0.61
2014-11-17 12:00:00,45,0.57
2014-11-17 13:00:00,34,0.47
2014-11-17 14:00:00,25,0.34
2014-11-17 15:00:00,40,0.11
2014-11-17 16:00:00,39,0.01
2014-11-17 17:00:00,55,0.0
2014-11-17 18:00:00,53,0.0
2014-11-17 19:00:00,52,0.0
2014-11-17 20:00:00,47,0.0
2014-11-17 21:00:00,42,0.0
2014-11-17 22:00:00,45,0.0
2014-11-17 23:00:00,36,0.0
2014-11-18 00:00:00,45,0.0
2014-11-18 01:00:00,43,0.0
2014-11-18 02:00:00,45,0.0
2014-11-18 03:00:00,45,0.0
2014-11-18 04:00:00,50,0.0
2014-11-18 05:00:00,50,0.0
2014-11-18 06:00:00,57,0.01
2014-11-18 07:00:00,57,0.1
2014-11-18 08:00:00,49,0.3
2014-11-18 09:00:00,32,0.38
2014-11-18 10:00:00,45,0.47
2014-11-18 11:00:00,35,0.5
2014-11-18 12:00:00,31,0.36
2014-11-18 13:00:00,29,0.31
2014-11-18 14:00:00,25,0.17
2014-11-18 15:00:00,29,0.06
2014-11-18 16:00:00,34,0.01
2014-11-18 17:00:00,40,0.0
2014-11-18 18:00:00,48,0.0
2014-11-18 19:00:00,41,0.0
2014-11-18 20:00:00,43,0.0
2014-11-18 21:00:00,33,0.0
2014-11-18 22:00:00,32,0.0
2014-11-18 23:00:00,29,0.0
2014-11-19 00:00:00,37,0.0
2014-11-19 01:00:00,37,0.0
2014-11-19 02:00:00,32,0.0
2014-11-19 03:00:00,41,0.0
2014-11-19 04:00:00,42,0.0
2014-11-19 05:00:00,46,0.0
2014-11-19 06:00:00,69,0.01
2014-11-19 07:00:00,53,0.06
2014-11-19 08:00:00,55,0.16
2014-11-19 09:00:00,42,0.23
2014-11-19 10:00:00,51,0.17
2014-11-19 11:00:00,47,0.19
2014-11-19 12:00:00,37,0.23
2014-11-19 13:00:00,23,0.1
2014-11-19 14:00:00,22,0.07
2014-11-19 15:00:00,33,0.03
2014-11-19 16:00:00,36,0.01
2014-11-19 17:00:00,39,0.0
2014-11-19 18:00:00,40,0.0
2014-11-19 19:00:00,43,0.0
2014-11-19 20:00:00,40,0.0
2014-11-19 21:00:00,28,0.0
2014-11-19 22:00:00,29,0.0
2014-11-19 23:00:00,37,0.0
2014-11-20 00:00:00,49,0.0
2014-11-20 01:00:00,50,0.0
2014-11-20 02:00:00,53,0.0
2014-11-20 03:00:00,51,0.0
2014-11-20 04:00:00,49,0.0
2014-11-20 05:00:00,47,0.0
2014-11-20 06:00:00,60,0.01
2014-11-20 07:00:00,42,0.08
2014-11-20 08:00:00,39,0.28
2014-11-20 09:00:00,38,0.36
2014-11-20 10:00:00,55,0.48
2014-11-20 11:00:00,59,0.49
2014-11-20 12:00:00,67,0.5
2014-11-20 13:00:00,55,0.29
2014-11-20 14:00:00,67,0.32
2014-11-20 15:00:00,66,0.09
2014-11-20 16:00:00,55,0.03
2014-11-20 17:00:00,55,0.0
2014-11-20 18:00:00,59,0.0
2014-11-20 19:00:00,55,0.0
2014-11-20 20:00:00,49,0.0
2014-11-20 21:00:00,49,0.0
2014-11-20 22:00:00,38,0.0
2014-11-20 23:00:00,33,0.0
2014-11-21 00:00:00,34,0.0
2014-11-21 01:00:00,35,0.0
2014-11-21 02:00:00,34,0.0
2014-11-21 03:00:00,23,0.0
2014-11-21 04:00:00,33,0.0
2014-11-21 05:00:00,35,0.0
2014-11-21 06:00:00,42,0.01
2014-11-21 07:00:00,52,0.1
2014-11-21 08:00:00,61,0.32
2014-11-21 09:00:00,43,0.46
2014-11-21 10:00:00,56,0.54
2014-11-21 11:00:00,44,0.6
2014-11-21 12:00:00,42,0.55
2014-11-21 13:00:00,29,0.46
2014-11-21 14:00:00,28,0.3
2014-11-21 15:00:00,35,0.09
2014-11-21 16:00:00,38,0.01
2014-11-21 17:00:00,46,0.0
2014-11-21 18:00:00,39,0.0
2014-11-21 19:00:00,41,0.0
2014-11-21 20:00:00,43,0.0
2014-11-21 21:00:00,31,0.0
2014-11-21 22:00:00,29,0.0
2014-11-21 23:00:00,28,0.0
2014-11-22 00:00:00,29,0.0
2014-11-22 01:00:00,28,0.0
2014-11-22 02:00:00,29,0.0
2014-11-22 03:00:00,29,0.0
2014-11-22 04:00:00,29,0.0
2014-11-22 05:00:00,34,0.0
2014-11-22 06:00:00,28,0.01
2014-11-22 07:00:00,29,0.03
2014-11-22 08:00:00,38,0.08
2014-11-22 09:00:00,37,0.1
2014-11-22 10:00:00,40,0.13
2014-11-22 11:00:00,37,0.12
2014-11-22 12:00:00,31,0.14
2014-11-22 13:00:00,31,0.13
2014-11-22 14:00:00,26,0.24
2014-11-22 15:00:00,31,0.09
2014-11-22 16:00:00,37,0.01
2014-11-22 17:00:00,38,0.0
2014-11-22 18:00:00,29,0.0
2014-11-22 19:00:00,32,0.0
2014-11-22 20:00:00,33,0.0
2014-11-22 21:00:00,27,0.0
2014-11-22 22:00:00,27,0.0
2014-11-22 23:00:00,27,0.0
2014-11-23 00:00:00,30,0.0
2014-11-23 01:00:00,33,0.0
2014-11-23 02:00:00,32,0.0
2014-11-23 03:00:00,31,0.0
2014-11-23 04:00:00,32,0.0
2014-11-23 05:00:00,36,0.0
2014-11-23 06:00:00,39,0.01
2014-11-23 07:00:00,40,0.09
2014-11-23 08:00:00,41,0.32
2014-11-23 09:00:00,32,0.47
2014-11-23 10:00:00,28,0.56
2014-11-23 11:00:00,29,0.59
2014-11-23 12:00:00,24,0.56
2014-11-23 13:00:00,20,0.45
2014-11-23 14:00:00,16,0.32
2014-11-23 15:00:00,28,0.09
2014-11-23 16:00:00,25,0.01
2014-11-23 17:00:00,34,0.0
2014-11-23 18:00:00,44,0.0
2014-11-23 19:00:00,41,0.0
2014-11-23 20:00:00,38,0.0
2014-11-23 21:00:00,31,0.0
2014-11-23 22:00:00,29,0.0
2014-11-23 23:00:00,34,0.0
2014-11-24 00:00:00,31,0.0
2014-11-24 01:00:00,31,0.0
2014-11-24 02:00:00,28,0.0
2014-11-24 03:00:00,31,0.0
2014-11-24 04:00:00,31,0.0
2014-11-24 05:00:00,29,0.0
2014-11-24 06:00:00,46,0.01
2014-11-24 07:00:00,55,0.09
2014-11-24 08:00:00,48,0.31
2014-11-24 09:00:00,45,0.46
2014-11-24 10:00:00,55,0.56
2014-11-24 11:00:00,48,0.59
2014-11-24 12:00:00,44,0.56
2014-11-24 13:00:00,41,0.46
2014-11-24 14:00:00,43,0.32
2014-11-24 15:00:00,38,0.09
2014-11-24 16:00:00,44,0.01
2014-11-24 17:00:00,48,0.0
2014-11-24 18:00:00,38,0.0
2014-11-24 19:00:00,30,0.0
2014-11-24 20:00:00,37,0.0
2014-11-24 21:00:00,29,0.0
2014-11-24 22:00:00,29,0.0
2014-11-24 23:00:00,32,0.0
2014-11-25 00:00:00,27,0.0
2014-11-25 01:00:00,28,0.0
2014-11-25 02:00:00,28,0.0
2014-11-25 03:00:00,36,0.0
2014-11-25 04:00:00,33,0.0
2014-11-25 05:00:00,29,0.0
2014-11-25 06:00:00,40,0.01
2014-11-25 07:00:00,41,0.09
2014-11-25 08:00:00,32,0.31
2014-11-25 09:00:00,31,0.46
2014-11-25 10:00:00,45,0.56
2014-11-25 11:00:00,43,0.58
2014-11-25 12:00:00,63,0.53
2014-11-25 13:00:00,62,0.45
2014-11-25 14:00:00,54,0.32
2014-11-25 15:00:00,66,0.08
2014-11-25 16:00:00,58,0.01
2014-11-25 17:00:00,51,0.0
2014-11-25 18:00:00,55,0.0
2014-11-25 19:00:00,43,0.0
2014-11-25 20:00:00,47,0.0
2014-11-25 21:00:00,41,0.0
2014-11-25 22:00:00,30,0.0
2014-11-25 23:00:00,28,0.0
2014-11-26 00:00:00,31,0.0
2014-11-26 01:00:00,31,0.0
2014-11-26 02:00:00,30,0.0
2014-11-26 03:00:00,29,0.0
2014-11-26 04:00:00,29,0.0
2014-11-26 05:00:00,34,0.0
2014-11-26 06:00:00,42,0.01
2014-11-26 07:00:00,60,0.08
2014-11-26 08:00:00,57,0.28
2014-11-26 09:00:00,57,0.38
2014-11-26 10:00:00,74,0.44
2014-11-26 11:00:00,73,0.49
2014-11-26 12:00:00,69,0.41
2014-11-26 13:00:00,67,0.19
2014-11-26 14:00:00,55,0.2
2014-11-26 15:00:00,68,0.06
2014-11-26 16:00:00,63,0.01
2014-11-26 17:00:00,55,0.0
2014-11-26 18:00:00,39,0.0
2014-11-26 19:00:00,38,0.0
2014-11-26 20:00:00,45,0.0
2014-11-26 21:00:00,33,0.0
2014-11-26 22:00:00,34,0.0
2014-11-26 23:00:00,25,0.0
2014-11-27 00:00:00,27,0.0
2014-11-27 01:00:00,27,0.0
2014-11-27 02:00:00,28,0.0
2014-11-27 03:00:00,22,0.0
2014-11-27 04:00:00,18,0.0
2014-11-27 05:00:00,27,0.0
2014-11-27 06:00:00,44,0.01
2014-11-27 07:00:00,48,0.08
2014-11-27 08:00:00,47,0.29
2014-11-27 09:00:00,30,0.44
2014-11-27 10:00:00,43,0.53
2014-11-27 11:00:00,45,0.57
2014-11-27 12:00:00,43,0.54
2014-11-27 13:00:00,26,0.45
2014-11-27 14:00:00,27,0.31
2014-11-27 15:00:00,32,0.09
2014-11-27 16:00:00,35,0.01
2014-11-27 17:00:00,40,0.0
2014-11-27 18:00:00,32,0.0
2014-11-27 19:00:00,31,0.0
2014-11-27 20:00:00,29,0.0
2014-11-27 21:00:00,29,0.0
2014-11-27 22:00:00,26,0.0
2014-11-27 23:00:00,24,0.0
2014-11-28 00:00:00,29,0.0
2014-11-28 01:00:00,31,0.0
2014-11-28 02:00:00,30,0.0
2014-11-28 03:00:00,30,0.0
2014-11-28 04:00:00,29,0.0
2014-11-28 05:00:00,33,0.0
2014-11-28 06:00:00,43,0.01
2014-11-28 07:00:00,32,0.09
2014-11-28 08:00:00,40,0.29
2014-11-28 09:00:00,42,0.43
2014-11-28 10:00:00,53,0.53
2014-11-28 11:00:00,50,0.51
2014-11-28 12:00:00,33,0.49
2014-11-28 13:00:00,33,0.36
2014-11-28 14:00:00,36,0.23
2014-11-28 15:00:00,44,0.06
2014-11-28 16:00:00,51,0.01
2014-11-28 17:00:00,55,0.0
2014-11-28 18:00:00,55,0.0
2014-11-28 19:00:00,39,0.0
2014-11-28 20:00:00,33,0.0
2014-11-28 21:00:00,35,0.0
2014-11-28 22:00:00,28,0.0
2014-11-28 23:00:00,39,0.0
2014-11-29 00:00:00,37,0.0
2014-11-29 01:00:00,35,0.0
2014-11-29 02:00:00,39,0.0
2014-11-29 03:00:00,35,0.0
2014-11-29 04:00:00,40,0.0
2014-11-29 05:00:00,43,0.0
2014-11-29 06:00:00,47,0.01
2014-11-29 07:00:00,40,0.05
2014-11-29 08:00:00,29,0.14
2014-11-29 09:00:00,31,0.4
2014-11-29 10:00:00,43,0.52
2014-11-29 11:00:00,48,0.55
2014-11-29 12:00:00,48,0.53
2014-11-29 13:00:00,49,0.45
2014-11-29 14:00:00,36,0.3
2014-11-29 15:00:00,42,0.08
2014-11-29 16:00:00,51,0.01
2014-11-29 17:00:00,51,0.0
2014-11-29 18:00:00,43,0.0
2014-11-29 19:00:00,39,0.0
2014-11-29 20:00:00,36,0.0
2014-11-29 21:00:00,30,0.0
2014-11-29 22:00:00,28,0.0
2014-11-29 23:00:00,28,0.0
2014-11-30 00:00:00,30,0.0
2014-11-30 01:00:00,30,0.0
2014-11-30 02:00:00,28,0.0
2014-11-30 03:00:00,28,0.0
2014-11-30 04:00:00,28,0.0
2014-11-30 05:00:00,35,0.0
2014-11-30 06:00:00,40,0.01
2014-11-30 07:00:00,42,0.08
2014-11-30 08:00:00,35,0.29
2014-11-30 09:00:00,27,0.44
2014-11-30 10:00:00,48,0.54
2014-11-30 11:00:00,43,0.57
2014-11-30 12:00:00,37,0.53
2014-11-30 13:00:00,30,0.44
2014-11-30 14:00:00,26,0.31
2014-11-30 15:00:00,41,0.09
2014-11-30 16:00:00,40,0.01
2014-11-30 17:00:00,40,0.0
2014-11-30 18:00:00,39,0.0
2014-11-30 19:00:00,40,0.0
2014-11-30 20:00:00,31,0.0
2014-11-30 21:00:00,22,0.0
2014-11-30 22:00:00,23,0.0
2014-11-30 23:00:00,23,0.0
2014-12-01 00:00:00,22,0.0
2014-12-01 01:00:00,23,0.0
2014-12-01 02:00:00,37,0.0
2014-12-01 03:00:00,29,0.0
2014-12-01 04:00:00,23,0.0
2014-12-01 05:00:00,26,0.0
2014-12-01 06:00:00,46,0.01
2014-12-01 07:00:00,43,0.07
2014-12-01 08:00:00,43,0.25
2014-12-01 09:00:00,38,0.43
2014-12-01 10:00:00,48,0.51
2014-12-01 11:00:00,50,0.54
2014-12-01 12:00:00,50,0.53
2014-12-01 13:00:00,46,0.41
2014-12-01 14:00:00,37,0.23
2014-12-01 15:00:00,53,0.08
2014-12-01 16:00:00,52,0.01
2014-12-01 17:00:00,56,0.0
2014-12-01 18:00:00,45,0.0
2014-12-01 19:00:00,42,0.0
2014-12-01 20:00:00,47,0.0
2014-12-01 21:00:00,36,0.0
2014-12-01 22:00:00,35,0.0
2014-12-01 23:00:00,25,0.0
2014-12-02 00:00:00,25,0.0
2014-12-02 01:00:00,26,0.0
2014-12-02 02:00:00,38,0.0
2014-12-02 03:00:00,36,0.0
2014-12-02 04:00:00,33,0.0
2014-12-02 05:00:00,41,0.0
2014-12-02 06:00:00,35,0.01
2014-12-02 07:00:00,41,0.05
2014-12-02 08:00:00,46,0.22
2014-12-02 09:00:00,40,0.37
2014-12-02 10:00:00,43,0.5
2014-12-02 11:00:00,36,0.46
2014-12-02 12:00:00,38,0.18
2014-12-02 13:00:00,35,0.09
2014-12-02 14:00:00,34,0.07
2014-12-02 15:00:00,35,0.03
2014-12-02 16:00:00,40,0.01
2014-12-02 17:00:00,44,0.0
2014-12-02 18:00:00,47,0.0
2014-12-02 19:00:00,51,0.0
2014-12-02 20:00:00,48,0.0
2014-12-02 21:00:00,42,0.0
2014-12-02 22:00:00,41,0.0
2014-12-02 23:00:00,45,0.0
2014-12-03 00:00:00,43,0.0
2014-12-03 01:00:00,44,0.0
2014-12-03 02:00:00,34,0.0
2014-12-03 03:00:00,34,0.0
2014-12-03 04:00:00,33,0.0
2014-12-03 05:00:00,42,0.0
2014-12-03 06:00:00,44,0.01
2014-12-03 07:00:00,43,0.03
2014-12-03 08:00:00,48,0.05
2014-12-03 09:00:00,48,0.23
2014-12-03 10:00:00,49,0.44
2014-12-03 11:00:00,47,0.22
2014-12-03 12:00:00,42,0.29
2014-12-03 13:00:00,29,0.28
2014-12-03 14:00:00,25,0.23
2014-12-03 15:00:00,33,0.02
2014-12-03 16:00:00,36,0.01
2014-12-03 17:00:00,49,0.0
2014-12-03 18:00:00,52,0.0
2014-12-03 19:00:00,44,0.0
2014-12-03 20:00:00,50,0.0
2014-12-03 21:00:00,40,0.0
2014-12-03 22:00:00,50,0.0
2014-12-03 23:00:00,45,0.0
2014-12-04 00:00:00,43,0.0
2014-12-04 01:00:00,47,0.0
2014-12-04 02:00:00,45,0.0
2014-12-04 03:00:00,47,0.0
2014-12-04 04:00:00,51,0.0
2014-12-04 05:00:00,60,0.0
2014-12-04 06:00:00,54,0.01
2014-12-04 07:00:00,65,0.08
2014-12-04 08:00:00,63,0.28
2014-12-04 09:00:00,42,0.43
2014-12-04 10:00:00,69,0.53
2014-12-04 11:00:00,67,0.56
2014-12-04 12:00:00,58,0.54
2014-12-04 13:00:00,48,0.44
2014-12-04 14:00:00,55,0.32
2014-12-04 15:00:00,54,0.08
2014-12-04 16:00:00,74,0.01
2014-12-04 17:00:00,63,0.0
2014-12-04 18:00:00,61,0.0
2014-12-04 19:00:00,49,0.0
2014-12-04 20:00:00,42,0.0
2014-12-04 21:00:00,46,0.0
2014-12-04 22:00:00,51,0.0
2014-12-04 23:00:00,45,0.0
2014-12-05 00:00:00,52,0.0
2014-12-05 01:00:00,41,0.0
2014-12-05 02:00:00,37,0.0
2014-12-05 03:00:00,39,0.0
2014-12-05 04:00:00,38,0.0
2014-12-05 05:00:00,53,0.0
2014-12-05 06:00:00,74,0.01
2014-12-05 07:00:00,71,0.08
2014-12-05 08:00:00,66,0.27
2014-12-05 09:00:00,43,0.42
2014-12-05 10:00:00,57,0.52
2014-12-05 11:00:00,59,0.56
2014-12-05 12:00:00,43,0.52
2014-12-05 13:00:00,36,0.44
2014-12-05 14:00:00,38,0.31
2014-12-05 15:00:00,53,0.07
2014-12-05 16:00:00,47,0.01
2014-12-05 17:00:00,60,0.0
2014-12-05 18:00:00,56,0.0
2014-12-05 19:00:00,54,0.0
2014-12-05 20:00:00,48,0.0
2014-12-05 21:00:00,47,0.0
2014-12-05 22:00:00,41,0.0
2014-12-05 23:00:00,38,0.0
2014-12-06 00:00:00,42,0.0
2014-12-06 01:00:00,50,0.0
2014-12-06 02:00:00,53,0.0
2014-12-06 03:00:00,35,0.0
2014-12-06 04:00:00,54,0.0
2014-12-06 05:00:00,45,0.0
2014-12-06 06:00:00,60,0.01
2014-12-06 07:00:00,55,0.08
2014-12-06 08:00:00,62,0.27
2014-12-06 09:00:00,70,0.41
2014-12-06 10:00:00,88,0.52
2014-12-06 11:00:00,88,0.55
2014-12-06 12:00:00,57,0.53
2014-12-06 13:00:00,53,0.43
2014-12-06 14:00:00,46,0.3
2014-12-06 15:00:00,44,0.07
2014-12-06 16:00:00,49,0.01
2014-12-06 17:00:00,70,0.0
2014-12-06 18:00:00,61,0.0
2014-12-06 19:00:00,63,0.0
2014-12-06 20:00:00,63,0.0
2014-12-06 21:00:00,51,0.0
2014-12-06 22:00:00,51,0.0
2014-12-06 23:00:00,53,0.0
2014-12-07 00:00:00,55,0.0
2014-12-07 01:00:00,58,0.0
2014-12-07 02:00:00,58,0.0
2014-12-07 03:00:00,59,0.0
2014-12-07 04:00:00,64,0.0
2014-12-07 05:00:00,64,0.0
2014-12-07 06:00:00,70,0.01
2014-12-07 07:00:00,66,0.05
2014-12-07 08:00:00,74,0.23
2014-12-07 09:00:00,66,0.38
2014-12-07 10:00:00,60,0.47
2014-12-07 11:00:00,60,0.35
2014-12-07 12:00:00,50,0.31
2014-12-07 13:00:00,47,0.15
2014-12-07 14:00:00,48,0.07
2014-12-07 15:00:00,56,0.04
2014-12-07 16:00:00,45,0.01
2014-12-07 17:00:00,56,0.0
2014-12-07 18:00:00,62,0.0
2014-12-07 19:00:00,54,0.0
2014-12-07 20:00:00,55,0.0
2014-12-07 21:00:00,47,0.0
2014-12-07 22:00:00,48,0.0
2014-12-07 23:00:00,54,0.0
2014-12-08 00:00:00,61,0.0
2014-12-08 01:00:00,69,0.0
2014-12-08 02:00:00,67,0.0
2014-12-08 03:00:00,67,0.0
2014-12-08 04:00:00,62,0.0
2014-12-08 05:00:00,68,0.0
2014-12-08 06:00:00,86,0.0
2014-12-08 07:00:00,78,0.03
2014-12-08 08:00:00,64,0.09
2014-12-08 09:00:00,63,0.15
2014-12-08 10:00:00,86,0.36
2014-12-08 11:00:00,84,0.57
2014-12-08 12:00:00,82,0.53
2014-12-08 13:00:00,64,0.45
2014-12-08 14:00:00,56,0.32
2014-12-08 15:00:00,47,0.07
2014-12-08 16:00:00,45,0.01
2014-12-08 17:00:00,63,0.0
2014-12-08 18:00:00,62,0.0
2014-12-08 19:00:00,56,0.0
2014-12-08 20:00:00,54,0.0
2014-12-08 21:00:00,51,0.0
2014-12-08 22:00:00,41,0.0
2014-12-08 23:00:00,41,0.0
2014-12-09 00:00:00,44,0.0
2014-12-09 01:00:00,46,0.0
2014-12-09 02:00:00,46,0.0
2014-12-09 03:00:00,48,0.0
2014-12-09 04:00:00,49,0.0
2014-12-09 05:00:00,63,0.0
2014-12-09 06:00:00,67,0.0
2014-12-09 07:00:00,59,0.08
2014-12-09 08:00:00,47,0.28
2014-12-09 09:00:00,49,0.42
2014-12-09 10:00:00,65,0.5
2014-12-09 11:00:00,64,0.38
2014-12-09 12:00:00,63,0.37
2014-12-09 13:00:00,44,0.3
2014-12-09 14:00:00,49,0.19
2014-12-09 15:00:00,51,0.06
2014-12-09 16:00:00,41,0.01
2014-12-09 17:00:00,62,0.0
2014-12-09 18:00:00,72,0.0
2014-12-09 19:00:00,72,0.0
2014-12-09 20:00:00,62,0.0
2014-12-09 21:00:00,54,0.0
2014-12-09 22:00:00,56,0.0
2014-12-09 23:00:00,56,0.0
2014-12-10 00:00:00,60,0.0
2014-12-10 01:00:00,65,0.0
2014-12-10 02:00:00,63,0.0
2014-12-10 03:00:00,67,0.0
2014-12-10 04:00:00,68,0.0
2014-12-10 05:00:00,74,0.0
2014-12-10 06:00:00,78,0.0
2014-12-10 07:00:00,72,0.07
2014-12-10 08:00:00,66,0.27
2014-12-10 09:00:00,74,0.41
2014-12-10 10:00:00,74,0.48
2014-12-10 11:00:00,56,0.53
2014-12-10 12:00:00,41,0.51
2014-12-10 13:00:00,46,0.27
2014-12-10 14:00:00,44,0.13
2014-12-10 15:00:00,56,0.06
2014-12-10 16:00:00,56,0.01
2014-12-10 17:00:00,57,0.0
2014-12-10 18:00:00,69,0.0
2014-12-10 19:00:00,74,0.0
2014-12-10 20:00:00,77,0.0
2014-12-10 21:00:00,66,0.0
2014-12-10 22:00:00,66,0.0
2014-12-10 23:00:00,67,0.0
2014-12-11 00:00:00,65,0.0
2014-12-11 01:00:00,65,0.0
2014-12-11 02:00:00,67,0.0
2014-12-11 03:00:00,67,0.0
2014-12-11 04:00:00,64,0.0
2014-12-11 05:00:00,73,0.0
2014-12-11 06:00:00,81,0.0
2014-12-11 07:00:00,59,0.05
2014-12-11 08:00:00,60,0.26
2014-12-11 09:00:00,50,0.35
2014-12-11 10:00:00,59,0.48
2014-12-11 11:00:00,74,0.52
2014-12-11 12:00:00,61,0.39
2014-12-11 13:00:00,69,0.19
2014-12-11 14:00:00,77,0.11
2014-12-11 15:00:00,95,0.05
2014-12-11 16:00:00,62,0.01
2014-12-11 17:00:00,53,0.0
2014-12-11 18:00:00,57,0.0
2014-12-11 19:00:00,49,0.0
2014-12-11 20:00:00,46,0.0
2014-12-11 21:00:00,51,0.0
2014-12-11 22:00:00,48,0.0
2014-12-11 23:00:00,40,0.0
2014-12-12 00:00:00,38,0.0
2014-12-12 01:00:00,32,0.0
2014-12-12 02:00:00,31,0.0
2014-12-12 03:00:00,31,0.0
2014-12-12 04:00:00,38,0.0
2014-12-12 05:00:00,47,0.0
2014-12-12 06:00:00,65,0.0
2014-12-12 07:00:00,65,0.07
2014-12-12 08:00:00,69,0.26
2014-12-12 09:00:00,80,0.4
2014-12-12 10:00:00,71,0.51
2014-12-12 11:00:00,70,0.54
2014-12-12 12:00:00,64,0.5
2014-12-12 13:00:00,63,0.43
2014-12-12 14:00:00,65,0.27
2014-12-12 15:00:00,58,0.07
2014-12-12 16:00:00,68,0.01
2014-12-12 17:00:00,72,0.0
2014-12-12 18:00:00,63,0.0
2014-12-12 19:00:00,60,0.0
2014-12-12 20:00:00,59,0.0
2014-12-12 21:00:00,55,0.0
2014-12-12 22:00:00,57,0.0
2014-12-12 23:00:00,54,0.0
2014-12-13 00:00:00,59,0.0
2014-12-13 01:00:00,59,0.0
2014-12-13 02:00:00,64,0.0
2014-12-13 03:00:00,64,0.0
2014-12-13 04:00:00,61,0.0
2014-12-13 05:00:00,66,0.0
2014-12-13 06:00:00,77,0.0
2014-12-13 07:00:00,75,0.02
2014-12-13 08:00:00,79,0.08
2014-12-13 09:00:00,78,0.11
2014-12-13 10:00:00,89,0.12
2014-12-13 11:00:00,80,0.1
2014-12-13 12:00:00,81,0.06
2014-12-13 13:00:00,54,0.05
2014-12-13 14:00:00,58,0.03
2014-12-13 15:00:00,62,0.01
2014-12-13 16:00:00,59,0.01
2014-12-13 17:00:00,60,0.0
2014-12-13 18:00:00,65,0.0
2014-12-13 19:00:00,62,0.0
2014-12-13 20:00:00,60,0.0
2014-12-13 21:00:00,56,0.0
2014-12-13 22:00:00,36,0.0
2014-12-13 23:00:00,39,0.0
2014-12-14 00:00:00,54,0.0
2014-12-14 01:00:00,57,0.0
2014-12-14 02:00:00,53,0.0
2014-12-14 03:00:00,50,0.0
2014-12-14 04:00:00,51,0.0
2014-12-14 05:00:00,59,0.0
2014-12-14 06:00:00,76,0.0
2014-12-14 07:00:00,75,0.03
2014-12-14 08:00:00,71,0.08
2014-12-14 09:00:00,56,0.09
2014-12-14 10:00:00,54,0.36
2014-12-14 11:00:00,61,0.54
2014-12-14 12:00:00,50,0.52
2014-12-14 13:00:00,65,0.44
2014-12-14 14:00:00,61,0.28
2014-12-14 15:00:00,49,0.07
2014-12-14 16:00:00,46,0.01
2014-12-14 17:00:00,54,0.0
2014-12-14 18:00:00,66,0.0
2014-12-14 19:00:00,59,0.0
2014-12-14 20:00:00,54,0.0
2014-12-14 21:00:00,46,0.0
2014-12-14 22:00:00,41,0.0
2014-12-14 23:00:00,39,0.0
2014-12-15 00:00:00,41,0.0
2014-12-15 01:00:00,45,0.0
2014-12-15 02:00:00,46,0.0
2014-12-15 03:00:00,51,0.0
2014-12-15 04:00:00,54,0.0
2014-12-15 05:00:00,61,0.0
2014-12-15 06:00:00,73,0.0
2014-12-15 07:00:00,75,0.07
2014-12-15 08:00:00,82,0.25
2014-12-15 09:00:00,83,0.41
2014-12-15 10:00:00,93,0.52
2014-12-15 11:00:00,85,0.52
2014-12-15 12:00:00,63,0.53
2014-12-15 13:00:00,47,0.38
2014-12-15 14:00:00,55,0.28
2014-12-15 15:00:00,56,0.07
2014-12-15 16:00:00,46,0.01
2014-12-15 17:00:00,60,0.0
2014-12-15 18:00:00,65,0.0
2014-12-15 19:00:00,68,0.0
2014-12-15 20:00:00,66,0.0
2014-12-15 21:00:00,65,0.0
2014-12-15 22:00:00,63,0.0
2014-12-15 23:00:00,66,0.0
2014-12-16 00:00:00,66,0.0
2014-12-16 01:00:00,65,0.0
2014-12-16 02:00:00,62,0.0
2014-12-16 03:00:00,67,0.0
2014-12-16 04:00:00,65,0.0
2014-12-16 05:00:00,67,0.0
2014-12-16 06:00:00,77,0.0
2014-12-16 07:00:00,76,0.02
2014-12-16 08:00:00,78,0.07
2014-12-16 09:00:00,78,0.1
2014-12-16 10:00:00,84,0.12
2014-12-16 11:00:00,97,0.15
2014-12-16 12:00:00,109,0.11
2014-12-16 13:00:00,98,0.08
2014-12-16 14:00:00,96,0.05
2014-12-16 15:00:00,101,0.03
2014-12-16 16:00:00,106,0.01
2014-12-16 17:00:00,95,0.0
2014-12-16 18:00:00,93,0.0
2014-12-16 19:00:00,94,0.0
2014-12-16 20:00:00,81,0.0
2014-12-16 21:00:00,66,0.0
2014-12-16 22:00:00,59,0.0
2014-12-16 23:00:00,49,0.0
2014-12-17 00:00:00,53,0.0
2014-12-17 01:00:00,56,0.0
2014-12-17 02:00:00,48,0.0
2014-12-17 03:00:00,33,0.0
2014-12-17 04:00:00,25,0.0
2014-12-17 05:00:00,37,0.0
2014-12-17 06:00:00,63,0.0
2014-12-17 07:00:00,72,0.06
2014-12-17 08:00:00,76,0.25
2014-12-17 09:00:00,73,0.41
2014-12-17 10:00:00,71,0.5
2014-12-17 11:00:00,59,0.55
2014-12-17 12:00:00,75,0.53
2014-12-17 13:00:00,55,0.45
2014-12-17 14:00:00,56,0.29
2014-12-17 15:00:00,49,0.07
2014-12-17 16:00:00,49,0.01
2014-12-17 17:00:00,59,0.0
2014-12-17 18:00:00,74,0.0
2014-12-17 19:00:00,67,0.0
2014-12-17 20:00:00,72,0.0
2014-12-17 21:00:00,61,0.0
2014-12-17 22:00:00,61,0.0
2014-12-17 23:00:00,63,0.0
2014-12-18 00:00:00,66,0.0
2014-12-18 01:00:00,63,0.0
2014-12-18 02:00:00,63,0.0
2014-12-18 03:00:00,65,0.0
2014-12-18 04:00:00,67,0.0
2014-12-18 05:00:00,72,0.0
2014-12-18 06:00:00,74,0.0
2014-12-18 07:00:00,74,0.06
2014-12-18 08:00:00,74,0.25
2014-12-18 09:00:00,74,0.38
2014-12-18 10:00:00,71,0.51
2014-12-18 11:00:00,62,0.55
2014-12-18 12:00:00,57,0.54
2014-12-18 13:00:00,63,0.45
2014-12-18 14:00:00,55,0.29
2014-12-18 15:00:00,55,0.07
2014-12-18 16:00:00,65,0.01
2014-12-18 17:00:00,54,0.0
2014-12-18 18:00:00,58,0.0
2014-12-18 19:00:00,54,0.0
2014-12-18 20:00:00,48,0.0
2014-12-18 21:00:00,45,0.0
2014-12-18 22:00:00,53,0.0
2014-12-18 23:00:00,56,0.0
2014-12-19 00:00:00,62,0.0
2014-12-19 01:00:00,58,0.0
2014-12-19 02:00:00,60,0.0
2014-12-19 03:00:00,58,0.0
2014-12-19 04:00:00,63,0.0
2014-12-19 05:00:00,72,0.0
2014-12-19 06:00:00,82,0.0
2014-12-19 07:00:00,82,0.04
2014-12-19 08:00:00,79,0.12
2014-12-19 09:00:00,80,0.23
2014-12-19 10:00:00,96,0.47
2014-12-19 11:00:00,60,0.54
2014-12-19 12:00:00,53,0.51
2014-12-19 13:00:00,51,0.43
2014-12-19 14:00:00,39,0.29
2014-12-19 15:00:00,48,0.07
2014-12-19 16:00:00,54,0.01
2014-12-19 17:00:00,77,0.0
2014-12-19 18:00:00,83,0.0
2014-12-19 19:00:00,85,0.0
2014-12-19 20:00:00,78,0.0
2014-12-19 21:00:00,63,0.0
2014-12-19 22:00:00,56,0.0
2014-12-19 23:00:00,52,0.0
2014-12-20 00:00:00,58,0.0
2014-12-20 01:00:00,69,0.0
2014-12-20 02:00:00,71,0.0
2014-12-20 03:00:00,66,0.0
2014-12-20 04:00:00,63,0.0
2014-12-20 05:00:00,68,0.0
2014-12-20 06:00:00,85,0.0
2014-12-20 07:00:00,67,0.06
2014-12-20 08:00:00,60,0.24
2014-12-20 09:00:00,72,0.38
2014-12-20 10:00:00,90,0.29
2014-12-20 11:00:00,91,0.44
2014-12-20 12:00:00,92,0.49
2014-12-20 13:00:00,95,0.43
2014-12-20 14:00:00,66,0.28
2014-12-20 15:00:00,62,0.07
2014-12-20 16:00:00,77,0.01
2014-12-20 17:00:00,86,0.0
2014-12-20 18:00:00,70,0.0
2014-12-20 19:00:00,68,0.0
2014-12-20 20:00:00,66,0.0
2014-12-20 21:00:00,63,0.0
2014-12-20 22:00:00,57,0.0
2014-12-20 23:00:00,58,0.0
2014-12-21 00:00:00,58,0.0
2014-12-21 01:00:00,60,0.0
2014-12-21 02:00:00,60,0.0
2014-12-21 03:00:00,62,0.0
2014-12-21 04:00:00,67,0.0
2014-12-21 05:00:00,70,0.0
2014-12-21 06:00:00,67,0.0
2014-12-21 07:00:00,74,0.03
2014-12-21 08:00:00,74,0.17
2014-12-21 09:00:00,62,0.25
2014-12-21 10:00:00,47,0.31
2014-12-21 11:00:00,40,0.3
2014-12-21 12:00:00,37,0.22
2014-12-21 13:00:00,31,0.15
2014-12-21 14:00:00,42,0.07
2014-12-21 15:00:00,49,0.02
2014-12-21 16:00:00,39,0.01
2014-12-21 17:00:00,43,0.0
2014-12-21 18:00:00,42,0.0
2014-12-21 19:00:00,67,0.0
2014-12-21 20:00:00,54,0.0
2014-12-21 21:00:00,41,0.0
2014-12-21 22:00:00,36,0.0
2014-12-21 23:00:00,51,0.0
2014-12-22 00:00:00,44,0.0
2014-12-22 01:00:00,42,0.0
2014-12-22 02:00:00,40,0.0
2014-12-22 03:00:00,51,0.0
2014-12-22 04:00:00,55,0.0
2014-12-22 05:00:00,59,0.0
2014-12-22 06:00:00,57,0.0
2014-12-22 07:00:00,60,0.05
2014-12-22 08:00:00,73,0.15
2014-12-22 09:00:00,65,0.31
2014-12-22 10:00:00,83,0.5
2014-12-22 11:00:00,73,0.54
2014-12-22 12:00:00,59,0.53
2014-12-22 13:00:00,55,0.44
2014-12-22 14:00:00,42,0.3
2014-12-22 15:00:00,56,0.07
2014-12-22 16:00:00,59,0.01
2014-12-22 17:00:00,57,0.0
2014-12-22 18:00:00,55,0.0
2014-12-22 19:00:00,53,0.0
2014-12-22 20:00:00,44,0.0
2014-12-22 21:00:00,40,0.0
2014-12-22 22:00:00,42,0.0
2014-12-22 23:00:00,43,0.0
2014-12-23 00:00:00,59,0.0
2014-12-23 01:00:00,54,0.0
2014-12-23 02:00:00,54,0.0
2014-12-23 03:00:00,53,0.0
2014-12-23 04:00:00,50,0.0
2014-12-23 05:00:00,55,0.0
2014-12-23 06:00:00,61,0.0
2014-12-23 07:00:00,58,0.06
2014-12-23 08:00:00,62,0.24
2014-12-23 09:00:00,60,0.39
2014-12-23 10:00:00,51,0.5
2014-12-23 11:00:00,47,0.54
2014-12-23 12:00:00,53,0.52
2014-12-23 13:00:00,49,0.44
2014-12-23 14:00:00,38,0.29
2014-12-23 15:00:00,35,0.08
2014-12-23 16:00:00,41,0.01
2014-12-23 17:00:00,65,0.0
2014-12-23 18:00:00,62,0.0
2014-12-23 19:00:00,56,0.0
2014-12-23 20:00:00,57,0.0
2014-12-23 21:00:00,45,0.0
2014-12-23 22:00:00,30,0.0
2014-12-23 23:00:00,33,0.0
2014-12-24 00:00:00,31,0.0
2014-12-24 01:00:00,33,0.0
2014-12-24 02:00:00,32,0.0
2014-12-24 03:00:00,30,0.0
2014-12-24 04:00:00,25,0.0
2014-12-24 05:00:00,39,0.0
2014-12-24 06:00:00,42,0.0
2014-12-24 07:00:00,61,0.02
2014-12-24 08:00:00,83,0.06
2014-12-24 09:00:00,89,0.09
2014-12-24 10:00:00,99,0.18
2014-12-24 11:00:00,76,0.1
2014-12-24 12:00:00,101,0.24
2014-12-24 13:00:00,82,0.13
2014-12-24 14:00:00,69,0.23
2014-12-24 15:00:00,51,0.05
2014-12-24 16:00:00,60,0.01
2014-12-24 17:00:00,70,0.0
2014-12-24 18:00:00,75,0.0
2014-12-24 19:00:00,70,0.0
2014-12-24 20:00:00,66,0.0
2014-12-24 21:00:00,61,0.0
2014-12-24 22:00:00,63,0.0
2014-12-24 23:00:00,64,0.0
2014-12-25 00:00:00,65,0.0
2014-12-25 01:00:00,68,0.0
2014-12-25 02:00:00,72,0.0
2014-12-25 03:00:00,69,0.0
2014-12-25 04:00:00,70,0.0
2014-12-25 05:00:00,81,0.0
2014-12-25 06:00:00,85,0.0
2014-12-25 07:00:00,84,0.02
2014-12-25 08:00:00,65,0.08
2014-12-25 09:00:00,54,0.13
2014-12-25 10:00:00,73,0.29
2014-12-25 11:00:00,52,0.56
2014-12-25 12:00:00,58,0.5
2014-12-25 13:00:00,47,0.34
2014-12-25 14:00:00,50,0.12
2014-12-25 15:00:00,44,0.05
2014-12-25 16:00:00,37,0.03
2014-12-25 17:00:00,58,0.0
2014-12-25 18:00:00,64,0.0
2014-12-25 19:00:00,60,0.0
2014-12-25 20:00:00,62,0.0
2014-12-25 21:00:00,50,0.0
2014-12-25 22:00:00,51,0.0
2014-12-25 23:00:00,52,0.0
2014-12-26 00:00:00,46,0.0
2014-12-26 01:00:00,70,0.0
2014-12-26 02:00:00,68,0.0
2014-12-26 03:00:00,67,0.0
2014-12-26 04:00:00,68,0.0
2014-12-26 05:00:00,80,0.0
2014-12-26 06:00:00,85,0.0
2014-12-26 07:00:00,85,0.05
2014-12-26 08:00:00,83,0.25
2014-12-26 09:00:00,90,0.4
2014-12-26 10:00:00,91,0.53
2014-12-26 11:00:00,64,0.54
2014-12-26 12:00:00,74,0.31
2014-12-26 13:00:00,65,0.24
2014-12-26 14:00:00,59,0.12
2014-12-26 15:00:00,48,0.06
2014-12-26 16:00:00,56,0.01
2014-12-26 17:00:00,66,0.0
2014-12-26 18:00:00,62,0.0
2014-12-26 19:00:00,62,0.0
2014-12-26 20:00:00,52,0.0
2014-12-26 21:00:00,54,0.0
2014-12-26 22:00:00,42,0.0
2014-12-26 23:00:00,43,0.0
2014-12-27 00:00:00,60,0.0
2014-12-27 01:00:00,57,0.0
2014-12-27 02:00:00,57,0.0
2014-12-27 03:00:00,58,0.0
2014-12-27 04:00:00,58,0.0
2014-12-27 05:00:00,63,0.0
2014-12-27 06:00:00,69,0.0
2014-12-27 07:00:00,74,0.05
2014-12-27 08:00:00,89,0.24
2014-12-27 09:00:00,85,0.42
2014-12-27 10:00:00,81,0.53
2014-12-27 11:00:00,65,0.6
2014-12-27 12:00:00,64,0.58
2014-12-27 13:00:00,73,0.49
2014-12-27 14:00:00,54,0.35
2014-12-27 15:00:00,56,0.08
2014-12-27 16:00:00,54,0.03
2014-12-27 17:00:00,73,0.0
2014-12-27 18:00:00,75,0.0
2014-12-27 19:00:00,70,0.0
2014-12-27 20:00:00,67,0.0
2014-12-27 21:00:00,63,0.0
2014-12-27 22:00:00,69,0.0
2014-12-27 23:00:00,69,0.0
2014-12-28 00:00:00,76,0.0
2014-12-28 01:00:00,59,0.0
2014-12-28 02:00:00,78,0.0
2014-12-28 03:00:00,74,0.0
2014-12-28 04:00:00,74,0.0
2014-12-28 05:00:00,78,0.0
2014-12-28 06:00:00,90,0.0
2014-12-28 07:00:00,91,0.05
2014-12-28 08:00:00,84,0.23
2014-12-28 09:00:00,61,0.39
2014-12-28 10:00:00,54,0.5
2014-12-28 11:00:00,48,0.58
2014-12-28 12:00:00,38,0.54
2014-12-28 13:00:00,41,0.45
2014-12-28 14:00:00,45,0.32
2014-12-28 15:00:00,56,0.09
2014-12-28 16:00:00,46,0.01
2014-12-28 17:00:00,67,0.0
2014-12-28 18:00:00,73,0.0
2014-12-28 19:00:00,67,0.0
2014-12-28 20:00:00,67,0.0
2014-12-28 21:00:00,64,0.0
2014-12-28 22:00:00,58,0.0
2014-12-28 23:00:00,59,0.0
2014-12-29 00:00:00,46,0.0
2014-12-29 01:00:00,39,0.0
2014-12-29 02:00:00,39,0.0
2014-12-29 03:00:00,52,0.0
2014-12-29 04:00:00,57,0.0
2014-12-29 05:00:00,61,0.0
2014-12-29 06:00:00,73,0.0
2014-12-29 07:00:00,61,0.05
2014-12-29 08:00:00,67,0.24
2014-12-29 09:00:00,79,0.39
2014-12-29 10:00:00,99,0.48
2014-12-29 11:00:00,101,0.44
2014-12-29 12:00:00,88,0.5
2014-12-29 13:00:00,77,0.47
2014-12-29 14:00:00,67,0.29
2014-12-29 15:00:00,69,0.07
2014-12-29 16:00:00,54,0.03
2014-12-29 17:00:00,65,0.0
2014-12-29 18:00:00,64,0.0
2014-12-29 19:00:00,64,0.0
2014-12-29 20:00:00,64,0.0
2014-12-29 21:00:00,53,0.0
2014-12-29 22:00:00,34,0.0
2014-12-29 23:00:00,44,0.0
2014-12-30 00:00:00,53,0.0
2014-12-30 01:00:00,55,0.0
2014-12-30 02:00:00,55,0.0
2014-12-30 03:00:00,57,0.0
2014-12-30 04:00:00,58,0.0
2014-12-30 05:00:00,65,0.0
2014-12-30 06:00:00,79,0.0
2014-12-30 07:00:00,78,0.02
2014-12-30 08:00:00,91,0.08
2014-12-30 09:00:00,85,0.13
2014-12-30 10:00:00,89,0.13
2014-12-30 11:00:00,88,0.17
2014-12-30 12:00:00,79,0.09
2014-12-30 13:00:00,60,0.11
2014-12-30 14:00:00,49,0.14
2014-12-30 15:00:00,44,0.06
2014-12-30 16:00:00,46,0.01
2014-12-30 17:00:00,63,0.0
2014-12-30 18:00:00,69,0.0
2014-12-30 19:00:00,71,0.0
2014-12-30 20:00:00,78,0.0
2014-12-30 21:00:00,69,0.0
2014-12-30 22:00:00,68,0.0
2014-12-30 23:00:00,66,0.0
2014-12-31 00:00:00,70,0.0
2014-12-31 01:00:00,74,0.0
2014-12-31 02:00:00,72,0.0
2014-12-31 03:00:00,70,0.0
2014-12-31 04:00:00,69,0.0
2014-12-31 05:00:00,75,0.0
2014-12-31 06:00:00,83,0.0
2014-12-31 07:00:00,77,0.05
2014-12-31 08:00:00,77,0.25
2014-12-31 09:00:00,70,0.42
2014-12-31 10:00:00,56,0.54
2014-12-31 11:00:00,35,0.61
2014-12-31 12:00:00,38,0.6
2014-12-31 13:00:00,33,0.51
2014-12-31 14:00:00,39,0.38
2014-12-31 15:00:00,50,0.1
2014-12-31 16:00:00,48,0.03
2014-12-31 17:00:00,66,0.0
2014-12-31 18:00:00,65,0.0
2014-12-31 19:00:00,54,0.0
2014-12-31 20:00:00,49,0.0
2014-12-31 21:00:00,38,0.0
2014-12-31 22:00:00,37,0.0
2014-12-31 23:00:00,38,0.0
2015-01-01 00:00:00,54,0.0
